segment;change_rate
1;1.0
2;0.8333333333333334
3;0.75
4;1.0
5;1.0
6;1.0
7;1.0
8;1.0
9;1.0
10;1.0
11;0.625
12;0.8888888888888888
13;1.0
14;0.7142857142857143
15;0.7777777777777778
16;1.0
