segment;change_rate
1;0.6666666666666666
2;0.6666666666666666
3;1.0
4;0.8333333333333334
5;0.4
6;1.0
7;0.75
