segment;change_rate
1;0.3333333333333333
2;0.25
3;0.5
4;0.5
5;0.5
6;0.6666666666666666
7;0.6666666666666666
8;0.0
9;0.3333333333333333
10;0.5
11;0.4
12;0.3333333333333333
13;0.16666666666666666
