segment;change_rate
1;0.6666666666666666
2;0.6
3;0.3333333333333333
4;0.75
5;0.5
6;1.0
7;1.0
8;0.6666666666666666
9;0.6666666666666666
10;0.5
11;0.3333333333333333
12;0.5
13;0.5
14;0.5
15;0.5
16;0.5
17;0.5
18;0.3333333333333333
19;0.6666666666666666
20;0.5
21;0.5
22;1.0
23;0.3333333333333333
24;0.75
25;0.0
26;0.5
27;0.25
28;0.25
29;0.6666666666666666
30;0.6
31;0.75
32;0.8
