segment;change_rate
1;0.7916666666666666
2;0.7391304347826086
