rank_name,degree_rank,closeness_rank,betweenness_rank,strength_rank,eigenvector_centrality_rank,frequency_rank,speech_acts_rank,words_rank
degree_rank,,1.0,0.8518057169879558,0.9996983863602031,0.8939595470199523,0.8507429521112403,0.5803932705014572,0.44986446251964696
closeness_rank,1.0,,0.8518057169879558,0.9996983863602031,0.8939595470199523,0.8507429521112403,0.5803932705014572,0.44986446251964696
betweenness_rank,0.8518057169879558,0.8518057169879558,,0.8513544291684235,0.7611320174508371,0.9987523388778448,0.685561167001545,0.6905211877904167
strength_rank,0.9996983863602031,0.9996983863602031,0.8513544291684235,,0.8947692522752448,0.8509996252056643,0.5841411063220835,0.45298148380728265
eigenvector_centrality_rank,0.8939595470199523,0.8939595470199523,0.7611320174508371,0.8947692522752448,,0.7614482983317858,0.5250690766193709,0.4272821368160997
frequency_rank,0.8507429521112403,0.8507429521112403,0.9987523388778448,0.8509996252056643,0.7614482983317858,,0.6872572380705174,0.6915898761271909
speech_acts_rank,0.5803932705014572,0.5803932705014572,0.685561167001545,0.5841411063220835,0.5250690766193709,0.6872572380705174,,0.8783122240903044
words_rank,0.44986446251964696,0.44986446251964696,0.6905211877904167,0.45298148380728265,0.4272821368160997,0.6915898761271909,0.8783122240903044,
