segment;change_rate
1;0.5
2;0.3333333333333333
3;0.16666666666666666
4;0.16666666666666666
