rank_name,degree_rank,closeness_rank,betweenness_rank,strength_rank,eigenvector_centrality_rank,frequency_rank,speech_acts_rank,words_rank
degree_rank,,0.9863275359666471,0.4811405619905221,0.8326350434544268,0.6355971000948678,0.3198114703068517,0.40309372432771273,0.3422307276007555
closeness_rank,0.9863275359666471,,0.5295377852626685,0.8127413364990869,0.6343863899210895,0.3460159211062196,0.42490933380019863,0.3775791303003361
betweenness_rank,0.4811405619905221,0.5295377852626685,,0.6197734957679311,0.6440162194936009,0.8578667845177261,0.7036358420114197,0.714779130743332
strength_rank,0.8326350434544268,0.8127413364990869,0.6197734957679311,,0.9278570248550609,0.6805725453799357,0.6766055761234782,0.6126978263555433
eigenvector_centrality_rank,0.6355971000948678,0.6343863899210895,0.6440162194936009,0.9278570248550609,,0.8282583372681693,0.7182792014310376,0.6689517552263115
frequency_rank,0.3198114703068517,0.3460159211062196,0.8578667845177261,0.6805725453799357,0.8282583372681693,,0.7846662244143654,0.7775857130224616
speech_acts_rank,0.40309372432771273,0.42490933380019863,0.7036358420114197,0.6766055761234782,0.7182792014310376,0.7846662244143654,,0.9722458617028831
words_rank,0.3422307276007555,0.3775791303003361,0.714779130743332,0.6126978263555433,0.6689517552263115,0.7775857130224616,0.9722458617028831,
