rank_name,degree_rank,closeness_rank,betweenness_rank,strength_rank,eigenvector_centrality_rank,frequency_rank,speech_acts_rank,words_rank
degree_rank,,,,,,,,
closeness_rank,,,,,,,,
betweenness_rank,,,,,,,,
strength_rank,,,,,0.9781564923143894,1.0,0.9094529355684999,0.9066928292470475
eigenvector_centrality_rank,,,,0.9781564923143894,,0.9781564923143894,0.8497092422981248,0.856305150653836
frequency_rank,,,,1.0,0.9781564923143894,,0.9094529355684999,0.9066928292470475
speech_acts_rank,,,,0.9094529355684999,0.8497092422981248,0.9094529355684999,,0.8814630383360936
words_rank,,,,0.9066928292470475,0.856305150653836,0.9066928292470475,0.8814630383360936,
