segment;change_rate
1;0.8
2;0.7142857142857143
3;0.2857142857142857
4;0.3
