rank_name,degree_rank,closeness_rank,betweenness_rank,strength_rank,eigenvector_centrality_rank,frequency_rank,speech_acts_rank,words_rank
degree_rank,,1.0,0.9486893483845289,0.6930225659068141,0.4663950855201405,0.630726484312137,0.5356844021823667,0.6868220554707982
closeness_rank,1.0,,0.9486893483845289,0.6930225659068141,0.4663950855201405,0.630726484312137,0.5356844021823667,0.6868220554707982
betweenness_rank,0.9486893483845289,0.9486893483845289,,0.8142672861678276,0.6602607947682401,0.7779880608229193,0.5969826930841284,0.671603599713073
strength_rank,0.6930225659068141,0.6930225659068141,0.8142672861678276,,0.9337574178158543,0.9709459043111626,0.7529390244234542,0.6674257279299958
eigenvector_centrality_rank,0.4663950855201405,0.4663950855201405,0.6602607947682401,0.9337574178158543,,0.9704314958489306,0.6761347915601764,0.526966067295827
frequency_rank,0.630726484312137,0.630726484312137,0.7779880608229193,0.9709459043111626,0.9704314958489306,,0.6945791618214421,0.6065905299348185
speech_acts_rank,0.5356844021823667,0.5356844021823667,0.5969826930841284,0.7529390244234542,0.6761347915601764,0.6945791618214421,,0.9173558614059545
words_rank,0.6868220554707982,0.6868220554707982,0.671603599713073,0.6674257279299958,0.526966067295827,0.6065905299348185,0.9173558614059545,
