segment;change_rate
1;0.9444444444444444
2;0.2222222222222222
3;0.8
4;0.5555555555555556
