segment;change_rate
1;1.0
2;0.9090909090909091
3;0.7
4;0.7272727272727273
5;0.46153846153846156
6;0.9
7;0.6666666666666666
8;0.9090909090909091
9;0.6
10;0.5
11;0.3333333333333333
12;0.8333333333333334
13;0.5
14;0.6666666666666666
15;0.75
16;0.5
17;0.25
18;0.5
19;0.3333333333333333
20;0.75
21;0.8
22;0.75
23;0.5
24;0.5
25;1.0
26;0.375
27;0.2857142857142857
28;0.16666666666666666
29;0.8571428571428571
30;1.0
