rank_name,degree_rank,closeness_rank,betweenness_rank,strength_rank,eigenvector_centrality_rank,frequency_rank,speech_acts_rank,words_rank
degree_rank,,0.789575549816569,0.7781537100023627,0.954757988306089,0.6569420275472404,0.6794984517395402,0.5251532262499709,0.4053552728688121
closeness_rank,0.789575549816569,,0.6495815318373931,0.8054663344962271,0.6776621967518457,0.7393105670028968,0.6743032060098494,0.565933412372369
betweenness_rank,0.7781537100023627,0.6495815318373931,,0.7659839913723466,0.6271045109889999,0.824886466865585,0.658040225737676,0.6872577286243375
strength_rank,0.954757988306089,0.8054663344962271,0.7659839913723466,,0.7306571624862404,0.7830735242013181,0.6184821746693986,0.48057389774003234
eigenvector_centrality_rank,0.6569420275472404,0.6776621967518457,0.6271045109889999,0.7306571624862404,,0.8389752115032583,0.6138183516764562,0.5400200999221857
frequency_rank,0.6794984517395402,0.7393105670028968,0.824886466865585,0.7830735242013181,0.8389752115032583,,0.7837135345884857,0.7691423156876287
speech_acts_rank,0.5251532262499709,0.6743032060098494,0.658040225737676,0.6184821746693986,0.6138183516764562,0.7837135345884857,,0.9321639117104739
words_rank,0.4053552728688121,0.565933412372369,0.6872577286243375,0.48057389774003234,0.5400200999221857,0.7691423156876287,0.9321639117104739,
