rank_name,degree_rank,closeness_rank,betweenness_rank,strength_rank,eigenvector_centrality_rank,frequency_rank,speech_acts_rank,words_rank
degree_rank,,1.0,0.9141309310574838,0.7526163666887502,0.7282938747588792,0.8356446647738938,0.6865464713023144,0.6865464713023144
closeness_rank,1.0,,0.9141309310574838,0.7526163666887502,0.7282938747588792,0.8356446647738938,0.6865464713023144,0.6865464713023144
betweenness_rank,0.9141309310574838,0.9141309310574838,,0.656264410549998,0.6144711833024245,0.7363081952919622,0.5226196639347903,0.582921932850343
strength_rank,0.7526163666887502,0.7526163666887502,0.656264410549998,,0.9885609406820867,0.7639312438649251,0.5433846603228955,0.5068545991247176
eigenvector_centrality_rank,0.7282938747588792,0.7282938747588792,0.6144711833024245,0.9885609406820867,,0.7273138987028757,0.5421426366180642,0.49658443186024365
frequency_rank,0.8356446647738938,0.8356446647738938,0.7363081952919622,0.7639312438649251,0.7273138987028757,,0.8797373170643458,0.8797373170643458
speech_acts_rank,0.6865464713023144,0.6865464713023144,0.5226196639347903,0.5433846603228955,0.5421426366180642,0.8797373170643458,,0.9727272727272728
words_rank,0.6865464713023144,0.6865464713023144,0.582921932850343,0.5068545991247176,0.49658443186024365,0.8797373170643458,0.9727272727272728,
