segment;change_rate
1;1.0
2;0.75
3;0.7777777777777778
4;0.6
5;0.6666666666666666
6;0.875
7;0.8571428571428571
8;0.875
9;1.0
