segment;change_rate
1;0.4
2;1.0
3;0.3333333333333333
4;0.0
5;1.0
6;0.75
7;0.75
8;0.8571428571428571
9;0.3333333333333333
10;0.75
11;0.5
12;1.0
13;0.6666666666666666
14;0.5
15;1.0
16;0.6666666666666666
17;0.5
18;0.5
19;0.8
20;0.75
21;1.0
22;0.8
23;0.3333333333333333
24;0.625
25;0.8571428571428571
26;0.0
27;0.6666666666666666
28;0.6666666666666666
29;0.6666666666666666
30;0.3333333333333333
31;0.6
32;0.8
33;0.6
34;1.0
35;0.5714285714285714
