rank_name,degree_rank,closeness_rank,betweenness_rank,strength_rank,eigenvector_centrality_rank,frequency_rank,speech_acts_rank,words_rank
degree_rank,,0.8786898320390478,0.8668425452389618,0.8060792492435043,0.8694676696542013,0.6956482704893223,0.5816670428381796,0.632246738811508
closeness_rank,0.8786898320390478,,0.8927905433505448,0.9408650604479669,0.7829404382891845,0.906333899236124,0.7718990954162083,0.8148710056266063
betweenness_rank,0.8668425452389618,0.8927905433505448,,0.7970103733127918,0.8464380999378885,0.8341865691363064,0.752174146341585,0.8297487342516024
strength_rank,0.8060792492435043,0.9408650604479669,0.7970103733127918,,0.773961482432033,0.9447424425447497,0.8265244125081235,0.8147692867819882
eigenvector_centrality_rank,0.8694676696542013,0.7829404382891845,0.8464380999378885,0.773961482432033,,0.7677158614314724,0.7316484964793041,0.797139030751601
frequency_rank,0.6956482704893223,0.906333899236124,0.8341865691363064,0.9447424425447497,0.7677158614314724,,0.9269277782139642,0.9287922192411557
speech_acts_rank,0.5816670428381796,0.7718990954162083,0.752174146341585,0.8265244125081235,0.7316484964793041,0.9269277782139642,,0.8891330086977244
words_rank,0.632246738811508,0.8148710056266063,0.8297487342516024,0.8147692867819882,0.797139030751601,0.9287922192411557,0.8891330086977244,
