segment;change_rate
1;1.0
2;0.3333333333333333
3;0.3333333333333333
4;0.3333333333333333
5;0.3333333333333333
6;0.6666666666666666
7;0.6666666666666666
8;1.0
9;0.6666666666666666
10;1.0
11;0.75
12;0.3333333333333333
13;0.5
14;0.5
15;0.3333333333333333
16;0.75
17;0.6666666666666666
18;0.6666666666666666
19;1.0
20;1.0
21;0.5
22;0.5
23;0.75
24;0.75
25;0.6666666666666666
26;1.0
27;0.3333333333333333
28;0.75
29;0.5
30;0.5
31;0.6666666666666666
32;0.6
