rank_name,degree_rank,closeness_rank,betweenness_rank,strength_rank,eigenvector_centrality_rank,frequency_rank,speech_acts_rank,words_rank
degree_rank,,1.0,0.9099751901388502,0.9925344592648562,0.9702590579080534,0.9026807411896942,0.6878302906761194,0.6173678967068067
closeness_rank,1.0,,0.9099751901388502,0.9925344592648562,0.9702590579080534,0.9026807411896942,0.6878302906761194,0.6173678967068067
betweenness_rank,0.9099751901388502,0.9099751901388502,,0.9036246062859357,0.8852012221238164,0.9781138532952474,0.7568169019745671,0.6702801656713244
strength_rank,0.9925344592648562,0.9925344592648562,0.9036246062859357,,0.983532436131329,0.9175070333609157,0.7091055478916644,0.6459872372295243
eigenvector_centrality_rank,0.9702590579080534,0.9702590579080534,0.8852012221238164,0.983532436131329,,0.914014682710136,0.7331079151352267,0.6706845180812581
frequency_rank,0.9026807411896942,0.9026807411896942,0.9781138532952474,0.9175070333609157,0.914014682710136,,0.8076668277259818,0.7342345282413687
speech_acts_rank,0.6878302906761194,0.6878302906761194,0.7568169019745671,0.7091055478916644,0.7331079151352267,0.8076668277259818,,0.9270113079203254
words_rank,0.6173678967068067,0.6173678967068067,0.6702801656713244,0.6459872372295243,0.6706845180812581,0.7342345282413687,0.9270113079203254,
