segment;change_rate
1;0.7692307692307693
2;0.84375
3;0.6666666666666666
4;0.9230769230769231
