segment;change_rate
1;1.0
2;0.875
3;1.0
4;1.0
5;1.0
6;1.0
7;1.0
8;1.0
9;1.0
10;0.6
11;0.5
12;1.0
13;1.0
14;1.0
15;1.0
16;1.0
17;1.0
18;1.0
19;1.0
20;1.0
21;0.6
22;1.0
23;1.0
24;1.0
25;1.0
26;0.75
27;0.875
28;1.0
29;1.0
30;1.0
31;0.5
32;0.8
33;0.4
34;0.6
35;1.0
36;1.0
37;0.75
38;0.875
39;1.0
40;1.0
41;1.0
42;0.8181818181818182
43;1.0
44;1.0
45;1.0
46;0.9444444444444444
47;0.7692307692307693
48;1.0
49;0.8333333333333334
50;1.0
51;1.0
52;0.5
