segment;change_rate
1;0.6666666666666666
2;0.6666666666666666
3;0.6666666666666666
4;1.0
5;0.5
6;0.6666666666666666
7;0.6666666666666666
8;0.3333333333333333
9;0.75
10;0.6666666666666666
11;0.6666666666666666
12;0.75
13;0.25
14;0.8
15;0.6666666666666666
16;0.3333333333333333
17;0.3333333333333333
18;0.3333333333333333
19;0.3333333333333333
20;1.0
21;0.5
22;0.6666666666666666
23;0.5
24;0.25
