name,betweenness,degree,closeness,closeness_corrected,strength,eigenvector_centrality,avg_distance,avg_distance_corrected,frequency,speech_acts,words,lines,chars,degree_rank,closeness_rank,betweenness_rank,strength_rank,eigenvector_centrality_rank,frequency_rank,speech_acts_rank,words_rank,centrality_rank_avg,centrality_rank_std,centrality_rank_avg_rank,centrality_rank_std_rank,avg_graph_rank,avg_content_rank,overall_avg,overall_avg_rank
ADONIA,0.0,4,0.75,0.75,7,0.32829980286982136,1.3333333333333333,1.3333333333333333,2,14,562,74,3084,7.0,7.0,5.0,5.0,5.0,4.0,4.0,3.0,5.0,0.1767766952966369,5.0,6.0,7.0,4.0,5.5,5.0
TOTILA,0.0,5,0.8571428571428571,0.8571428571428571,5,0.20366665157325203,1.1666666666666667,1.1666666666666667,1,4,31,4,170,5.0,5.0,5.0,6.0,6.0,6.0,6.0,6.0,5.625,0.06469364618834571,6.0,3.0,5.0,6.0,5.5,5.0
ESLA,0.03333333333333333,6,1.0,1.0,12,0.4744311767458349,1.0,1.0,3,17,307,39,1654,1.0,1.0,1.0,1.0,1.0,1.0,3.0,4.0,1.625,0.1484668673956776,3.0,5.0,1.0,3.0,2.0,3.0
DIE SOLDATEN,0.0,5,0.8571428571428571,0.8571428571428571,5,0.20366665157325203,1.1666666666666667,1.1666666666666667,1,1,7,1,41,5.0,5.0,5.0,6.0,6.0,6.0,7.0,7.0,5.875,0.10431537004953502,7.0,4.0,5.0,7.0,6.0,7.0
KÖNIG,0.03333333333333333,6,1.0,1.0,12,0.4744311767458349,1.0,1.0,3,35,1387,182,7495,1.0,1.0,1.0,1.0,1.0,1.0,2.0,1.0,1.125,0.04419417382415922,1.0,1.0,1.0,1.0,1.0,1.0
KÖNIGIN,0.03333333333333333,6,1.0,1.0,9,0.3660658480440408,1.0,1.0,2,7,287,38,1569,1.0,1.0,1.0,4.0,4.0,4.0,5.0,5.0,3.125,0.22596519169363863,4.0,7.0,4.0,5.0,4.5,4.0
NIKATOR,0.03333333333333333,6,1.0,1.0,12,0.4744311767458349,1.0,1.0,3,38,1319,171,7139,1.0,1.0,1.0,1.0,1.0,1.0,1.0,2.0,1.125,0.04419417382415922,1.0,1.0,1.0,1.0,1.0,1.0
