segment;change_rate
1;0.6666666666666666
2;0.3333333333333333
3;0.42857142857142855
4;0.5
