name,betweenness,degree,closeness,closeness_corrected,strength,eigenvector_centrality,avg_distance,avg_distance_corrected,frequency,speech_acts,words,lines,chars,degree_rank,closeness_rank,betweenness_rank,strength_rank,eigenvector_centrality_rank,frequency_rank,speech_acts_rank,words_rank,centrality_rank_avg,centrality_rank_std,centrality_rank_avg_rank,centrality_rank_std_rank,avg_graph_rank,avg_content_rank,overall_avg,overall_avg_rank
DER PROLOG,0.0,0,0.0,0.0,0,0.0,inf,inf,1,1,407,55,2183,9.0,9.0,1.0,9.0,9.0,1.0,9.0,2.0,6.125,0.49748250148695106,9.0,9.0,9.0,5.0,7.0,9.0
GIANINO,0.0,7,0.875,1.0,7,0.3535533905932738,1.1428571428571428,1.0,1,11,691,96,3790,1.0,1.0,1.0,1.0,1.0,1.0,2.0,1.0,1.125,0.04419417382415922,1.0,1.0,1.0,1.0,1.0,1.0
DESIDERIO,0.0,7,0.875,1.0,7,0.3535533905932738,1.1428571428571428,1.0,1,4,193,25,1033,1.0,1.0,1.0,1.0,1.0,1.0,6.0,5.0,2.125,0.2625212576426635,5.0,5.0,1.0,5.0,3.0,5.0
TIZIANELLO,0.0,7,0.875,1.0,7,0.3535533905932738,1.1428571428571428,1.0,1,14,370,52,1924,1.0,1.0,1.0,1.0,1.0,1.0,1.0,3.0,1.25,0.08838834764831845,2.0,2.0,1.0,2.0,1.5,2.0
PAGE,0.0,7,0.875,1.0,7,0.3535533905932738,1.1428571428571428,1.0,1,2,62,9,339,1.0,1.0,1.0,1.0,1.0,1.0,8.0,9.0,2.875,0.4352621336620037,8.0,8.0,1.0,9.0,5.0,8.0
BATISTA,0.0,7,0.875,1.0,7,0.3535533905932738,1.1428571428571428,1.0,1,6,160,24,969,1.0,1.0,1.0,1.0,1.0,1.0,5.0,7.0,2.25,0.2969337347913552,6.0,6.0,1.0,7.0,4.0,6.0
PARIS,0.0,7,0.875,1.0,7,0.3535533905932738,1.1428571428571428,1.0,1,9,187,26,1007,1.0,1.0,1.0,1.0,1.0,1.0,3.0,6.0,1.875,0.22596519169363863,4.0,4.0,1.0,4.0,2.5,4.0
ANTONIO,0.0,7,0.875,1.0,7,0.3535533905932738,1.1428571428571428,1.0,1,9,201,28,1102,1.0,1.0,1.0,1.0,1.0,1.0,3.0,4.0,1.625,0.1484668673956776,3.0,3.0,1.0,3.0,2.0,3.0
LAVINIA,0.0,7,0.875,1.0,7,0.3535533905932738,1.1428571428571428,1.0,1,3,84,11,424,1.0,1.0,1.0,1.0,1.0,1.0,7.0,8.0,2.625,0.3775951866748304,7.0,7.0,1.0,8.0,4.5,7.0
