rank_name,degree_rank,closeness_rank,betweenness_rank,strength_rank,eigenvector_centrality_rank,frequency_rank,speech_acts_rank,words_rank
degree_rank,,0.9625314525401292,0.8772967653025723,0.9731064304790306,0.9378288764436207,0.8443871300651836,0.7173139225475471,0.6951904994121919
closeness_rank,0.9625314525401292,,0.8679702467492947,0.93585601962128,0.9561468033412438,0.8381373954685853,0.767997899417654,0.7357026595609886
betweenness_rank,0.8772967653025723,0.8679702467492947,,0.8618811289832834,0.8306048370818292,0.9208742569127492,0.8678368924457056,0.8579028573288475
strength_rank,0.9731064304790306,0.93585601962128,0.8618811289832834,,0.9577043579391668,0.8737299963119829,0.7180052054419319,0.7026113063852824
eigenvector_centrality_rank,0.9378288764436207,0.9561468033412438,0.8306048370818292,0.9577043579391668,,0.8480611798797687,0.696857152410802,0.6677828703400346
frequency_rank,0.8443871300651836,0.8381373954685853,0.9208742569127492,0.8737299963119829,0.8480611798797687,,0.8792374928704303,0.8878555875890602
speech_acts_rank,0.7173139225475471,0.767997899417654,0.8678368924457056,0.7180052054419319,0.696857152410802,0.8792374928704303,,0.9750757262466919
words_rank,0.6951904994121919,0.7357026595609886,0.8579028573288475,0.7026113063852824,0.6677828703400346,0.8878555875890602,0.9750757262466919,
