rank_name,degree_rank,closeness_rank,betweenness_rank,strength_rank,eigenvector_centrality_rank,frequency_rank,speech_acts_rank,words_rank
degree_rank,,0.9648654766669853,0.9046754570646871,0.9472216406986504,0.8511431487877235,0.8632461963570195,0.7044629178850423,0.7306381777334657
closeness_rank,0.9648654766669853,,0.8637570357160179,0.9112664843969256,0.8671933730399131,0.8231848362847055,0.6717156260962072,0.7222077740557685
betweenness_rank,0.9046754570646871,0.8637570357160179,,0.896636024290314,0.8104934448958065,0.91757983693413,0.8203587489476749,0.8118122332907606
strength_rank,0.9472216406986504,0.9112664843969256,0.896636024290314,,0.929363623689403,0.9258861246485881,0.7301801431961296,0.7473804973919383
eigenvector_centrality_rank,0.8511431487877235,0.8671933730399131,0.8104934448958065,0.929363623689403,,0.8735343800648214,0.6478933422167935,0.6969393476664988
frequency_rank,0.8632461963570195,0.8231848362847055,0.91757983693413,0.9258861246485881,0.8735343800648214,,0.8429735593957589,0.843933787743683
speech_acts_rank,0.7044629178850423,0.6717156260962072,0.8203587489476749,0.7301801431961296,0.6478933422167935,0.8429735593957589,,0.9203767733488529
words_rank,0.7306381777334657,0.7222077740557685,0.8118122332907606,0.7473804973919383,0.6969393476664988,0.843933787743683,0.9203767733488529,
