segment;change_rate
1;0.6111111111111112
2;0.7916666666666666
