rank_name,degree_rank,closeness_rank,betweenness_rank,strength_rank,eigenvector_centrality_rank,frequency_rank,speech_acts_rank,words_rank
degree_rank,,1.0,0.7367591628462191,0.979515019869102,0.979515019869102,0.7325896743930082,0.40763569112969517,0.3514684609264058
closeness_rank,1.0,,0.7367591628462191,0.979515019869102,0.979515019869102,0.7325896743930082,0.40763569112969517,0.3514684609264058
betweenness_rank,0.7367591628462191,0.7367591628462191,,0.8077287777598577,0.8077287777598577,0.9994449069791543,0.7562103266148431,0.720696084106816
strength_rank,0.979515019869102,0.979515019869102,0.8077287777598577,,1.0,0.8072804131525871,0.46747350826302786,0.4040809652512092
eigenvector_centrality_rank,0.979515019869102,0.979515019869102,0.8077287777598577,1.0,,0.8072804131525871,0.46747350826302786,0.4040809652512092
frequency_rank,0.7325896743930082,0.7325896743930082,0.9994449069791543,0.8072804131525871,0.8072804131525871,,0.7536561510156203,0.7179374349496438
speech_acts_rank,0.40763569112969517,0.40763569112969517,0.7562103266148431,0.46747350826302786,0.46747350826302786,0.7536561510156203,,0.9499953930714373
words_rank,0.3514684609264058,0.3514684609264058,0.720696084106816,0.4040809652512092,0.4040809652512092,0.7179374349496438,0.9499953930714373,
