segment;change_rate
1;0.7777777777777778
2;0.8571428571428571
3;1.0
4;0.8888888888888888
5;0.7777777777777778
