rank_name,degree_rank,closeness_rank,betweenness_rank,strength_rank,eigenvector_centrality_rank,frequency_rank,speech_acts_rank,words_rank
degree_rank,,0.9947623179894115,0.9346748939515768,0.896318021350017,0.7655346758685947,0.719805053952378,0.6784594482094244,0.651604977276585
closeness_rank,0.9947623179894115,,0.9406254394255807,0.8974594949624886,0.7753844605684461,0.7318173828788863,0.6970287280120594,0.6610857107565823
betweenness_rank,0.9346748939515768,0.9406254394255807,,0.8944496612496159,0.8192338607784634,0.8178740923153252,0.7439818606651502,0.6969690116986764
strength_rank,0.896318021350017,0.8974594949624886,0.8944496612496159,,0.9402413693758898,0.9129470886976888,0.8720662913966858,0.8394304449449499
eigenvector_centrality_rank,0.7655346758685947,0.7753844605684461,0.8192338607784634,0.9402413693758898,,0.9684402620417234,0.9348343749892247,0.9031905458760244
frequency_rank,0.719805053952378,0.7318173828788863,0.8178740923153252,0.9129470886976888,0.9684402620417234,,0.9549855297514791,0.9173105831923316
speech_acts_rank,0.6784594482094244,0.6970287280120594,0.7439818606651502,0.8720662913966858,0.9348343749892247,0.9549855297514791,,0.9399359067708115
words_rank,0.651604977276585,0.6610857107565823,0.6969690116986764,0.8394304449449499,0.9031905458760244,0.9173105831923316,0.9399359067708115,
