rank_name,degree_rank,closeness_rank,betweenness_rank,strength_rank,eigenvector_centrality_rank,frequency_rank,speech_acts_rank,words_rank
degree_rank,,,,,,,,
closeness_rank,,,,,,,,
betweenness_rank,,,,,,,,
strength_rank,,,,,0.9666095771422802,0.9168270835647455,0.8119520447995154,0.7964961311085419
eigenvector_centrality_rank,,,,0.9666095771422802,,0.9788230302601421,0.9070175438596492,0.8931712471313914
frequency_rank,,,,0.9168270835647455,0.9788230302601421,,0.9222845158768848,0.9241981924793818
speech_acts_rank,,,,0.8119520447995154,0.9070175438596492,0.9222845158768848,,0.9702291586486095
words_rank,,,,0.7964961311085419,0.8931712471313914,0.9241981924793818,0.9702291586486095,
