segment;change_rate
1;0.5
2;0.6666666666666666
3;0.3333333333333333
4;0.25
5;0.5
6;0.6
7;0.6666666666666666
8;0.6666666666666666
9;0.5
10;0.5
11;0.6666666666666666
12;0.6666666666666666
13;0.5
14;1.0
15;0.3333333333333333
16;0.3333333333333333
17;0.5
18;0.5
19;0.6666666666666666
20;0.5
21;0.75
22;0.6666666666666666
23;0.6666666666666666
24;0.6666666666666666
