segment;change_rate
1;0.5
2;0.5
3;0.5
4;0.5
5;0.0
6;1.0
7;0.5
8;0.5
9;0.0
10;0.5
11;0.6666666666666666
12;0.3333333333333333
13;0.3333333333333333
14;0.75
15;0.75
16;0.6666666666666666
17;1.0
18;0.6666666666666666
19;0.5
20;0.8
21;0.6666666666666666
22;0.3333333333333333
23;0.6
24;0.6
25;1.0
26;0.5
27;0.6666666666666666
28;1.0
29;1.0
30;0.6666666666666666
31;1.0
32;0.75
33;0.5
34;0.5
35;1.0
36;0.5
37;0.5
38;0.4
39;0.8
40;0.5
