segment;change_rate
1;0.7777777777777778
2;0.42857142857142855
3;0.6
4;0.6666666666666666
