rank_name,degree_rank,closeness_rank,betweenness_rank,strength_rank,eigenvector_centrality_rank,frequency_rank,speech_acts_rank,words_rank
degree_rank,,1.0,0.835500414020397,0.9662906287710341,0.8558470457159609,0.8316583592319556,0.6629745406973061,0.6048818835336432
closeness_rank,1.0,,0.835500414020397,0.9662906287710341,0.8558470457159609,0.8316583592319556,0.6629745406973061,0.6048818835336432
betweenness_rank,0.835500414020397,0.835500414020397,,0.9159574201237682,0.9213753806719885,0.973841324040788,0.8404589533133582,0.7730133178099377
strength_rank,0.9662906287710341,0.9662906287710341,0.9159574201237682,,0.9349093087658976,0.9335299105042767,0.7715802785400231,0.7047211894647212
eigenvector_centrality_rank,0.8558470457159609,0.8558470457159609,0.9213753806719885,0.9349093087658976,,0.9322111521762725,0.8167488644564388,0.7682444288135071
frequency_rank,0.8316583592319556,0.8316583592319556,0.973841324040788,0.9335299105042767,0.9322111521762725,,0.8855048304753245,0.8094412660314638
speech_acts_rank,0.6629745406973061,0.6629745406973061,0.8404589533133582,0.7715802785400231,0.8167488644564388,0.8855048304753245,,0.9507737314839378
words_rank,0.6048818835336432,0.6048818835336432,0.7730133178099377,0.7047211894647212,0.7682444288135071,0.8094412660314638,0.9507737314839378,
