segment;change_rate
1;0.5
2;0.8181818181818182
3;0.7857142857142857
