rank_name,degree_rank,closeness_rank,betweenness_rank,strength_rank,eigenvector_centrality_rank,frequency_rank,speech_acts_rank,words_rank
degree_rank,,1.0,0.8075494116769661,0.9531514861273825,0.9526394519856085,0.8012856614354427,0.6505740433091839,0.6045787333412252
closeness_rank,1.0,,0.8075494116769661,0.9531514861273825,0.9526394519856085,0.8012856614354427,0.6505740433091839,0.6045787333412252
betweenness_rank,0.8075494116769661,0.8075494116769661,,0.8890300337047804,0.8885524456855151,0.9973190300286543,0.8378586986599602,0.8392203808302858
strength_rank,0.9531514861273825,0.9531514861273825,0.8890300337047804,,0.9994627987793899,0.8938258953413667,0.709723657246962,0.6731277506838038
eigenvector_centrality_rank,0.9526394519856085,0.9526394519856085,0.8885524456855151,0.9994627987793899,,0.8933457309793763,0.714620238016755,0.6769775143082783
frequency_rank,0.8012856614354427,0.8012856614354427,0.9973190300286543,0.8938258953413667,0.8933457309793763,,0.8330214666561173,0.8367622004242353
speech_acts_rank,0.6505740433091839,0.6505740433091839,0.8378586986599602,0.709723657246962,0.714620238016755,0.8330214666561173,,0.9643074163640966
words_rank,0.6045787333412252,0.6045787333412252,0.8392203808302858,0.6731277506838038,0.6769775143082783,0.8367622004242353,0.9643074163640966,
