rank_name,degree_rank,closeness_rank,betweenness_rank,strength_rank,eigenvector_centrality_rank,frequency_rank,speech_acts_rank,words_rank
degree_rank,,1.0,0.7817359599705717,0.9,0.8783100656536799,0.5458690071555381,0.65,0.38225478605399726
closeness_rank,1.0,,0.7817359599705717,0.9,0.8783100656536799,0.5458690071555381,0.65,0.38225478605399726
betweenness_rank,0.7817359599705717,0.7817359599705717,,0.7035623639735145,0.6866065623255951,0.73152931256043,0.7035623639735145,0.6723502022908507
strength_rank,0.9,0.9,0.7035623639735145,,0.9759000729485331,0.7798128673650545,0.84,0.6211640273377456
eigenvector_centrality_rank,0.8783100656536799,0.8783100656536799,0.6866065623255951,0.9759000729485331,,0.7610194341477615,0.8197560612767678,0.6295091741915994
frequency_rank,0.5458690071555381,0.5458690071555381,0.73152931256043,0.7798128673650545,0.7610194341477615,,0.9513716981853665,0.919102202395081
speech_acts_rank,0.65,0.65,0.7035623639735145,0.84,0.8197560612767678,0.9513716981853665,,0.8027350507133942
words_rank,0.38225478605399726,0.38225478605399726,0.6723502022908507,0.6211640273377456,0.6295091741915994,0.919102202395081,0.8027350507133942,
