segment;change_rate
1;0.6666666666666666
2;0.6666666666666666
3;0.0
4;0.6666666666666666
5;0.75
6;0.3333333333333333
7;0.6666666666666666
8;0.0
9;0.6666666666666666
10;0.3333333333333333
11;0.6666666666666666
12;0.5
13;1.0
14;0.6666666666666666
15;0.3333333333333333
16;0.6666666666666666
