segment;change_rate
1;0.5
2;0.4
3;0.6
4;0.0
5;0.6666666666666666
6;0.5
7;0.5
8;1.0
9;0.6666666666666666
10;0.75
11;0.6666666666666666
12;0.3333333333333333
13;0.3333333333333333
14;0.5
15;0.8
16;0.75
17;0.6666666666666666
18;0.5
19;0.3333333333333333
20;0.3333333333333333
21;0.5
22;0.5
23;0.75
24;0.3333333333333333
25;0.3333333333333333
26;0.6666666666666666
27;0.5
28;1.0
29;1.0
30;0.4
31;0.6666666666666666
32;0.5714285714285714
