rank_name,degree_rank,closeness_rank,betweenness_rank,strength_rank,eigenvector_centrality_rank,frequency_rank,speech_acts_rank,words_rank
degree_rank,,1.0,0.9803024573066307,0.766878675088582,0.6656786878755254,0.9458073876616165,0.8333363438475111,0.7722729048586848
closeness_rank,1.0,,0.9803024573066307,0.766878675088582,0.6656786878755254,0.9458073876616165,0.8333363438475111,0.7722729048586848
betweenness_rank,0.9803024573066307,0.9803024573066307,,0.7163120567375887,0.606710432444202,0.8881008680684365,0.7887519530284784,0.6972003870519586
strength_rank,0.766878675088582,0.766878675088582,0.7163120567375887,,0.9665038284285543,0.8312624125120566,0.7324125278121586,0.8169216656366384
eigenvector_centrality_rank,0.6656786878755254,0.6656786878755254,0.606710432444202,0.9665038284285543,,0.75973628702502,0.6690027772631206,0.7670764828304891
frequency_rank,0.9458073876616165,0.9458073876616165,0.8881008680684365,0.8312624125120566,0.75973628702502,,0.920670718462285,0.8853959782913162
speech_acts_rank,0.8333363438475111,0.8333363438475111,0.7887519530284784,0.7324125278121586,0.6690027772631206,0.920670718462285,,0.9090909090909091
words_rank,0.7722729048586848,0.7722729048586848,0.6972003870519586,0.8169216656366384,0.7670764828304891,0.8853959782913162,0.9090909090909091,
