segment;change_rate
1;1.0
2;0.6666666666666666
3;0.7333333333333333
4;1.0
