rank_name,degree_rank,closeness_rank,betweenness_rank,strength_rank,eigenvector_centrality_rank,frequency_rank,speech_acts_rank,words_rank
degree_rank,,1.0,0.8792890649290946,0.9222542454950489,0.9222542454950489,0.9029260907819888,0.5417911374887122,0.41056026547261204
closeness_rank,1.0,,0.8792890649290946,0.9222542454950489,0.9222542454950489,0.9029260907819888,0.5417911374887122,0.41056026547261204
betweenness_rank,0.8792890649290946,0.8792890649290946,,0.7120221907759746,0.7120221907759746,0.7480987458219788,0.45764674383724807,0.4353966595845609
strength_rank,0.9222542454950489,0.9222542454950489,0.7120221907759746,,1.0,0.9706434774573919,0.7209972261171882,0.5061903000502711
eigenvector_centrality_rank,0.9222542454950489,0.9222542454950489,0.7120221907759746,1.0,,0.9706434774573919,0.7209972261171882,0.5061903000502711
frequency_rank,0.9029260907819888,0.9029260907819888,0.7480987458219788,0.9706434774573919,0.9706434774573919,,0.8153760904204117,0.6235322718638162
speech_acts_rank,0.5417911374887122,0.5417911374887122,0.45764674383724807,0.7209972261171882,0.7209972261171882,0.8153760904204117,,0.822076003534557
words_rank,0.41056026547261204,0.41056026547261204,0.4353966595845609,0.5061903000502711,0.5061903000502711,0.6235322718638162,0.822076003534557,
