segment;change_rate
1;1.0
2;0.6666666666666666
3;0.5
4;0.6
5;0.4
6;1.0
7;0.5
8;0.3333333333333333
9;1.0
10;0.3333333333333333
11;0.75
12;1.0
13;0.6
14;0.375
15;0.7777777777777778
16;1.0
17;0.8333333333333334
18;1.0
