rank_name,degree_rank,closeness_rank,betweenness_rank,strength_rank,eigenvector_centrality_rank,frequency_rank,speech_acts_rank,words_rank
degree_rank,,1.0,0.9592641937585443,0.9342723004694836,0.9342723004694836,0.9419787384341389,0.7666500342181382,0.7342441182010028
closeness_rank,1.0,,0.9592641937585443,0.9342723004694836,0.9342723004694836,0.9419787384341389,0.7666500342181382,0.7342441182010028
betweenness_rank,0.9592641937585443,0.9592641937585443,,0.8907453227757911,0.8907453227757911,0.9819805060619657,0.8126984126984127,0.8097050382080871
strength_rank,0.9342723004694836,0.9342723004694836,0.8907453227757911,,1.0,0.9419787384341389,0.7148802205867246,0.7099715853679118
eigenvector_centrality_rank,0.9342723004694836,0.9342723004694836,0.8907453227757911,1.0,,0.9419787384341389,0.7148802205867246,0.7099715853679118
frequency_rank,0.9419787384341389,0.9419787384341389,0.9819805060619657,0.9419787384341389,0.9419787384341389,,0.8001322641986388,0.8116794499134278
speech_acts_rank,0.7666500342181382,0.7666500342181382,0.8126984126984127,0.7148802205867246,0.7148802205867246,0.8001322641986388,,0.8915189847770293
words_rank,0.7342441182010028,0.7342441182010028,0.8097050382080871,0.7099715853679118,0.7099715853679118,0.8116794499134278,0.8915189847770293,
