segment;change_rate
1;0.9285714285714286
2;0.5
3;0.45454545454545453
