rank_name,degree_rank,closeness_rank,betweenness_rank,strength_rank,eigenvector_centrality_rank,frequency_rank,speech_acts_rank,words_rank
degree_rank,,1.0,0.9636473480349708,0.915195423249066,0.8908119038783119,0.8424829278168394,0.7802601029900372,0.7778920850768357
closeness_rank,1.0,,0.9636473480349708,0.915195423249066,0.8908119038783119,0.8424829278168394,0.7802601029900372,0.7778920850768357
betweenness_rank,0.9636473480349708,0.9636473480349708,,0.8521057429481513,0.8210653934707496,0.8019578502556393,0.7198086373114675,0.7305542477338166
strength_rank,0.915195423249066,0.915195423249066,0.8521057429481513,,0.9939209163101398,0.9689203329992748,0.8532149988169422,0.7744046403152623
eigenvector_centrality_rank,0.8908119038783119,0.8908119038783119,0.8210653934707496,0.9939209163101398,,0.975456381144309,0.857146816588891,0.7818181818181819
frequency_rank,0.8424829278168394,0.8424829278168394,0.8019578502556393,0.9689203329992748,0.975456381144309,,0.9161056983003043,0.8263420298865802
speech_acts_rank,0.7802601029900372,0.7802601029900372,0.7198086373114675,0.8532149988169422,0.857146816588891,0.9161056983003043,,0.9361745372672994
words_rank,0.7778920850768357,0.7778920850768357,0.7305542477338166,0.7744046403152623,0.7818181818181819,0.8263420298865802,0.9361745372672994,
