segment;change_rate
1;0.3333333333333333
2;0.3333333333333333
3;0.6666666666666666
4;0.5
5;0.5
6;0.6
7;0.3333333333333333
8;0.8333333333333334
9;0.6666666666666666
10;0.3333333333333333
11;0.5
12;0.6666666666666666
13;0.6666666666666666
14;0.25
15;0.5
