metrics,linear,exponential,powerlaw,quadratic,max_val,max_type
degree,0.366304262893,0.40656640627,0.38093961606,0.292704605339,0.4065664062703974,exponential
closeness,0.344831864245,0.387844308341,0.381617801303,0.302815280408,0.3878443083409524,exponential
betweenness,0.25445609045,0.230549283897,0.230414947392,0.569666432424,0.5696664324241355,quadratic
strength,0.298688101902,0.381056439744,0.423917233361,0.311086121927,0.4239172333607807,powerlaw
eigenvector_centrality,0.492423272489,0.509600001638,0.509687950835,0.100952199345,0.5096879508354035,powerlaw
frequency,0.459270334434,0.466046718801,0.523121194296,0.00362229594159,0.5231211942957679,powerlaw
speech_acts,0.187512026684,0.308258702483,0.515031767124,0.266314986733,0.5150317671241158,powerlaw
words,0.109407952796,0.160838490514,0.399262046896,0.402414716495,0.40241471649500327,quadratic
