rank_name,degree_rank,closeness_rank,betweenness_rank,strength_rank,eigenvector_centrality_rank,frequency_rank,speech_acts_rank,words_rank
degree_rank,,1.0,0.9282051282051282,0.8226394989476836,0.8111116433032496,0.8245241279903232,0.7869714158239862,0.8111116433032496
closeness_rank,1.0,,0.9282051282051282,0.8226394989476836,0.8111116433032496,0.8245241279903232,0.7869714158239862,0.8111116433032496
betweenness_rank,0.9282051282051282,0.9282051282051282,,0.8226394989476836,0.8014555523115442,0.8245241279903232,0.7773153248322808,0.7628311883447229
strength_rank,0.8226394989476836,0.8226394989476836,0.8226394989476836,,0.9977246841962694,0.9977142827254394,0.9248315565837566,0.9293873770595387
eigenvector_centrality_rank,0.8111116433032496,0.8111116433032496,0.8014555523115442,0.9977246841962694,,0.9954441676503464,0.9272727272727272,0.9363636363636364
frequency_rank,0.8245241279903232,0.8245241279903232,0.8245241279903232,0.9977142827254394,0.9954441676503464,,0.9315165605535352,0.9452153335028518
speech_acts_rank,0.7869714158239862,0.7869714158239862,0.7773153248322808,0.9248315565837566,0.9272727272727272,0.9315165605535352,,0.9545454545454546
words_rank,0.8111116433032496,0.8111116433032496,0.7628311883447229,0.9293873770595387,0.9363636363636364,0.9452153335028518,0.9545454545454546,
