metrics,linear,exponential,powerlaw,quadratic,max_val,max_type
degree,0.100294068587,0.167995505483,0.373551127739,0.789891981071,0.789891981071103,quadratic
closeness,0.530148156113,0.683025864727,0.692851542969,0.212532286088,0.6928515429690467,powerlaw
betweenness,0.00243976125391,0.0315621057838,0.0325207540176,0.397859963811,0.39785996381060407,quadratic
strength,0.159464334624,0.281090565798,0.385253895662,0.486466786492,0.48646678649180075,quadratic
eigenvector_centrality,0.0646700401027,0.172195542575,0.172550877285,0.290794396085,0.29079439608483115,quadratic
frequency,0.0381042239246,0.176629659612,0.290107442145,0.520035613599,0.5200356135985224,quadratic
speech_acts,0.0145997716012,0.113256946091,0.269411710759,0.484409208163,0.48440920816324484,quadratic
words,0.00590944147258,0.0737690957874,0.24104387558,0.304482520555,0.3044825205553633,quadratic
