segment;change_rate
1;0.6666666666666666
2;0.8333333333333334
3;0.8
4;0.5
5;0.5
6;0.8181818181818182
7;0.9166666666666666
8;0.5
9;1.0
10;0.16666666666666666
11;0.8333333333333334
12;0.6666666666666666
13;0.8333333333333334
14;0.8181818181818182
15;0.9166666666666666
16;0.9090909090909091
17;1.0
