segment;change_rate
1;1.0
2;0.75
3;0.3333333333333333
4;0.5
5;0.8
6;0.5
7;0.75
8;0.6666666666666666
9;0.6666666666666666
10;0.3333333333333333
11;0.5
12;0.5
13;0.5
14;0.5
15;0.5
16;0.75
17;0.6666666666666666
18;1.0
19;0.75
20;0.75
21;0.75
22;1.0
23;1.0
24;0.3333333333333333
25;0.6666666666666666
26;0.5
27;0.4
28;0.2
29;0.6
30;0.6666666666666666
31;1.0
32;0.5
33;0.6666666666666666
34;0.6666666666666666
35;0.8
36;1.0
37;1.0
