rank_name,degree_rank,closeness_rank,betweenness_rank,strength_rank,eigenvector_centrality_rank,frequency_rank,speech_acts_rank,words_rank
degree_rank,,0.896596434643201,0.9178404236141242,0.9463836564415787,0.8612950959478941,0.9198017542949032,0.9066095716570383,0.8322345562455447
closeness_rank,0.896596434643201,,0.7956852082100474,0.8070843197827825,0.9653028064161224,0.7992905641921929,0.7407662751796403,0.8714396254892621
betweenness_rank,0.9178404236141242,0.7956852082100474,,0.8097405940547732,0.7053358365275304,0.831764330615535,0.746510177987865,0.6487234077279086
strength_rank,0.9463836564415787,0.8070843197827825,0.8097405940547732,,0.845540829533502,0.909456387115096,0.9413952823685683,0.8577047308104299
eigenvector_centrality_rank,0.8612950959478941,0.9653028064161224,0.7053358365275304,0.845540829533502,,0.7727579887646526,0.756112227815348,0.8994019978321157
frequency_rank,0.9198017542949032,0.7992905641921929,0.831764330615535,0.909456387115096,0.7727579887646526,,0.9036401072915555,0.8592690005290503
speech_acts_rank,0.9066095716570383,0.7407662751796403,0.746510177987865,0.9413952823685683,0.756112227815348,0.9036401072915555,,0.8152254462896898
words_rank,0.8322345562455447,0.8714396254892621,0.6487234077279086,0.8577047308104299,0.8994019978321157,0.8592690005290503,0.8152254462896898,
