segment;change_rate
1;0.7142857142857143
2;0.5714285714285714
3;0.8333333333333334
4;0.6
5;0.75
6;0.0
7;1.0
8;1.0
9;0.5
10;0.3333333333333333
11;0.75
12;0.75
13;0.0
14;0.75
15;0.8333333333333334
16;0.75
17;0.6666666666666666
18;0.5
19;1.0
20;0.5
21;0.25
22;0.75
23;0.5
24;1.0
25;0.0
26;0.0
27;0.5
28;0.3333333333333333
29;0.0
30;0.6666666666666666
31;0.0
32;0.5
33;0.0
34;0.0
35;1.0
36;1.0
37;0.5
38;0.3333333333333333
39;0.5
40;0.5
