rank_name,degree_rank,closeness_rank,betweenness_rank,strength_rank,eigenvector_centrality_rank,frequency_rank,speech_acts_rank,words_rank
degree_rank,,0.9529886208148087,0.9058415925148158,0.9826928515249955,0.9184507653391117,0.9173064268520321,0.4704276883487233,0.37044749225123824
closeness_rank,0.9529886208148087,,0.8927222586085154,0.9348834588293876,0.9521504107115103,0.8948900296308125,0.45034235845593146,0.3465701242339496
betweenness_rank,0.9058415925148158,0.8927222586085154,,0.8772850987151263,0.7873754898799562,0.9418578439509501,0.6198650514363631,0.512850698347518
strength_rank,0.9826928515249955,0.9348834588293876,0.8772850987151263,,0.9227637914010903,0.9322389093488939,0.4297494743888025,0.32910478225967404
eigenvector_centrality_rank,0.9184507653391117,0.9521504107115103,0.7873754898799562,0.9227637914010903,,0.8410390330935434,0.29702057937518467,0.2074002347067465
frequency_rank,0.9173064268520321,0.8948900296308125,0.9418578439509501,0.9322389093488939,0.8410390330935434,,0.59660518958505,0.49168025473617194
speech_acts_rank,0.4704276883487233,0.45034235845593146,0.6198650514363631,0.4297494743888025,0.29702057937518467,0.59660518958505,,0.9330841596576175
words_rank,0.37044749225123824,0.3465701242339496,0.512850698347518,0.32910478225967404,0.2074002347067465,0.49168025473617194,0.9330841596576175,
