segment;change_rate
1;0.25
2;0.9090909090909091
3;0.7857142857142857
4;1.0
5;0.8571428571428571
6;0.7142857142857143
7;0.8
8;0.7272727272727273
9;0.5833333333333334
10;0.6
11;0.42105263157894735
12;0.875
13;0.7142857142857143
14;0.625
15;0.5
16;0.5714285714285714
17;0.8
18;0.3125
19;0.631578947368421
20;0.9333333333333333
21;1.0
22;0.8666666666666667
23;0.75
