segment;change_rate
1;0.42857142857142855
2;0.16666666666666666
3;0.7777777777777778
4;0.75
