segment;change_rate
1;1.0
2;0.5
3;0.75
4;0.75
5;0.8
6;1.0
7;0.75
8;0.7
9;1.0
10;0.0
11;1.0
12;0.8333333333333334
13;1.0
14;0.5
15;0.6
16;0.6
17;0.3333333333333333
18;1.0
19;0.5
20;0.75
