segment;change_rate
1;0.3333333333333333
2;0.5
3;0.5
4;0.5
5;0.6666666666666666
6;0.6666666666666666
7;1.0
8;1.0
9;0.5
10;0.6666666666666666
11;0.5
12;0.9
13;0.9
14;0.5
15;0.6666666666666666
16;0.6666666666666666
17;0.6666666666666666
18;1.0
19;0.3333333333333333
