rank_name,degree_rank,closeness_rank,betweenness_rank,strength_rank,eigenvector_centrality_rank,frequency_rank,speech_acts_rank,words_rank
degree_rank,,0.9389321194035056,0.904036232363297,0.3706493957617,0.19430533754420945,0.3608646773346262,0.4824421126608197,0.4339554494560474
closeness_rank,0.9389321194035056,,0.9588136002780949,0.5757752633236898,0.43949116036444175,0.571754750067529,0.6112099792348323,0.5933040023296939
betweenness_rank,0.904036232363297,0.9588136002780949,,0.5926443897073587,0.5183207677176176,0.58574915886198,0.649536973803841,0.6414034003369876
strength_rank,0.3706493957617,0.5757752633236898,0.5926443897073587,,0.916981393230765,0.9799774027619808,0.8888067047671817,0.9269051569248593
eigenvector_centrality_rank,0.19430533754420945,0.43949116036444175,0.5183207677176176,0.916981393230765,,0.9354479385038383,0.8301323566871727,0.891567276146508
frequency_rank,0.3608646773346262,0.571754750067529,0.58574915886198,0.9799774027619808,0.9354479385038383,,0.910258739907484,0.9355479229700924
speech_acts_rank,0.4824421126608197,0.6112099792348323,0.649536973803841,0.8888067047671817,0.8301323566871727,0.910258739907484,,0.9800677639310091
words_rank,0.4339554494560474,0.5933040023296939,0.6414034003369876,0.9269051569248593,0.891567276146508,0.9355479229700924,0.9800677639310091,
