segment;change_rate
1;0.6666666666666666
2;0.7777777777777778
3;0.14285714285714285
4;0.3333333333333333
