rank_name,degree_rank,closeness_rank,betweenness_rank,strength_rank,eigenvector_centrality_rank,frequency_rank,speech_acts_rank,words_rank
degree_rank,,1.0,0.7405225317434121,0.8830480281041944,0.8444120583978276,0.7004853191470641,0.604481389378861,0.5359331168157025
closeness_rank,1.0,,0.7405225317434121,0.8830480281041944,0.8444120583978276,0.7004853191470641,0.604481389378861,0.5359331168157025
betweenness_rank,0.7405225317434121,0.7405225317434121,,0.8899451742660259,0.9132160118485237,0.9647834399498759,0.8567205145391303,0.7711134943753393
strength_rank,0.8830480281041944,0.8830480281041944,0.8899451742660259,,0.9885349142420524,0.9124252256669035,0.8071563294980729,0.7530038353961728
eigenvector_centrality_rank,0.8444120583978276,0.8444120583978276,0.9132160118485237,0.9885349142420524,,0.9344879409566069,0.8227851292935128,0.768357708816602
frequency_rank,0.7004853191470641,0.7004853191470641,0.9647834399498759,0.9124252256669035,0.9344879409566069,,0.8950668908455185,0.830188816719092
speech_acts_rank,0.604481389378861,0.604481389378861,0.8567205145391303,0.8071563294980729,0.8227851292935128,0.8950668908455185,,0.9238331674070273
words_rank,0.5359331168157025,0.5359331168157025,0.7711134943753393,0.7530038353961728,0.768357708816602,0.830188816719092,0.9238331674070273,
