segment;change_rate
1;0.8571428571428571
2;0.16666666666666666
3;0.75
4;0.5333333333333333
5;0.8076923076923077
6;0.6666666666666666
7;0.6923076923076923
8;0.8095238095238095
9;0.9473684210526315
10;0.5
11;0.9
12;0.75
13;0.75
14;0.6666666666666666
15;0.8666666666666667
16;0.46153846153846156
