rank_name,degree_rank,closeness_rank,betweenness_rank,strength_rank,eigenvector_centrality_rank,frequency_rank,speech_acts_rank,words_rank
degree_rank,,1.0,0.8479277889334775,0.8194232145519365,0.7888745420796055,0.7547514402864784,0.688858948449324,0.5570640274366234
closeness_rank,1.0,,0.8479277889334775,0.8194232145519365,0.7888745420796055,0.7547514402864784,0.688858948449324,0.5570640274366234
betweenness_rank,0.8479277889334775,0.8479277889334775,,0.7964534756815962,0.7982635972172362,0.7912649699222003,0.746436831934143,0.7620611665044363
strength_rank,0.8194232145519365,0.8194232145519365,0.7964534756815962,,0.9892857142857143,0.9712481564288601,0.9133158249282669,0.8071428571428572
eigenvector_centrality_rank,0.7888745420796055,0.7888745420796055,0.7982635972172362,0.9892857142857143,,0.9496648640637744,0.8865061627483766,0.8
frequency_rank,0.7547514402864784,0.7547514402864784,0.7912649699222003,0.9712481564288601,0.9496648640637744,,0.9289113274046141,0.8597344792092503
speech_acts_rank,0.688858948449324,0.688858948449324,0.746436831934143,0.9133158249282669,0.8865061627483766,0.9289113274046141,,0.9276143114242085
words_rank,0.5570640274366234,0.5570640274366234,0.7620611665044363,0.8071428571428572,0.8,0.8597344792092503,0.9276143114242085,
