segment;change_rate
1;0.9523809523809523
2;0.42857142857142855
3;0.3333333333333333
4;0.6
