rank_name,degree_rank,closeness_rank,betweenness_rank,strength_rank,eigenvector_centrality_rank,frequency_rank,speech_acts_rank,words_rank
degree_rank,,1.0,0.22014945376217976,0.7103004291845494,0.7099196730975892,0.17328837269528563,0.26708834042326557,0.25214496613580095
closeness_rank,1.0,,0.22014945376217976,0.7103004291845494,0.7099196730975892,0.17328837269528563,0.26708834042326557,0.25214496613580095
betweenness_rank,0.22014945376217976,0.22014945376217976,,0.7268348927979726,0.7264452734224562,0.9920053297801465,0.6172796966778019,0.6621098629629449
strength_rank,0.7103004291845494,0.7103004291845494,0.7268348927979726,,0.9994639506449443,0.7326925279313344,0.5456162187045109,0.5693915814573853
eigenvector_centrality_rank,0.7099196730975892,0.7099196730975892,0.7264452734224562,0.9994639506449443,,0.7322997685742826,0.5496319813117622,0.5713983760177317
frequency_rank,0.17328837269528563,0.17328837269528563,0.9920053297801465,0.7326925279313344,0.7322997685742826,,0.6181847988723441,0.6630119199969544
speech_acts_rank,0.26708834042326557,0.26708834042326557,0.6172796966778019,0.5456162187045109,0.5496319813117622,0.6181847988723441,,0.8878726891071618
words_rank,0.25214496613580095,0.25214496613580095,0.6621098629629449,0.5693915814573853,0.5713983760177317,0.6630119199969544,0.8878726891071618,
