segment;change_rate
1;0.75
2;0.8333333333333334
3;0.8571428571428571
4;0.2857142857142857
5;0.7142857142857143
6;0.6666666666666666
7;1.0
8;0.8
9;0.8
10;0.5
11;1.0
12;1.0
13;0.6
14;1.0
15;1.0
16;1.0
17;0.7142857142857143
18;0.6666666666666666
19;0.6666666666666666
20;0.5
21;0.5
22;1.0
23;1.0
24;0.6666666666666666
25;1.0
26;0.6
27;0.6666666666666666
28;1.0
29;1.0
30;0.8
