rank_name,degree_rank,closeness_rank,betweenness_rank,strength_rank,eigenvector_centrality_rank,frequency_rank,speech_acts_rank,words_rank
degree_rank,,1.0,0.5977132947892276,0.8833192823287273,0.8586742836985937,0.509976774249425,0.37553769979791046,0.3266800084720606
closeness_rank,1.0,,0.5977132947892276,0.8833192823287273,0.8586742836985937,0.509976774249425,0.37553769979791046,0.3266800084720606
betweenness_rank,0.5977132947892276,0.5977132947892276,,0.7272617153192377,0.744620754369125,0.8907072551068289,0.7868602788265708,0.7649611798650171
strength_rank,0.8833192823287273,0.8833192823287273,0.7272617153192377,,0.9947835290657141,0.7765004389135024,0.6412654488793446,0.5928130906845679
eigenvector_centrality_rank,0.8586742836985937,0.8586742836985937,0.744620754369125,0.9947835290657141,,0.7900287362879719,0.6569612852031339,0.6130801578496344
frequency_rank,0.509976774249425,0.509976774249425,0.8907072551068289,0.7765004389135024,0.7900287362879719,,0.9103351863598406,0.8829376453246327
speech_acts_rank,0.37553769979791046,0.37553769979791046,0.7868602788265708,0.6412654488793446,0.6569612852031339,0.9103351863598406,,0.9860527636955985
words_rank,0.3266800084720606,0.3266800084720606,0.7649611798650171,0.5928130906845679,0.6130801578496344,0.8829376453246327,0.9860527636955985,
