segment;change_rate
1;0.6666666666666666
2;0.88
3;0.68
4;0.625
5;0.8571428571428571
6;1.0
7;0.7142857142857143
8;0.5
9;0.6
10;0.8
11;1.0
12;0.6
13;0.8333333333333334
14;0.75
15;0.8
16;0.75
17;0.75
18;0.75
19;0.8
20;0.6
21;0.5
22;1.0
23;1.0
24;0.8333333333333334
25;0.5
26;0.7142857142857143
27;0.75
28;0.5
29;0.6666666666666666
30;0.5
31;0.6666666666666666
32;0.3333333333333333
33;0.5
34;0.5
35;0.6
36;0.4
37;0.75
