segment;change_rate
1;0.4
2;0.6666666666666666
3;0.5
4;0.4
5;0.6
6;0.3333333333333333
7;0.6666666666666666
8;0.6666666666666666
9;0.75
10;0.875
