rank_name,degree_rank,closeness_rank,betweenness_rank,strength_rank,eigenvector_centrality_rank,frequency_rank,speech_acts_rank,words_rank
degree_rank,,1.0,0.9903379376602871,0.9684320197737563,0.8502657495766041,0.8473448138852528,0.7579965700801321,0.7105597124064275
closeness_rank,1.0,,0.9903379376602871,0.9684320197737563,0.8502657495766041,0.8473448138852528,0.7579965700801321,0.7105597124064275
betweenness_rank,0.9903379376602871,0.9903379376602871,,0.9778803607803974,0.8901259724173199,0.8960343924953412,0.8003267306650413,0.7615487029831056
strength_rank,0.9684320197737563,0.9684320197737563,0.9778803607803974,,0.9383431168171101,0.909154827298409,0.8136802918124234,0.812403840463596
eigenvector_centrality_rank,0.8502657495766041,0.8502657495766041,0.8901259724173199,0.9383431168171101,,0.9370425713316364,0.8313039879523171,0.8875420937728943
frequency_rank,0.8473448138852528,0.8473448138852528,0.8960343924953412,0.909154827298409,0.9370425713316364,,0.8806098339776911,0.9147362593897895
speech_acts_rank,0.7579965700801321,0.7579965700801321,0.8003267306650413,0.8136802918124234,0.8313039879523171,0.8806098339776911,,0.8991204081865278
words_rank,0.7105597124064275,0.7105597124064275,0.7615487029831056,0.812403840463596,0.8875420937728943,0.9147362593897895,0.8991204081865278,
