name,betweenness,degree,closeness,closeness_corrected,strength,eigenvector_centrality,avg_distance,avg_distance_corrected,frequency,speech_acts,words,lines,chars,degree_rank,closeness_rank,betweenness_rank,strength_rank,eigenvector_centrality_rank,frequency_rank,speech_acts_rank,words_rank,centrality_rank_avg,centrality_rank_std,centrality_rank_avg_rank,centrality_rank_std_rank,avg_graph_rank,avg_content_rank,overall_avg,overall_avg_rank
JUNGE,0.0,4,0.7,0.7,4,0.12547544264149446,1.4285714285714286,1.4285714285714286,1,2,3,1,31,6.0,6.0,6.0,6.0,6.0,6.0,7.0,8.0,6.375,0.09300297614285562,7.0,4.0,6.0,8.0,7.0,7.0
WILLEM,0.07936507936507935,7,1.0,1.0,19,0.4914379546297093,1.0,1.0,5,317,5551,236,26644,1.0,1.0,1.0,1.0,1.0,1.0,3.0,3.0,1.5,0.11572751247156893,2.0,6.0,1.0,2.0,1.5,1.0
HUGO,0.07936507936507935,7,1.0,1.0,19,0.4914379546297092,1.0,1.0,5,271,5370,274,25949,1.0,1.0,1.0,1.0,2.0,1.0,4.0,4.0,1.875,0.1695253352325672,3.0,8.0,2.0,4.0,3.0,3.0
LISBETH,0.011904761904761904,5,0.7777777777777778,0.7777777777777778,8,0.23048864116051204,1.2857142857142856,1.2857142857142856,2,41,1020,23,5325,5.0,5.0,5.0,5.0,5.0,5.0,5.0,5.0,5.0,0.0,5.0,1.0,5.0,5.0,5.0,5.0
MUDDER,0.03571428571428571,6,0.875,0.875,15,0.42205347832389656,1.1428571428571428,1.1428571428571428,4,374,8837,241,41335,4.0,4.0,4.0,4.0,4.0,4.0,2.0,1.0,3.375,0.1484668673956776,4.0,7.0,4.0,2.0,3.0,3.0
KINDER,0.0,4,0.7,0.7,4,0.12547544264149446,1.4285714285714286,1.4285714285714286,1,2,235,17,1329,6.0,6.0,6.0,6.0,6.0,6.0,7.0,6.0,6.125,0.04419417382415922,6.0,2.0,6.0,6.0,6.0,6.0
ELSABE,0.07936507936507935,7,1.0,1.0,19,0.4914379546297092,1.0,1.0,5,453,8527,281,40677,1.0,1.0,1.0,1.0,2.0,1.0,1.0,2.0,1.25,0.057863756235784464,1.0,3.0,2.0,1.0,1.5,1.0
HEIN,0.0,4,0.7,0.7,4,0.11280019754693217,1.4285714285714286,1.4285714285714286,1,10,16,8,79,6.0,6.0,6.0,6.0,8.0,6.0,6.0,7.0,6.375,0.09300297614285562,7.0,4.0,8.0,6.0,7.0,7.0
