segment;change_rate
1;0.3333333333333333
2;0.75
3;1.0
4;0.5
5;0.5
6;0.5
7;0.0
8;0.6
9;0.6666666666666666
