rank_name,degree_rank,closeness_rank,betweenness_rank,strength_rank,eigenvector_centrality_rank,frequency_rank,speech_acts_rank,words_rank
degree_rank,,1.0,0.7453559924999299,0.822075860314921,0.793051585718144,0.6968683416725756,0.7355697124898273,0.5708992257184502
closeness_rank,1.0,,0.7453559924999299,0.822075860314921,0.793051585718144,0.6968683416725756,0.7355697124898273,0.5708992257184502
betweenness_rank,0.7453559924999299,0.7453559924999299,,0.71156806696482,0.7093269021319086,0.7479575920067657,0.7049073768502414,0.6963106238227914
strength_rank,0.822075860314921,0.822075860314921,0.71156806696482,,0.996850385877389,0.9513481440246996,0.9091311129064048,0.8175294675910753
eigenvector_centrality_rank,0.793051585718144,0.793051585718144,0.7093269021319086,0.996850385877389,,0.9483517644747597,0.8937674565661119,0.8087806670128278
frequency_rank,0.6968683416725756,0.6968683416725756,0.7479575920067657,0.9513481440246996,0.9483517644747597,,0.9226714423092465,0.8918885249400209
speech_acts_rank,0.7355697124898273,0.7355697124898273,0.7049073768502414,0.9091311129064048,0.8937674565661119,0.9226714423092465,,0.8160123484559989
words_rank,0.5708992257184502,0.5708992257184502,0.6963106238227914,0.8175294675910753,0.8087806670128278,0.8918885249400209,0.8160123484559989,
