rank_name,degree_rank,closeness_rank,betweenness_rank,strength_rank,eigenvector_centrality_rank,frequency_rank,speech_acts_rank,words_rank
degree_rank,,1.0,0.9128709291752768,0.9315942613970246,0.8651809126974002,0.9166666666666666,0.26352313834736496,0.3425800798515744
closeness_rank,1.0,,0.9128709291752768,0.9315942613970246,0.8651809126974002,0.9166666666666666,0.26352313834736496,0.3425800798515744
betweenness_rank,0.9128709291752768,0.9128709291752768,,0.8104053040033466,0.7108186533109108,0.8215838362577491,0.5196152422706631,0.6062177826491071
strength_rank,0.9315942613970246,0.9315942613970246,0.8104053040033466,,0.9867543820659301,0.9863939238321436,0.11263963639717454,0.13863339864267635
eigenvector_centrality_rank,0.8651809126974002,0.8651809126974002,0.7108186533109108,0.9867543820659301,,0.9733285267845752,0.017099639201419235,0.017099639201419235
frequency_rank,0.9166666666666666,0.9166666666666666,0.8215838362577491,0.9863939238321436,0.9733285267845752,,0.21081851067789195,0.21081851067789195
speech_acts_rank,0.26352313834736496,0.26352313834736496,0.5196152422706631,0.11263963639717454,0.017099639201419235,0.21081851067789195,,0.7333333333333333
words_rank,0.3425800798515744,0.3425800798515744,0.6062177826491071,0.13863339864267635,0.017099639201419235,0.21081851067789195,0.7333333333333333,
