name,betweenness,degree,closeness,closeness_corrected,strength,eigenvector_centrality,avg_distance,avg_distance_corrected,frequency,speech_acts,words,lines,chars,degree_rank,closeness_rank,betweenness_rank,strength_rank,eigenvector_centrality_rank,frequency_rank,speech_acts_rank,words_rank,centrality_rank_avg,centrality_rank_std,centrality_rank_avg_rank,centrality_rank_std_rank,avg_graph_rank,avg_content_rank,overall_avg,overall_avg_rank
GUNTHER,0.017857142857142856,6,0.75,1.0,13,0.45630256420109766,1.3333333333333333,1.0,3,35,453,70,2337,1.0,1.0,1.0,1.0,1.0,1.0,1.0,5.0,1.5,0.1767766952966369,1.0,3.0,1.0,1.0,1.0,1.0
GERENOT,0.0,5,0.6428571428571428,0.8571428571428571,9,0.3472128794563325,1.5555555555555558,1.1666666666666667,2,3,11,3,52,5.0,5.0,5.0,4.0,4.0,4.0,8.0,9.0,5.5,0.24090602791485788,6.0,6.0,5.0,8.0,6.5,6.0
VOLKER,0.017857142857142856,6,0.75,1.0,13,0.45630256420109766,1.3333333333333333,1.0,3,14,475,66,2517,1.0,1.0,1.0,1.0,1.0,1.0,6.0,4.0,2.0,0.24090602791485788,3.0,6.0,1.0,4.0,2.5,3.0
UTE,0.0,1,0.125,1.0,1,2.057697886160881e-09,8.0,1.0,1,30,920,120,4583,8.0,8.0,5.0,8.0,8.0,7.0,3.0,2.0,6.125,0.30935921676911454,7.0,9.0,8.0,5.0,6.5,6.0
DANKWART,0.0,4,0.5625,0.75,4,0.1568476016022444,1.7777777777777777,1.3333333333333333,1,2,37,5,188,7.0,7.0,5.0,7.0,7.0,7.0,9.0,8.0,7.125,0.1407489533074504,9.0,1.0,7.0,9.0,8.0,9.0
HAGEN,0.017857142857142856,6,0.75,1.0,13,0.45630256420109766,1.3333333333333333,1.0,3,27,489,69,2510,1.0,1.0,1.0,1.0,1.0,1.0,5.0,3.0,1.75,0.18600595228571123,2.0,4.0,1.0,3.0,2.0,2.0
GISELHER,0.0,5,0.6428571428571428,0.8571428571428571,9,0.3472128794563325,1.5555555555555558,1.1666666666666667,2,5,79,12,432,5.0,5.0,5.0,4.0,4.0,4.0,7.0,7.0,5.125,0.15580293184477811,5.0,2.0,5.0,7.0,6.0,5.0
KRIEMHILD,0.0,1,0.125,1.0,1,2.057697886160881e-09,8.0,1.0,1,29,431,64,2161,8.0,8.0,5.0,8.0,8.0,7.0,4.0,6.0,6.75,0.19764235376052372,8.0,5.0,8.0,6.0,7.0,8.0
SIEGFRIED,0.017857142857142856,6,0.75,1.0,9,0.33113316394075915,1.3333333333333333,1.0,2,34,2192,285,11295,1.0,1.0,1.0,4.0,6.0,4.0,2.0,1.0,2.5,0.24090602791485788,4.0,6.0,4.0,1.0,2.5,3.0
