segment;change_rate
1;0.3
2;0.5833333333333334
3;0.8461538461538461
4;0.6
