rank_name,degree_rank,closeness_rank,betweenness_rank,strength_rank,eigenvector_centrality_rank,frequency_rank,speech_acts_rank,words_rank
degree_rank,,0.9981517581582139,0.8402003580069445,0.9571698327355624,0.9429349724281062,0.8610431735313449,0.7605715403755401,0.681893163050791
closeness_rank,0.9981517581582139,,0.8480954799773487,0.9581018407593457,0.9416919824776865,0.8674901024529889,0.7722896384900872,0.6959639945233222
betweenness_rank,0.8402003580069445,0.8480954799773487,,0.8263786575436938,0.7672073374356081,0.8981431970596073,0.8300218912026591,0.7619848017613648
strength_rank,0.9571698327355624,0.9581018407593457,0.8263786575436938,,0.9840341360991487,0.932691364070777,0.841673934866015,0.7289977659633602
eigenvector_centrality_rank,0.9429349724281062,0.9416919824776865,0.7672073374356081,0.9840341360991487,,0.8952669006826031,0.8022258572091551,0.691542704328932
frequency_rank,0.8610431735313449,0.8674901024529889,0.8981431970596073,0.932691364070777,0.8952669006826031,,0.9196579429983077,0.8217271195551036
speech_acts_rank,0.7605715403755401,0.7722896384900872,0.8300218912026591,0.841673934866015,0.8022258572091551,0.9196579429983077,,0.9313148652051636
words_rank,0.681893163050791,0.6959639945233222,0.7619848017613648,0.7289977659633602,0.691542704328932,0.8217271195551036,0.9313148652051636,
