rank_name,degree_rank,closeness_rank,betweenness_rank,strength_rank,eigenvector_centrality_rank,frequency_rank,speech_acts_rank,words_rank
degree_rank,,0.8863550428744005,0.7528903627278815,0.8547276902194326,0.8505121158986134,0.5910630440971503,0.6539241001893434,0.5751408820077566
closeness_rank,0.8863550428744005,,0.7201208426317217,0.7414344117589126,0.8644712285705018,0.5256515501097834,0.631938056287746,0.5692623543755535
betweenness_rank,0.7528903627278815,0.7201208426317217,,0.8981981577380792,0.8705661099605749,0.8761491023492636,0.823288135258251,0.8022858909705257
strength_rank,0.8547276902194326,0.7414344117589126,0.8981981577380792,,0.890012449530106,0.8861868536633077,0.8564167252441461,0.7901082876496384
eigenvector_centrality_rank,0.8505121158986134,0.8644712285705018,0.8705661099605749,0.890012449530106,,0.7914198798708352,0.8030266230006999,0.748376253400939
frequency_rank,0.5910630440971503,0.5256515501097834,0.8761491023492636,0.8861868536633077,0.7914198798708352,,0.8805386054812973,0.851337281761728
speech_acts_rank,0.6539241001893434,0.631938056287746,0.823288135258251,0.8564167252441461,0.8030266230006999,0.8805386054812973,,0.9601014979382699
words_rank,0.5751408820077566,0.5692623543755535,0.8022858909705257,0.7901082876496384,0.748376253400939,0.851337281761728,0.9601014979382699,
