name,betweenness,degree,closeness,closeness_corrected,strength,eigenvector_centrality,avg_distance,avg_distance_corrected,frequency,speech_acts,words,lines,chars,degree_rank,closeness_rank,betweenness_rank,strength_rank,eigenvector_centrality_rank,frequency_rank,speech_acts_rank,words_rank,centrality_rank_avg,centrality_rank_std,centrality_rank_avg_rank,centrality_rank_std_rank,avg_graph_rank,avg_content_rank,overall_avg,overall_avg_rank
HERR VON ROSENECK,0.052976190476190475,8,1.0,1.0,28,0.37620373628517334,1.0,1.0,12,92,3494,31,20066,1.0,1.0,1.0,4.0,4.0,3.0,3.0,3.0,2.5,0.16366341767699427,1.0,3.0,2.0,2.0,2.0,1.0
TEMPELSTOLZ,0.026785714285714284,7,0.8888888888888888,0.8888888888888888,23,0.34881899812322,1.125,1.125,8,63,2109,36,11823,4.0,4.0,4.0,5.0,5.0,6.0,6.0,8.0,5.25,0.1735912687073534,6.0,4.0,6.0,7.0,6.5,7.0
CATHRINE,0.0,6,0.8,0.8,14,0.19106339601915667,1.25,1.25,8,87,2778,45,15456,7.0,7.0,7.0,7.0,7.0,6.0,4.0,5.0,6.25,0.1456205931276794,7.0,2.0,7.0,5.0,6.0,6.0
BRIGITTE,0.0,4,0.6666666666666666,0.6666666666666666,5,0.06361103648170462,1.5,1.5,3,32,1187,11,6791,9.0,9.0,7.0,9.0,9.0,9.0,9.0,9.0,8.75,0.08838834764831845,9.0,1.0,9.0,9.0,9.0,9.0
PETER,0.052976190476190475,8,1.0,1.0,21,0.2521440621224906,1.0,1.0,9,111,3636,48,20189,1.0,1.0,1.0,6.0,6.0,5.0,2.0,2.0,3.0,0.2834733547569204,3.0,8.0,3.0,2.0,2.5,2.0
FRAU VON BIRKENHAYN,0.052976190476190475,8,1.0,1.0,30,0.43610127062725823,1.0,1.0,11,67,2117,26,11867,1.0,1.0,1.0,3.0,2.0,4.0,5.0,7.0,3.0,0.27548658250966984,3.0,7.0,1.0,6.0,3.5,4.0
MUFFEL,0.014285714285714285,7,0.8888888888888888,0.8888888888888888,31,0.4184113093975217,1.125,1.125,13,152,4494,71,24841,4.0,4.0,5.0,2.0,3.0,2.0,1.0,1.0,2.75,0.18600595228571123,2.0,6.0,5.0,1.0,3.0,3.0
HERR WAHRMUND,0.0,5,0.7272727272727273,0.7272727272727273,11,0.170074603931675,1.375,1.375,6,36,2901,6,17072,8.0,8.0,7.0,8.0,8.0,8.0,8.0,4.0,7.375,0.17598574414666987,8.0,5.0,8.0,7.0,7.5,8.0
FRÄULEIN WILHELMINE,0.014285714285714285,7,0.8888888888888888,0.8888888888888888,35,0.48835451165330157,1.125,1.125,16,60,2666,24,15462,4.0,4.0,5.0,1.0,1.0,1.0,7.0,6.0,3.625,0.2983399008322075,5.0,9.0,3.0,4.0,3.5,4.0
