segment;change_rate
1;0.5
2;0.5
3;0.3333333333333333
4;0.3333333333333333
5;0.3333333333333333
6;0.3333333333333333
7;0.6666666666666666
8;1.0
9;0.75
10;0.5
11;0.25
12;0.5
13;0.6
14;0.6
15;0.3333333333333333
16;0.25
17;0.5
18;1.0
19;0.3333333333333333
20;0.75
21;0.3333333333333333
22;0.5
23;0.75
24;0.5
25;0.5
26;0.3333333333333333
27;0.8
28;0.4
29;0.2857142857142857
30;0.75
