rank_name,degree_rank,closeness_rank,betweenness_rank,strength_rank,eigenvector_centrality_rank,frequency_rank,speech_acts_rank,words_rank
degree_rank,,1.0,1.0,0.6599120175960899,0.6599120175960899,0.6599120175960899,0.20701966780270628,0.20701966780270628
closeness_rank,1.0,,1.0,0.6599120175960899,0.6599120175960899,0.6599120175960899,0.20701966780270628,0.20701966780270628
betweenness_rank,1.0,1.0,,0.6599120175960899,0.6599120175960899,0.6599120175960899,0.20701966780270628,0.20701966780270628
strength_rank,0.6599120175960899,0.6599120175960899,0.6599120175960899,,1.0,1.0,0.6982532518267537,0.7589709258986453
eigenvector_centrality_rank,0.6599120175960899,0.6599120175960899,0.6599120175960899,1.0,,1.0,0.6982532518267537,0.7589709258986453
frequency_rank,0.6599120175960899,0.6599120175960899,0.6599120175960899,1.0,1.0,,0.6982532518267537,0.7589709258986453
speech_acts_rank,0.20701966780270628,0.20701966780270628,0.20701966780270628,0.6982532518267537,0.6982532518267537,0.6982532518267537,,0.8857142857142857
words_rank,0.20701966780270628,0.20701966780270628,0.20701966780270628,0.7589709258986453,0.7589709258986453,0.7589709258986453,0.8857142857142857,
