segment;change_rate
1;0.375
2;0.4
3;0.7777777777777778
4;0.3333333333333333
5;0.9090909090909091
6;0.4166666666666667
7;0.7142857142857143
8;0.7777777777777778
9;1.0
10;0.8181818181818182
