rank_name,degree_rank,closeness_rank,betweenness_rank,strength_rank,eigenvector_centrality_rank,frequency_rank,speech_acts_rank,words_rank
degree_rank,,1.0,0.9124823802753831,0.9591675253127283,0.9569911910961072,0.9533398994668453,0.8208959888890657,0.7686057107616465
closeness_rank,1.0,,0.9124823802753831,0.9591675253127283,0.9569911910961072,0.9533398994668453,0.8208959888890657,0.7686057107616465
betweenness_rank,0.9124823802753831,0.9124823802753831,,0.8243670886075949,0.8520984658737971,0.9013898702790514,0.8330778379176842,0.786055351744302
strength_rank,0.9591675253127283,0.9591675253127283,0.8243670886075949,,0.9597869836468047,0.931258410359304,0.7800830645132514,0.718201968127596
eigenvector_centrality_rank,0.9569911910961072,0.9569911910961072,0.8520984658737971,0.9597869836468047,,0.9716547713716137,0.8897888464167844,0.8391112019873959
frequency_rank,0.9533398994668453,0.9533398994668453,0.9013898702790514,0.931258410359304,0.9716547713716137,,0.9078429955379962,0.9004746381678028
speech_acts_rank,0.8208959888890657,0.8208959888890657,0.8330778379176842,0.7800830645132514,0.8897888464167844,0.9078429955379962,,0.9387556427833432
words_rank,0.7686057107616465,0.7686057107616465,0.786055351744302,0.718201968127596,0.8391112019873959,0.9004746381678028,0.9387556427833432,
