name,betweenness,degree,closeness,closeness_corrected,strength,eigenvector_centrality,avg_distance,avg_distance_corrected,frequency,speech_acts,words,lines,chars,degree_rank,closeness_rank,betweenness_rank,strength_rank,eigenvector_centrality_rank,frequency_rank,speech_acts_rank,words_rank,centrality_rank_avg,centrality_rank_std,centrality_rank_avg_rank,centrality_rank_std_rank,avg_graph_rank,avg_content_rank,overall_avg,overall_avg_rank
BERTA,0.0,5,1.0,1.0,5,0.4082482904638631,1.0,1.0,1,65,603,61,3236,1.0,1.0,1.0,1.0,1.0,1.0,2.0,3.0,1.375,0.09300297614285562,2.0,2.0,1.0,2.0,1.5,2.0
MAX,0.0,5,1.0,1.0,5,0.4082482904638631,1.0,1.0,1,61,488,58,2627,1.0,1.0,1.0,1.0,1.0,1.0,3.0,5.0,1.75,0.18600595228571123,4.0,5.0,1.0,4.0,2.5,4.0
ANNETTE,0.0,5,1.0,1.0,5,0.4082482904638631,1.0,1.0,1,53,499,47,2619,1.0,1.0,1.0,1.0,1.0,1.0,4.0,4.0,1.75,0.1735912687073534,4.0,3.0,1.0,4.0,2.5,4.0
BARON DIEBL,0.0,5,1.0,1.0,5,0.4082482904638631,1.0,1.0,1,40,634,30,3468,1.0,1.0,1.0,1.0,1.0,1.0,5.0,2.0,1.625,0.17598574414666987,3.0,4.0,1.0,3.0,2.0,3.0
FLIEDER,0.0,5,1.0,1.0,5,0.4082482904638631,1.0,1.0,1,13,85,12,479,1.0,1.0,1.0,1.0,1.0,1.0,6.0,6.0,2.25,0.28931878117892235,6.0,6.0,1.0,6.0,3.5,6.0
ANATOL,0.0,5,1.0,1.0,5,0.4082482904638631,1.0,1.0,1,180,2345,140,13197,1.0,1.0,1.0,1.0,1.0,1.0,1.0,1.0,1.0,0.0,1.0,1.0,1.0,1.0,1.0,1.0
