rank_name,degree_rank,closeness_rank,betweenness_rank,strength_rank,eigenvector_centrality_rank,frequency_rank,speech_acts_rank,words_rank
degree_rank,,0.9292063192554012,0.395044735862605,0.8259611726714677,0.8274127538189436,0.2896994729659103,-0.16352524676365396,-0.06137857701752954
closeness_rank,0.9292063192554012,,0.5907237748951601,0.8947368421052632,0.9065393372985823,0.48331945218694927,0.051298917604257706,0.20025046972870356
betweenness_rank,0.395044735862605,0.5907237748951601,,0.8323835009886348,0.7322752898886785,0.9726027397260274,0.7720502858205652,0.7789844024641653
strength_rank,0.8259611726714677,0.8947368421052632,0.8323835009886348,,0.9569026338151702,0.7786813396345293,0.35909242322980395,0.4005009394574071
eigenvector_centrality_rank,0.8274127538189436,0.9065393372985823,0.7322752898886785,0.9569026338151702,,0.7065814200680232,0.2699843815205988,0.3233590907165799
frequency_rank,0.2896994729659103,0.48331945218694927,0.9726027397260274,0.7786813396345293,0.7065814200680232,,0.7982214819500759,0.7534439302522254
speech_acts_rank,-0.16352524676365396,0.051298917604257706,0.7720502858205652,0.35909242322980395,0.2699843815205988,0.7982214819500759,,0.9515025711248198
words_rank,-0.06137857701752954,0.20025046972870356,0.7789844024641653,0.4005009394574071,0.3233590907165799,0.7534439302522254,0.9515025711248198,
