segment;change_rate
1;0.5
2;0.6666666666666666
3;0.3333333333333333
4;0.6666666666666666
5;1.0
6;1.0
7;0.6666666666666666
8;0.5
9;0.5
10;0.5
11;1.0
12;0.5
13;0.6666666666666666
14;0.5
