segment;change_rate
1;0.6666666666666666
2;0.3333333333333333
3;0.6
4;0.3333333333333333
5;0.6666666666666666
6;1.0
7;0.75
8;0.25
9;0.5
10;0.5
11;0.5
12;1.0
13;0.6666666666666666
14;0.5
15;0.25
16;0.3333333333333333
17;0.6666666666666666
18;0.6
19;0.6
20;1.0
21;0.6666666666666666
22;0.5
23;0.5
24;0.75
25;0.75
26;0.5
27;0.5
28;0.6666666666666666
29;0.3333333333333333
30;0.5
31;0.5
32;0.3333333333333333
33;0.6666666666666666
34;0.6666666666666666
35;0.75
