segment;change_rate
1;0.9714285714285714
2;0.9545454545454546
3;0.9
