rank_name,degree_rank,closeness_rank,betweenness_rank,strength_rank,eigenvector_centrality_rank,frequency_rank,speech_acts_rank,words_rank
degree_rank,,1.0,0.42505905654395665,1.0,0.9400893402816412,0.41812947977081105,-0.19585326919750087,-0.3105031353415744
closeness_rank,1.0,,0.42505905654395665,1.0,0.9400893402816412,0.41812947977081105,-0.19585326919750087,-0.3105031353415744
betweenness_rank,0.42505905654395665,0.42505905654395665,,0.42505905654395665,0.28738905691276156,0.9993427537903197,0.41896384879903936,0.4145048051665366
strength_rank,1.0,1.0,0.42505905654395665,,0.9400893402816412,0.41812947977081105,-0.19585326919750087,-0.3105031353415744
eigenvector_centrality_rank,0.9400893402816412,0.9400893402816412,0.28738905691276156,0.9400893402816412,,0.28056396732386385,-0.29312968256304955,-0.4008336549998692
frequency_rank,0.41812947977081105,0.41812947977081105,0.9993427537903197,0.41812947977081105,0.28056396732386385,,0.4243729358797684,0.41985632318641675
speech_acts_rank,-0.19585326919750087,-0.19585326919750087,0.41896384879903936,-0.19585326919750087,-0.29312968256304955,0.4243729358797684,,0.8978101886556518
words_rank,-0.3105031353415744,-0.3105031353415744,0.4145048051665366,-0.3105031353415744,-0.4008336549998692,0.41985632318641675,0.8978101886556518,
