segment;change_rate
1;0.75
2;1.0
3;1.0
4;0.6666666666666666
5;1.0
6;0.6666666666666666
7;1.0
8;0.6666666666666666
9;0.25
10;1.0
11;1.0
12;0.6666666666666666
13;0.14285714285714285
14;0.7777777777777778
15;1.0
16;0.3333333333333333
17;1.0
18;1.0
19;1.0
20;1.0
21;1.0
22;1.0
23;0.6666666666666666
24;0.6666666666666666
25;0.75
26;0.4
27;0.2
28;1.0
29;0.5
30;0.8
31;1.0
32;0.75
33;1.0
34;0.8571428571428571
35;0.9090909090909091
36;0.6666666666666666
37;1.0
