rank_name,degree_rank,closeness_rank,betweenness_rank,strength_rank,eigenvector_centrality_rank,frequency_rank,speech_acts_rank,words_rank
degree_rank,,0.7307692307692307,0.9118759932967941,0.8816160772590813,0.8816160772590813,0.8832175610081924,0.7801752225648716,0.6513389472789295
closeness_rank,0.7307692307692307,,0.8998776249639416,0.7759678696536542,0.7759678696536542,0.7773774400609297,0.8266994330847952,0.7622812954418241
betweenness_rank,0.9118759932967941,0.8998776249639416,,0.8034874306023735,0.8034874306023735,0.8049469911706487,0.7893154644974878,0.6955354093096675
strength_rank,0.8816160772590813,0.7759678696536542,0.8034874306023735,,1.0,0.9981867618808632,0.9004984374763989,0.8043978137140955
eigenvector_centrality_rank,0.8816160772590813,0.7759678696536542,0.8034874306023735,1.0,,0.9981867618808632,0.9004984374763989,0.8043978137140955
frequency_rank,0.8832175610081924,0.7773774400609297,0.8049469911706487,0.9981867618808632,0.9981867618808632,,0.9163972132820599,0.8201220196687695
speech_acts_rank,0.7801752225648716,0.8266994330847952,0.7893154644974878,0.9004984374763989,0.9004984374763989,0.9163972132820599,,0.951048951048951
words_rank,0.6513389472789295,0.7622812954418241,0.6955354093096675,0.8043978137140955,0.8043978137140955,0.8201220196687695,0.951048951048951,
