rank_name,degree_rank,closeness_rank,betweenness_rank,strength_rank,eigenvector_centrality_rank,frequency_rank,speech_acts_rank,words_rank
degree_rank,,1.0,0.9309493362512627,0.8557418163842732,0.8451016522282732,0.840650385778712,0.7630505337687843,0.7930394470805663
closeness_rank,1.0,,0.9309493362512627,0.8557418163842732,0.8451016522282732,0.840650385778712,0.7630505337687843,0.7930394470805663
betweenness_rank,0.9309493362512627,0.9309493362512627,,0.7990554502518606,0.7925735955070589,0.8538045462898322,0.847432424984971,0.818182789432213
strength_rank,0.8557418163842732,0.8557418163842732,0.7990554502518606,,0.9882680743808062,0.9638480608452731,0.8137764827521046,0.8267632908536956
eigenvector_centrality_rank,0.8451016522282732,0.8451016522282732,0.7925735955070589,0.9882680743808062,,0.9504711149609245,0.7982065990495524,0.8021515054539103
frequency_rank,0.840650385778712,0.840650385778712,0.8538045462898322,0.9638480608452731,0.9504711149609245,,0.8515102650130872,0.8167279371701905
speech_acts_rank,0.7630505337687843,0.7630505337687843,0.847432424984971,0.8137764827521046,0.7982065990495524,0.8515102650130872,,0.9606455442831929
words_rank,0.7930394470805663,0.7930394470805663,0.818182789432213,0.8267632908536956,0.8021515054539103,0.8167279371701905,0.9606455442831929,
