segment;change_rate
1;0.3333333333333333
2;0.25
3;0.25
4;0.0
5;0.6666666666666666
6;0.5
7;0.5
8;0.6666666666666666
9;0.8
10;0.8333333333333334
11;0.5
12;0.5
13;0.5
14;0.6666666666666666
15;0.3333333333333333
16;0.3333333333333333
17;1.0
18;0.6666666666666666
19;0.75
20;1.0
21;0.25
22;0.2
23;0.4
24;0.5
25;0.3333333333333333
26;0.5
27;0.5
28;0.6666666666666666
29;0.5714285714285714
30;0.7142857142857143
31;0.5
32;0.6
33;0.42857142857142855
