segment;change_rate
1;0.5
2;0.8571428571428571
3;1.0
4;0.7777777777777778
