rank_name,degree_rank,closeness_rank,betweenness_rank,strength_rank,eigenvector_centrality_rank,frequency_rank,speech_acts_rank,words_rank
degree_rank,,,,,,,,
closeness_rank,,,,,,,,
betweenness_rank,,,,,,,,
strength_rank,,,,,0.9856107606091623,0.8235294117647058,0.6667366910003157,0.057977103565244846
eigenvector_centrality_rank,,,,0.9856107606091623,,0.8116794499134278,0.6,0.02857142857142857
frequency_rank,,,,0.8235294117647058,0.8116794499134278,,0.8406680016960503,0.4058397249567139
speech_acts_rank,,,,0.6667366910003157,0.6,0.8406680016960503,,0.6
words_rank,,,,0.057977103565244846,0.02857142857142857,0.4058397249567139,0.6,
