segment;change_rate
1;0.6666666666666666
2;0.5
3;1.0
4;0.5
5;0.5
6;0.5
7;0.5
8;0.3333333333333333
9;0.5
10;0.8
11;0.6666666666666666
