rank_name,degree_rank,closeness_rank,betweenness_rank,strength_rank,eigenvector_centrality_rank,frequency_rank,speech_acts_rank,words_rank
degree_rank,,0.9955849673999579,0.9363206161867293,0.9707623118140075,0.969557685371612,0.9482665185652037,0.8668226449495634,0.8149449099916721
closeness_rank,0.9955849673999579,,0.9321867301421733,0.972651932385124,0.9670353025877801,0.9538492971817059,0.8859030837004406,0.8368526579045525
betweenness_rank,0.9363206161867293,0.9321867301421733,,0.9008491186775102,0.8939732470799493,0.9153093342407742,0.8587642459136273,0.8192166220955291
strength_rank,0.9707623118140075,0.972651932385124,0.9008491186775102,,0.9947244763412492,0.979123600930511,0.9139840380507832,0.8546936242302202
eigenvector_centrality_rank,0.969557685371612,0.9670353025877801,0.8939732470799493,0.9947244763412492,,0.9677064286181425,0.8975845854019305,0.8407196948000272
frequency_rank,0.9482665185652037,0.9538492971817059,0.9153093342407742,0.979123600930511,0.9677064286181425,,0.9471883384025039,0.9007520503202623
speech_acts_rank,0.8668226449495634,0.8859030837004406,0.8587642459136273,0.9139840380507832,0.8975845854019305,0.9471883384025039,,0.9674597201208699
words_rank,0.8149449099916721,0.8368526579045525,0.8192166220955291,0.8546936242302202,0.8407196948000272,0.9007520503202623,0.9674597201208699,
