rank_name,degree_rank,closeness_rank,betweenness_rank,strength_rank,eigenvector_centrality_rank,frequency_rank,speech_acts_rank,words_rank
degree_rank,,1.0,0.7439611680774063,0.8886187146875285,0.8806306765251922,0.5605617763956225,0.5646282160588065,0.5554788574906175
closeness_rank,1.0,,0.7439611680774063,0.8886187146875285,0.8806306765251922,0.5605617763956225,0.5646282160588065,0.5554788574906175
betweenness_rank,0.7439611680774063,0.7439611680774063,,0.8643656830838523,0.86244273146256,0.8066226572614739,0.8312682106988583,0.8237452918170755
strength_rank,0.8886187146875285,0.8886187146875285,0.8643656830838523,,0.9948057337851353,0.8334387237420762,0.8308641921035719,0.8017891844858868
eigenvector_centrality_rank,0.8806306765251922,0.8806306765251922,0.86244273146256,0.9948057337851353,,0.8270237823129624,0.8230942299216203,0.7896732729399183
frequency_rank,0.5605617763956225,0.5605617763956225,0.8066226572614739,0.8334387237420762,0.8270237823129624,,0.9707300981458072,0.952724150702759
speech_acts_rank,0.5646282160588065,0.5646282160588065,0.8312682106988583,0.8308641921035719,0.8230942299216203,0.9707300981458072,,0.985255024134699
words_rank,0.5554788574906175,0.5554788574906175,0.8237452918170755,0.8017891844858868,0.7896732729399183,0.952724150702759,0.985255024134699,
