segment;change_rate
1;0.5
2;0.4
3;0.8
4;0.6666666666666666
5;0.5
6;0.5
7;1.0
8;1.0
9;1.0
10;0.5
11;1.0
12;0.8
13;0.42857142857142855
14;0.3
15;0.75
16;1.0
17;1.0
18;0.5
19;0.5
20;0.5
21;0.3333333333333333
22;0.6666666666666666
23;0.5
24;0.3333333333333333
25;0.6666666666666666
26;1.0
27;0.5
28;0.3333333333333333
29;0.5
30;0.5
31;0.14285714285714285
