segment;change_rate
1;0.3333333333333333
2;0.75
3;0.3333333333333333
4;0.6666666666666666
5;0.5
6;1.0
7;0.4
8;0.75
9;1.0
10;0.3333333333333333
11;0.75
12;0.6666666666666666
13;0.5
14;1.0
15;0.3333333333333333
16;0.4
17;0.6666666666666666
18;0.75
19;1.0
20;0.25
