segment;change_rate
1;0.9090909090909091
2;0.8333333333333334
3;0.7777777777777778
4;0.5454545454545454
5;0.8
6;0.75
7;0.9090909090909091
8;0.6666666666666666
9;0.5
