rank_name,degree_rank,closeness_rank,betweenness_rank,strength_rank,eigenvector_centrality_rank,frequency_rank,speech_acts_rank,words_rank
degree_rank,,1.0,0.7764844501989336,0.9986600556757824,0.8861592995563073,0.7748732121525579,0.308251121984686,0.15434844876459883
closeness_rank,1.0,,0.7764844501989336,0.9986600556757824,0.8861592995563073,0.7748732121525579,0.308251121984686,0.15434844876459883
betweenness_rank,0.7764844501989336,0.7764844501989336,,0.7740736887123278,0.7499312462546263,0.9976296262960958,0.5010329147465146,0.39677221571116145
strength_rank,0.9986600556757824,0.9986600556757824,0.7740736887123278,,0.8899607059876836,0.775912892228587,0.31614855130479186,0.16078274056608693
eigenvector_centrality_rank,0.8861592995563073,0.8861592995563073,0.7499312462546263,0.8899607059876836,,0.7548555127554157,0.28792759736094176,0.24258030776954367
frequency_rank,0.7748732121525579,0.7748732121525579,0.9976296262960958,0.775912892228587,0.7548555127554157,,0.5120928797973865,0.40596352113530243
speech_acts_rank,0.308251121984686,0.308251121984686,0.5010329147465146,0.31614855130479186,0.28792759736094176,0.5120928797973865,,0.7115243766048068
words_rank,0.15434844876459883,0.15434844876459883,0.39677221571116145,0.16078274056608693,0.24258030776954367,0.40596352113530243,0.7115243766048068,
