metrics,linear,exponential,powerlaw,quadratic,max_val,max_type
degree,0.0579279928837,0.12866936379,0.273470696565,0.50166713206,0.5016671320599482,quadratic
closeness,0.126931640111,0.23653975683,0.25724354367,0.443880513049,0.44388051304861453,quadratic
betweenness,0.00367687966102,0.0336156356385,0.032988826313,0.491636494142,0.4916364941420569,quadratic
strength,0.0360209256309,0.0974070655452,0.240690364342,0.523943170136,0.5239431701356114,quadratic
eigenvector_centrality,0.04826610987,0.133649142801,0.145819890737,0.384130043572,0.3841300435718016,quadratic
frequency,0.0220303699009,0.0853084363484,0.146011849396,0.383809961957,0.38380996195741457,quadratic
speech_acts,0.00306792323805,0.0351907388078,0.116593359746,0.279181249239,0.27918124923886245,quadratic
words,0.0023353093428,0.0233393216435,0.123907979985,0.280911906504,0.280911906503595,quadratic
