rank_name,degree_rank,closeness_rank,betweenness_rank,strength_rank,eigenvector_centrality_rank,frequency_rank,speech_acts_rank,words_rank
degree_rank,,1.0,0.9607689228305228,0.9536629040037861,0.9536629040037861,0.9407117469347047,0.8608284620211166,0.8608284620211166
closeness_rank,1.0,,0.9607689228305228,0.9536629040037861,0.9536629040037861,0.9407117469347047,0.8608284620211166,0.8608284620211166
betweenness_rank,0.9607689228305228,0.9607689228305228,,0.9135468796041984,0.9135468796041984,0.9526610232449336,0.8696263565463043,0.8696263565463043
strength_rank,0.9536629040037861,0.9536629040037861,0.9135468796041984,,1.0,0.9288784237188525,0.8666666666666667,0.8666666666666667
eigenvector_centrality_rank,0.9536629040037861,0.9536629040037861,0.9135468796041984,1.0,,0.9288784237188525,0.8666666666666667,0.8666666666666667
frequency_rank,0.9407117469347047,0.9407117469347047,0.9526610232449336,0.9288784237188525,0.9288784237188525,,0.8870370532810664,0.8870370532810664
speech_acts_rank,0.8608284620211166,0.8608284620211166,0.8696263565463043,0.8666666666666667,0.8666666666666667,0.8870370532810664,,1.0
words_rank,0.8608284620211166,0.8608284620211166,0.8696263565463043,0.8666666666666667,0.8666666666666667,0.8870370532810664,1.0,
