rank_name,degree_rank,closeness_rank,betweenness_rank,strength_rank,eigenvector_centrality_rank,frequency_rank,speech_acts_rank,words_rank
degree_rank,,1.0,0.9652502894149055,0.9021086366004857,0.8804783872038591,0.8638966299445404,0.8426750274582052,0.8645945591829437
closeness_rank,1.0,,0.9652502894149055,0.9021086366004857,0.8804783872038591,0.8638966299445404,0.8426750274582052,0.8645945591829437
betweenness_rank,0.9652502894149055,0.9652502894149055,,0.8781176837631959,0.8531412825783146,0.8965739903130746,0.8185168975968168,0.8750797050070157
strength_rank,0.9021086366004857,0.9021086366004857,0.8781176837631959,,0.992462311557789,0.9546111077498591,0.9633275920317415,0.9454822022324894
eigenvector_centrality_rank,0.8804783872038591,0.8804783872038591,0.8531412825783146,0.992462311557789,,0.9378861152960206,0.9508814991114347,0.9305927187327652
frequency_rank,0.8638966299445404,0.8638966299445404,0.8965739903130746,0.9546111077498591,0.9378861152960206,,0.9253484581161696,0.9542759301313078
speech_acts_rank,0.8426750274582052,0.8426750274582052,0.8185168975968168,0.9633275920317415,0.9508814991114347,0.9253484581161696,,0.9551366553108597
words_rank,0.8645945591829437,0.8645945591829437,0.8750797050070157,0.9454822022324894,0.9305927187327652,0.9542759301313078,0.9551366553108597,
