rank_name,degree_rank,closeness_rank,betweenness_rank,strength_rank,eigenvector_centrality_rank,frequency_rank,speech_acts_rank,words_rank
degree_rank,,1.0,0.816496580927726,1.0,1.0,1.0,0.6324555320336759,0.6324555320336759
closeness_rank,1.0,,0.816496580927726,1.0,1.0,1.0,0.6324555320336759,0.6324555320336759
betweenness_rank,0.816496580927726,0.816496580927726,,0.816496580927726,0.816496580927726,0.816496580927726,0.7745966692414834,0.7745966692414834
strength_rank,1.0,1.0,0.816496580927726,,1.0,1.0,0.6324555320336759,0.6324555320336759
eigenvector_centrality_rank,1.0,1.0,0.816496580927726,1.0,,1.0,0.6324555320336759,0.6324555320336759
frequency_rank,1.0,1.0,0.816496580927726,1.0,1.0,,0.6324555320336759,0.6324555320336759
speech_acts_rank,0.6324555320336759,0.6324555320336759,0.7745966692414834,0.6324555320336759,0.6324555320336759,0.6324555320336759,,1.0
words_rank,0.6324555320336759,0.6324555320336759,0.7745966692414834,0.6324555320336759,0.6324555320336759,0.6324555320336759,1.0,
