segment;change_rate
1;1.0
2;0.8125
3;1.0
4;1.0
5;0.9523809523809523
6;1.0
7;0.6842105263157895
8;0.9565217391304348
9;0.8461538461538461
10;1.0
11;0.8666666666666667
12;0.7
