segment;change_rate
1;0.5384615384615384
2;0.6666666666666666
3;0.5
4;0.7142857142857143
