rank_name,degree_rank,closeness_rank,betweenness_rank,strength_rank,eigenvector_centrality_rank,frequency_rank,speech_acts_rank,words_rank
degree_rank,,1.0,0.8140600910440818,0.9481069762843042,0.937038889475152,0.8444551261653569,0.6034791527312785,0.6028523172435164
closeness_rank,1.0,,0.8140600910440818,0.9481069762843042,0.937038889475152,0.8444551261653569,0.6034791527312785,0.6028523172435164
betweenness_rank,0.8140600910440818,0.8140600910440818,,0.9040185348096366,0.9016922502350835,0.9388448599092108,0.6971098509745962,0.6809290459258571
strength_rank,0.9481069762843042,0.9481069762843042,0.9040185348096366,,0.9888380948235933,0.9472299332782288,0.7186199389817357,0.6962947186702907
eigenvector_centrality_rank,0.937038889475152,0.937038889475152,0.9016922502350835,0.9888380948235933,,0.9447924540701238,0.7062592341444911,0.6791705189187105
frequency_rank,0.8444551261653569,0.8444551261653569,0.9388448599092108,0.9472299332782288,0.9447924540701238,,0.8181918339297933,0.7837703349862924
speech_acts_rank,0.6034791527312785,0.6034791527312785,0.6971098509745962,0.7186199389817357,0.7062592341444911,0.8181918339297933,,0.9384182288643594
words_rank,0.6028523172435164,0.6028523172435164,0.6809290459258571,0.6962947186702907,0.6791705189187105,0.7837703349862924,0.9384182288643594,
