rank_name,degree_rank,closeness_rank,betweenness_rank,strength_rank,eigenvector_centrality_rank,frequency_rank,speech_acts_rank,words_rank
degree_rank,,0.9838377263780393,0.8151098577498569,0.9742549336808333,0.9492956846702271,0.7868629985489755,0.7106708037551799,0.5603638013864053
closeness_rank,0.9838377263780393,,0.7949009084028,0.9728161942010534,0.9723381495995823,0.8116901061879173,0.7364643204226516,0.5824695292642649
betweenness_rank,0.8151098577498569,0.7949009084028,,0.7965025488122343,0.7819197084512118,0.86452518265805,0.7798478193591512,0.747444899778658
strength_rank,0.9742549336808333,0.9728161942010534,0.7965025488122343,,0.9816064918396532,0.8354205118531799,0.7662717446955806,0.6225922637883148
eigenvector_centrality_rank,0.9492956846702271,0.9723381495995823,0.7819197084512118,0.9816064918396532,,0.848303479385923,0.7729421508973162,0.6160671944785713
frequency_rank,0.7868629985489755,0.8116901061879173,0.86452518265805,0.8354205118531799,0.848303479385923,,0.931351124459376,0.8978726817348782
speech_acts_rank,0.7106708037551799,0.7364643204226516,0.7798478193591512,0.7662717446955806,0.7729421508973162,0.931351124459376,,0.9310253568436712
words_rank,0.5603638013864053,0.5824695292642649,0.747444899778658,0.6225922637883148,0.6160671944785713,0.8978726817348782,0.9310253568436712,
