segment;change_rate
1;0.3333333333333333
2;0.0
3;0.8
4;0.5
5;0.75
6;0.5
7;0.4
8;0.8333333333333334
9;0.75
10;0.3333333333333333
11;0.25
12;0.5
13;0.5
14;0.8333333333333334
15;1.0
16;0.5
17;0.8
18;0.6
19;0.5714285714285714
20;0.875
21;0.6666666666666666
22;0.75
23;0.5
24;0.8
25;1.0
26;0.6666666666666666
27;0.6
28;0.3333333333333333
29;0.8
30;1.0
31;0.16666666666666666
32;0.2857142857142857
33;0.14285714285714285
34;0.7272727272727273
