rank_name,degree_rank,closeness_rank,betweenness_rank,strength_rank,eigenvector_centrality_rank,frequency_rank,speech_acts_rank,words_rank
degree_rank,,,,,,,,
closeness_rank,,,,,,,,
betweenness_rank,,,,,,,,
strength_rank,,,,,1.0,0.9746794344808964,0.9746794344808964,0.9
eigenvector_centrality_rank,,,,1.0,,0.9746794344808964,0.9746794344808964,0.9
frequency_rank,,,,0.9746794344808964,0.9746794344808964,,0.9210526315789473,0.8207826816681233
speech_acts_rank,,,,0.9746794344808964,0.9746794344808964,0.9210526315789473,,0.9746794344808964
words_rank,,,,0.9,0.9,0.8207826816681233,0.9746794344808964,
