segment;change_rate
1;0.5
2;0.6666666666666666
3;0.5
4;1.0
5;0.6666666666666666
6;0.6666666666666666
7;0.5
8;0.6666666666666666
9;0.6666666666666666
10;0.5
11;0.5
12;0.5
13;0.5
14;1.0
15;0.5
16;0.5
17;0.3333333333333333
18;0.6
19;0.6
