rank_name,degree_rank,closeness_rank,betweenness_rank,strength_rank,eigenvector_centrality_rank,frequency_rank,speech_acts_rank,words_rank
degree_rank,,0.995485304256668,0.6659090909090909,0.7629570919973645,0.7464735609670159,0.9061513849235561,0.9274067877797877,0.9006851648793635
closeness_rank,0.995485304256668,,0.6696901137726676,0.757285263263944,0.7453283206173675,0.8998330775253922,0.9343563762918368,0.907743148692197
betweenness_rank,0.6659090909090909,0.6696901137726676,,0.37364760810428116,0.35535717423280094,0.5526404742620207,0.6231189153116306,0.6481357265881276
strength_rank,0.7629570919973645,0.757285263263944,0.37364760810428116,,0.9945000517380604,0.9251101321585903,0.8480176211453745,0.8184823434658374
eigenvector_centrality_rank,0.7464735609670159,0.7453283206173675,0.35535717423280094,0.9945000517380604,,0.8976903121883378,0.8206825648192402,0.7846153846153846
frequency_rank,0.9061513849235561,0.8998330775253922,0.5526404742620207,0.9251101321585903,0.8976903121883378,,0.9581497797356828,0.9416947392563936
speech_acts_rank,0.9274067877797877,0.9343563762918368,0.6231189153116306,0.8480176211453745,0.8206825648192402,0.9581497797356828,,0.9922998303846577
words_rank,0.9006851648793635,0.907743148692197,0.6481357265881276,0.8184823434658374,0.7846153846153846,0.9416947392563936,0.9922998303846577,
