segment;change_rate
1;1.0
2;0.9795918367346939
3;1.0
4;0.8333333333333334
5;0.875
6;0.8461538461538461
7;0.9615384615384616
8;0.8333333333333334
9;0.6
10;0.8
11;0.9166666666666666
12;1.0
13;0.9032258064516129
14;1.0
15;0.6923076923076923
16;0.6
17;0.8181818181818182
18;0.5454545454545454
19;0.8636363636363636
20;1.0
21;1.0
22;0.0
23;0.9090909090909091
24;0.8888888888888888
25;0.5714285714285714
26;1.0
