segment;change_rate
1;0.5
2;0.6666666666666666
3;0.5
4;0.5
5;0.5
6;0.5
7;0.6666666666666666
8;0.0
9;0.0
