rank_name,degree_rank,closeness_rank,betweenness_rank,strength_rank,eigenvector_centrality_rank,frequency_rank,speech_acts_rank,words_rank
degree_rank,,0.6249557287090083,0.5762240759385443,0.9370715056371471,0.8670819289447345,0.5644369258165474,0.43493162258295154,0.4785226731006396
closeness_rank,0.6249557287090083,,0.714979392094436,0.6187244265035337,0.7172465429320438,0.5429801089821192,0.39912541206570684,0.40457254890262945
betweenness_rank,0.5762240759385443,0.714979392094436,,0.661891230469188,0.6136744672005823,0.7446935761387373,0.5766282494849087,0.5477997322216741
strength_rank,0.9370715056371471,0.6187244265035337,0.661891230469188,,0.9408313248245573,0.7669854575217359,0.5514229579281743,0.5776815068069272
eigenvector_centrality_rank,0.8670819289447345,0.7172465429320438,0.6136744672005823,0.9408313248245573,,0.7661651097544568,0.5105455323639243,0.554808049082778
frequency_rank,0.5644369258165474,0.5429801089821192,0.7446935761387373,0.7669854575217359,0.7661651097544568,,0.775387209718628,0.7715859173031074
speech_acts_rank,0.43493162258295154,0.39912541206570684,0.5766282494849087,0.5514229579281743,0.5105455323639243,0.775387209718628,,0.950545096248418
words_rank,0.4785226731006396,0.40457254890262945,0.5477997322216741,0.5776815068069272,0.554808049082778,0.7715859173031074,0.950545096248418,
