segment;change_rate
1;0.5
2;0.6
3;1.0
4;1.0
5;1.0
6;0.3333333333333333
7;0.6666666666666666
8;0.6666666666666666
9;0.6666666666666666
10;0.5
11;1.0
12;1.0
13;1.0
14;1.0
15;0.5
16;0.7142857142857143
17;0.8
18;0.3333333333333333
19;0.8
20;0.8
21;1.0
22;0.8333333333333334
23;0.2
24;0.8333333333333334
25;0.75
26;0.75
27;1.0
28;1.0
29;1.0
30;0.6666666666666666
