segment;change_rate
1;0.6666666666666666
2;0.6666666666666666
3;0.3333333333333333
4;0.5
5;0.5
6;0.25
7;0.25
8;0.3333333333333333
9;0.3333333333333333
10;0.4
