rank_name,degree_rank,closeness_rank,betweenness_rank,strength_rank,eigenvector_centrality_rank,frequency_rank,speech_acts_rank,words_rank
degree_rank,,0.9601763491719857,0.8712009019761693,0.9798958047318996,0.9248703346415832,0.8331025761472103,0.6371758788939723,0.5201323049602182
closeness_rank,0.9601763491719857,,0.8763732833853497,0.9584136967230167,0.9756231539360787,0.8736422715575475,0.6450047087969617,0.5336614860820769
betweenness_rank,0.8712009019761693,0.8763732833853497,,0.8670240400349242,0.8413119865107154,0.907289298254943,0.6963707746528952,0.6066220944530539
strength_rank,0.9798958047318996,0.9584136967230167,0.8670240400349242,,0.9613148167660918,0.89043992503641,0.6965185308717533,0.5724120285907986
eigenvector_centrality_rank,0.9248703346415832,0.9756231539360787,0.8413119865107154,0.9613148167660918,,0.905833683140608,0.6949965583044376,0.5714011266099368
frequency_rank,0.8331025761472103,0.8736422715575475,0.907289298254943,0.89043992503641,0.905833683140608,,0.8204007005706969,0.7032641761113472
speech_acts_rank,0.6371758788939723,0.6450047087969617,0.6963707746528952,0.6965185308717533,0.6949965583044376,0.8204007005706969,,0.9098022530471527
words_rank,0.5201323049602182,0.5336614860820769,0.6066220944530539,0.5724120285907986,0.5714011266099368,0.7032641761113472,0.9098022530471527,
