rank_name,degree_rank,closeness_rank,betweenness_rank,strength_rank,eigenvector_centrality_rank,frequency_rank,speech_acts_rank,words_rank
degree_rank,,0.9928039362491164,0.8585416065914138,0.9165091783629288,0.8973540812949181,0.82429237352963,0.6337236426675391,0.6147447321200828
closeness_rank,0.9928039362491164,,0.8647645071141081,0.9091932854859472,0.8899242081498242,0.8302670279933264,0.6336948763590079,0.6155093283062849
betweenness_rank,0.8585416065914138,0.8647645071141081,,0.7446803498283131,0.7175730472820544,0.7847196967645986,0.644602806973903,0.6199934213944881
strength_rank,0.9165091783629288,0.9091932854859472,0.7446803498283131,,0.9964365206600642,0.948216787157742,0.8270692958884307,0.8118923742667187
eigenvector_centrality_rank,0.8973540812949181,0.8899242081498242,0.7175730472820544,0.9964365206600642,,0.9437165954145267,0.8353352686511021,0.8148654483712364
frequency_rank,0.82429237352963,0.8302670279933264,0.7847196967645986,0.948216787157742,0.9437165954145267,,0.9130194688694645,0.907691003466323
speech_acts_rank,0.6337236426675391,0.6336948763590079,0.644602806973903,0.8270692958884307,0.8353352686511021,0.9130194688694645,,0.9621826671020288
words_rank,0.6147447321200828,0.6155093283062849,0.6199934213944881,0.8118923742667187,0.8148654483712364,0.907691003466323,0.9621826671020288,
