segment;change_rate
1;0.7142857142857143
2;0.5714285714285714
3;0.5714285714285714
4;0.7333333333333333
5;1.0
6;0.8
7;0.5
8;1.0
9;0.8333333333333334
10;0.75
