segment;change_rate
1;0.6521739130434783
2;0.6842105263157895
3;0.6666666666666666
4;0.6071428571428571
