segment;change_rate
1;0.75
2;0.8
3;0.3333333333333333
4;0.3333333333333333
5;0.75
6;1.0
7;0.3333333333333333
8;0.5
9;0.6666666666666666
10;0.42857142857142855
11;0.625
12;0.42857142857142855
13;0.5
14;0.8571428571428571
15;0.6666666666666666
16;0.3333333333333333
17;0.3333333333333333
18;0.6666666666666666
19;1.0
20;0.7142857142857143
21;0.6666666666666666
22;1.0
23;0.3333333333333333
24;0.5
25;0.5
