rank_name,degree_rank,closeness_rank,betweenness_rank,strength_rank,eigenvector_centrality_rank,frequency_rank,speech_acts_rank,words_rank
degree_rank,,1.0,0.9854485042688971,0.8146251841720592,0.7910811037046587,0.6320447596010228,0.6206214260314178,0.6027284599654542
closeness_rank,1.0,,0.9854485042688971,0.8146251841720592,0.7910811037046587,0.6320447596010228,0.6206214260314178,0.6027284599654542
betweenness_rank,0.9854485042688971,0.9854485042688971,,0.7450760631780815,0.7263320112742304,0.6313485936460719,0.6058742291077602,0.6044956738991982
strength_rank,0.8146251841720592,0.8146251841720592,0.7450760631780815,,0.990909090909091,0.6330541649476573,0.6287032256579231,0.5454545454545454
eigenvector_centrality_rank,0.7910811037046587,0.7910811037046587,0.7263320112742304,0.990909090909091,,0.614704768862218,0.6469265075610514,0.5636363636363636
frequency_rank,0.6320447596010228,0.6320447596010228,0.6313485936460719,0.6330541649476573,0.614704768862218,,0.583921932513893,0.5000210433282221
speech_acts_rank,0.6206214260314178,0.6206214260314178,0.6058742291077602,0.6287032256579231,0.6469265075610514,0.583921932513893,,0.9795014022931412
words_rank,0.6027284599654542,0.6027284599654542,0.6044956738991982,0.5454545454545454,0.5636363636363636,0.5000210433282221,0.9795014022931412,
