segment;change_rate
1;0.7142857142857143
2;0.9333333333333333
3;0.5714285714285714
4;0.2727272727272727
5;0.4
6;0.5384615384615384
7;0.7857142857142857
8;0.9333333333333333
9;0.9411764705882353
10;0.8333333333333334
11;0.4375
12;0.5
13;0.7857142857142857
14;1.0
15;0.8947368421052632
16;0.5416666666666666
17;0.8214285714285714
