rank_name,degree_rank,closeness_rank,betweenness_rank,strength_rank,eigenvector_centrality_rank,frequency_rank,speech_acts_rank,words_rank
degree_rank,,0.5078374404146034,0.6915479473223122,0.8986636015789531,0.031228003401913104,0.6422450474928582,0.3748238482372911,0.2894618178662803
closeness_rank,0.5078374404146034,,0.8493305798554138,0.7185974830095472,0.7668214312804537,0.8476071659899528,0.5410097273226069,0.5357689856984188
betweenness_rank,0.6915479473223122,0.8493305798554138,,0.8541569310600087,0.5592747165775152,0.963821879602029,0.6637012322742449,0.6340896231290616
strength_rank,0.8986636015789531,0.7185974830095472,0.8541569310600087,,0.345449901776175,0.856132835555925,0.5093426250294758,0.45195141015108464
eigenvector_centrality_rank,0.031228003401913104,0.7668214312804537,0.5592747165775152,0.345449901776175,,0.6397206556577703,0.4025571939907747,0.42811363225961424
frequency_rank,0.6422450474928582,0.8476071659899528,0.963821879602029,0.856132835555925,0.6397206556577703,,0.6991657838820509,0.6683575621125143
speech_acts_rank,0.3748238482372911,0.5410097273226069,0.6637012322742449,0.5093426250294758,0.4025571939907747,0.6991657838820509,,0.9404503508206304
words_rank,0.2894618178662803,0.5357689856984188,0.6340896231290616,0.45195141015108464,0.42811363225961424,0.6683575621125143,0.9404503508206304,
