segment;change_rate
1;0.3333333333333333
2;0.6
3;0.8
4;0.6666666666666666
5;0.6666666666666666
6;0.5
7;1.0
8;0.25
9;0.4
10;0.4
11;0.25
12;0.25
13;0.0
14;0.8
15;0.5
16;1.0
17;0.3333333333333333
18;1.0
19;0.25
20;1.0
21;0.6666666666666666
22;0.8333333333333334
23;0.75
24;0.8
25;0.5
26;0.6
27;1.0
28;0.5
29;0.25
30;1.0
31;1.0
32;0.5
33;0.6666666666666666
34;0.3333333333333333
35;0.6
36;0.4
37;1.0
38;0.75
