segment;change_rate
1;0.3333333333333333
2;0.3333333333333333
3;0.0
4;0.0
5;0.0
6;0.6666666666666666
7;0.3333333333333333
8;0.3333333333333333
9;0.0
