segment;change_rate
1;0.5
2;1.0
3;0.5
4;0.3333333333333333
5;0.3333333333333333
6;0.6666666666666666
7;0.5
8;1.0
9;1.0
10;1.0
11;1.0
12;0.5
13;0.3333333333333333
14;0.75
15;0.5
16;0.5
17;0.5
18;0.5
19;0.3333333333333333
20;0.5
21;0.3333333333333333
22;0.3333333333333333
23;0.25
24;0.75
25;0.5
26;0.3333333333333333
27;0.0
28;0.4
