rank_name,degree_rank,closeness_rank,betweenness_rank,strength_rank,eigenvector_centrality_rank,frequency_rank,speech_acts_rank,words_rank
degree_rank,,0.9653791557702638,0.7076172545359256,0.9559966139260799,0.893030041509319,0.7560763354777366,0.6424644236246806,0.5896470410666942
closeness_rank,0.9653791557702638,,0.7549740483529318,0.934778026742774,0.9252702553513878,0.7632922896431695,0.6569704467188905,0.5868694540733337
betweenness_rank,0.7076172545359256,0.7549740483529318,,0.7382721033160778,0.7393800038438274,0.8221955975567048,0.7177760893436562,0.6619295300551107
strength_rank,0.9559966139260799,0.934778026742774,0.7382721033160778,,0.964983403763697,0.8921357472179318,0.7630751357368434,0.7222614897803369
eigenvector_centrality_rank,0.893030041509319,0.9252702553513878,0.7393800038438274,0.964983403763697,,0.8965123205294889,0.7461089619904984,0.6946489367248032
frequency_rank,0.7560763354777366,0.7632922896431695,0.8221955975567048,0.8921357472179318,0.8965123205294889,,0.8971374147706265,0.8396839431738369
speech_acts_rank,0.6424644236246806,0.6569704467188905,0.7177760893436562,0.7630751357368434,0.7461089619904984,0.8971374147706265,,0.9168557885340746
words_rank,0.5896470410666942,0.5868694540733337,0.6619295300551107,0.7222614897803369,0.6946489367248032,0.8396839431738369,0.9168557885340746,
