segment;change_rate
1;0.8666666666666667
2;0.5333333333333333
3;0.5
