rank_name,degree_rank,closeness_rank,betweenness_rank,strength_rank,eigenvector_centrality_rank,frequency_rank,speech_acts_rank,words_rank
degree_rank,,1.0,0.9074798670713895,0.9665911843962262,0.9619095675681301,0.9196220887983444,0.8681104209982478,0.8913971441988559
closeness_rank,1.0,,0.9074798670713895,0.9665911843962262,0.9619095675681301,0.9196220887983444,0.8681104209982478,0.8913971441988559
betweenness_rank,0.9074798670713895,0.9074798670713895,,0.8832468658119708,0.8668172348027252,0.8916677481444751,0.8612310634321326,0.8376327619138605
strength_rank,0.9665911843962262,0.9665911843962262,0.8832468658119708,,0.9932817863886189,0.9672832990892747,0.9099383757585118,0.9080583357835968
eigenvector_centrality_rank,0.9619095675681301,0.9619095675681301,0.8668172348027252,0.9932817863886189,,0.961591362201062,0.8918789841099077,0.8921013062876273
frequency_rank,0.9196220887983444,0.9196220887983444,0.8916677481444751,0.9672832990892747,0.961591362201062,,0.94072386133183,0.917503272508358
speech_acts_rank,0.8681104209982478,0.8681104209982478,0.8612310634321326,0.9099383757585118,0.8918789841099077,0.94072386133183,,0.9679441592087905
words_rank,0.8913971441988559,0.8913971441988559,0.8376327619138605,0.9080583357835968,0.8921013062876273,0.917503272508358,0.9679441592087905,
