rank_name,degree_rank,closeness_rank,betweenness_rank,strength_rank,eigenvector_centrality_rank,frequency_rank,speech_acts_rank,words_rank
degree_rank,,1.0,0.8444379825929623,0.6264110139619656,0.5813094209567041,0.6811842755166112,0.6715126069672271,0.7266367761958802
closeness_rank,1.0,,0.8444379825929623,0.6264110139619656,0.5813094209567041,0.6811842755166112,0.6715126069672271,0.7266367761958802
betweenness_rank,0.8444379825929623,0.8444379825929623,,0.38297084310253526,0.30753719218839953,0.595941212989568,0.4409967284211012,0.5164303793352369
strength_rank,0.6264110139619656,0.6264110139619656,0.38297084310253526,,0.990909090909091,0.938237211888836,0.9272727272727272,0.9090909090909091
eigenvector_centrality_rank,0.5813094209567041,0.5813094209567041,0.30753719218839953,0.990909090909091,,0.9107766105652604,0.9363636363636364,0.8909090909090909
frequency_rank,0.6811842755166112,0.6811842755166112,0.595941212989568,0.938237211888836,0.9107766105652604,,0.9199301443397856,0.8970463099034726
speech_acts_rank,0.6715126069672271,0.6715126069672271,0.4409967284211012,0.9272727272727272,0.9363636363636364,0.9199301443397856,,0.9363636363636364
words_rank,0.7266367761958802,0.7266367761958802,0.5164303793352369,0.9090909090909091,0.8909090909090909,0.8970463099034726,0.9363636363636364,
