rank_name,degree_rank,closeness_rank,betweenness_rank,strength_rank,eigenvector_centrality_rank,frequency_rank,speech_acts_rank,words_rank
degree_rank,,1.0,0.7266836716972299,0.9004834374091579,0.8714876546881078,0.8037566422596651,0.7202518517430827,0.5424523307652932
closeness_rank,1.0,,0.7266836716972299,0.9004834374091579,0.8714876546881078,0.8037566422596651,0.7202518517430827,0.5424523307652932
betweenness_rank,0.7266836716972299,0.7266836716972299,,0.8569317497532796,0.8649375619150712,0.870772954075653,0.7067559084186688,0.5436235295331198
strength_rank,0.9004834374091579,0.9004834374091579,0.8569317497532796,,0.9891568802397984,0.9198066088748534,0.8639134220358556,0.7134092974476772
eigenvector_centrality_rank,0.8714876546881078,0.8714876546881078,0.8649375619150712,0.9891568802397984,,0.9413225520671368,0.8845796013867904,0.7423860449127012
frequency_rank,0.8037566422596651,0.8037566422596651,0.870772954075653,0.9198066088748534,0.9413225520671368,,0.8840181450415662,0.8137449769296382
speech_acts_rank,0.7202518517430827,0.7202518517430827,0.7067559084186688,0.8639134220358556,0.8845796013867904,0.8840181450415662,,0.9166510501654264
words_rank,0.5424523307652932,0.5424523307652932,0.5436235295331198,0.7134092974476772,0.7423860449127012,0.8137449769296382,0.9166510501654264,
