rank_name,degree_rank,closeness_rank,betweenness_rank,strength_rank,eigenvector_centrality_rank,frequency_rank,speech_acts_rank,words_rank
degree_rank,,0.970142500145332,0.5416666666666666,0.5786375623578447,0.4629100498862757,0.7071067811865476,0.5786375623578447,0.23145502494313785
closeness_rank,0.970142500145332,,0.727606875108999,0.44908871313907184,0.3181045051401759,0.5907173488241971,0.5613608914238398,0.22454435656953592
betweenness_rank,0.5416666666666666,0.727606875108999,,-0.03857583749052298,-0.1543033499620919,0.07856742013183861,0.3471825374147068,0.19287918745261487
strength_rank,0.5786375623578447,0.44908871313907184,-0.03857583749052298,,0.9642857142857143,0.9819805060619657,0.8571428571428571,0.75
eigenvector_centrality_rank,0.4629100498862757,0.3181045051401759,-0.1543033499620919,0.9642857142857143,,0.9274260335029676,0.7857142857142857,0.7142857142857143
frequency_rank,0.7071067811865476,0.5907173488241971,0.07856742013183861,0.9819805060619657,0.9274260335029676,,0.8728715609439694,0.6728384948943098
speech_acts_rank,0.5786375623578447,0.5613608914238398,0.3471825374147068,0.8571428571428571,0.7857142857142857,0.8728715609439694,,0.7857142857142857
words_rank,0.23145502494313785,0.22454435656953592,0.19287918745261487,0.75,0.7142857142857143,0.6728384948943098,0.7857142857142857,
