segment;change_rate
1;0.6666666666666666
2;0.5
3;0.5
4;0.6666666666666666
5;0.6666666666666666
6;0.3333333333333333
7;0.25
8;0.4
9;0.5
10;0.6666666666666666
11;0.3333333333333333
12;0.3333333333333333
13;0.6666666666666666
14;1.0
15;0.5
16;0.5
17;0.5
18;0.6666666666666666
19;0.3333333333333333
20;0.25
21;0.2
22;0.6
