name,betweenness,degree,closeness,closeness_corrected,strength,eigenvector_centrality,avg_distance,avg_distance_corrected,frequency,speech_acts,words,lines,chars,degree_rank,closeness_rank,betweenness_rank,strength_rank,eigenvector_centrality_rank,frequency_rank,speech_acts_rank,words_rank,centrality_rank_avg,centrality_rank_std,centrality_rank_avg_rank,centrality_rank_std_rank,avg_graph_rank,avg_content_rank,overall_avg,overall_avg_rank
WALTER,0.0,7,1.0,1.0,17,0.40677519697458975,1.0,1.0,3,72,705,59,4018,1.0,1.0,1.0,1.0,1.0,1.0,4.0,7.0,2.125,0.27900892842856684,3.0,5.0,1.0,4.0,2.5,2.0
FRAU SELICKE,0.0,7,1.0,1.0,17,0.40677519697458975,1.0,1.0,3,202,3845,132,21277,1.0,1.0,1.0,1.0,1.0,1.0,2.0,1.0,1.125,0.04419417382415922,1.0,1.0,1.0,1.0,1.0,1.0
LINCHEN,0.0,7,1.0,1.0,11,0.2810408310007883,1.0,1.0,2,70,998,59,5395,1.0,1.0,1.0,7.0,7.0,5.0,5.0,6.0,4.125,0.33698704404938606,7.0,6.0,7.0,5.0,6.0,7.0
WENDT,0.0,7,1.0,1.0,12,0.3001398500082152,1.0,1.0,2,162,3483,107,20118,1.0,1.0,1.0,5.0,5.0,5.0,3.0,2.0,2.875,0.23563648607851156,4.0,3.0,5.0,3.0,4.0,4.0
SELICKE,0.0,7,1.0,1.0,11,0.2810408310007883,1.0,1.0,2,26,1855,10,9818,1.0,1.0,1.0,7.0,7.0,5.0,8.0,4.0,4.25,0.37050882002225766,8.0,8.0,7.0,8.0,7.5,8.0
KOPELKE,0.0,7,1.0,1.0,12,0.3001398500082152,1.0,1.0,2,48,1791,20,10166,1.0,1.0,1.0,5.0,5.0,5.0,6.0,5.0,3.625,0.2749797070434731,6.0,4.0,5.0,5.0,5.0,6.0
TONI,0.0,7,1.0,1.0,17,0.4067751969745897,1.0,1.0,3,237,3312,184,18089,1.0,1.0,1.0,1.0,3.0,1.0,1.0,3.0,1.5,0.11572751247156893,2.0,2.0,3.0,2.0,2.5,2.0
ALBERT,0.0,7,1.0,1.0,17,0.4067751969745897,1.0,1.0,3,42,634,30,3254,1.0,1.0,1.0,1.0,3.0,1.0,7.0,8.0,2.875,0.368621345595411,4.0,7.0,3.0,5.0,4.0,4.0
