rank_name,degree_rank,closeness_rank,betweenness_rank,strength_rank,eigenvector_centrality_rank,frequency_rank,speech_acts_rank,words_rank
degree_rank,,,,,,,,
closeness_rank,,,,,,,,
betweenness_rank,,,,,,,,
strength_rank,,,,,0.9486832980505138,0.9428090415820635,0.5143444998736397,-0.025717224993681984
eigenvector_centrality_rank,,,,0.9486832980505138,,0.8944271909999159,0.5367450401216932,0.048795003647426664
frequency_rank,,,,0.9428090415820635,0.8944271909999159,,0.4364357804719848,-0.1091089451179962
speech_acts_rank,,,,0.5143444998736397,0.5367450401216932,0.4364357804719848,,0.5952380952380952
words_rank,,,,-0.025717224993681984,0.048795003647426664,-0.1091089451179962,0.5952380952380952,
