segment;change_rate
1;0.3333333333333333
2;0.3333333333333333
3;0.5
4;0.75
5;0.5
6;0.6666666666666666
7;0.75
8;0.3333333333333333
