rank_name,degree_rank,closeness_rank,betweenness_rank,strength_rank,eigenvector_centrality_rank,frequency_rank,speech_acts_rank,words_rank
degree_rank,,1.0,0.9373476162299572,0.9488470330318907,0.9488470330318907,0.9375948014775065,0.8421181870097526,0.8575585429734288
closeness_rank,1.0,,0.9373476162299572,0.9488470330318907,0.9488470330318907,0.9375948014775065,0.8421181870097526,0.8575585429734288
betweenness_rank,0.9373476162299572,0.9373476162299572,,0.9365810298175562,0.9365810298175562,0.9562923303599681,0.7896353955825953,0.8711057602558425
strength_rank,0.9488470330318907,0.9488470330318907,0.9365810298175562,,1.0,0.922868515623047,0.8170571691028833,0.8351648351648352
eigenvector_centrality_rank,0.9488470330318907,0.9488470330318907,0.9365810298175562,1.0,,0.922868515623047,0.8170571691028833,0.8351648351648352
frequency_rank,0.9375948014775065,0.9375948014775065,0.9562923303599681,0.922868515623047,0.922868515623047,,0.8165525008826533,0.8732815506044952
speech_acts_rank,0.8421181870097526,0.8421181870097526,0.7896353955825953,0.8170571691028833,0.8170571691028833,0.8165525008826533,,0.9491068125942583
words_rank,0.8575585429734288,0.8575585429734288,0.8711057602558425,0.8351648351648352,0.8351648351648352,0.8732815506044952,0.9491068125942583,
