segment;change_rate
1;0.3333333333333333
2;0.3333333333333333
3;0.5
4;0.5
5;0.3333333333333333
6;0.25
7;0.2
8;0.8
9;0.5
10;0.6666666666666666
11;0.6666666666666666
12;0.6666666666666666
