segment;change_rate
1;0.8
2;1.0
3;0.5
4;1.0
5;0.46153846153846156
6;0.9090909090909091
7;0.5
8;0.5
9;1.0
10;1.0
11;0.3333333333333333
12;1.0
13;1.0
14;0.6666666666666666
15;0.75
16;1.0
17;1.0
18;1.0
19;1.0
