segment;change_rate
1;0.9
2;0.6666666666666666
3;0.5
4;0.7368421052631579
5;0.9
6;1.0
7;1.0
8;0.8461538461538461
9;0.8421052631578947
10;0.9333333333333333
11;1.0
12;0.8571428571428571
13;0.9
