name,betweenness,degree,closeness,closeness_corrected,strength,eigenvector_centrality,avg_distance,avg_distance_corrected,frequency,speech_acts,words,lines,chars,degree_rank,closeness_rank,betweenness_rank,strength_rank,eigenvector_centrality_rank,frequency_rank,speech_acts_rank,words_rank,centrality_rank_avg,centrality_rank_std,centrality_rank_avg_rank,centrality_rank_std_rank,avg_graph_rank,avg_content_rank,overall_avg,overall_avg_rank
VOLLKOMMENHEIT,0.0,4,0.75,0.75,4,0.2707940827745827,1.3333333333333333,1.3333333333333333,1,2,10,2,54,3.0,3.0,3.0,4.0,4.0,6.0,7.0,7.0,4.625,0.2209708691207961,7.0,7.0,4.0,7.0,5.5,7.0
VERSTAND,0.0,4,0.75,0.75,4,0.2707940827745827,1.3333333333333333,1.3333333333333333,1,4,23,4,114,3.0,3.0,3.0,4.0,4.0,6.0,6.0,6.0,4.375,0.17598574414666987,5.0,5.0,4.0,6.0,5.0,5.0
REGEL,0.2,6,1.0,1.0,9,0.533015932454262,1.0,1.0,3,56,1693,203,9097,1.0,1.0,1.0,1.0,1.0,1.0,1.0,1.0,1.0,0.0,1.0,1.0,1.0,1.0,1.0,1.0
TRAUERSPIEL,0.2,6,1.0,1.0,9,0.533015932454262,1.0,1.0,3,52,1670,192,8755,1.0,1.0,1.0,1.0,1.0,1.0,2.0,2.0,1.25,0.057863756235784464,2.0,2.0,1.0,2.0,1.5,2.0
ALTERTHUM,0.0,3,0.6666666666666666,0.6666666666666666,4,0.23880102126856256,1.5,1.5,2,14,456,53,2468,6.0,6.0,3.0,4.0,6.0,3.0,4.0,4.0,4.5,0.16366341767699427,6.0,4.0,6.0,4.0,5.0,5.0
FLEIS,0.0,3,0.6666666666666666,0.6666666666666666,4,0.23880102126856256,1.5,1.5,2,25,781,90,4023,6.0,6.0,3.0,4.0,6.0,3.0,3.0,3.0,4.25,0.18600595228571123,4.0,6.0,6.0,3.0,4.5,4.0
LIEBE,0.0,4,0.75,0.75,6,0.4136149241148767,1.3333333333333333,1.3333333333333333,2,13,156,22,782,3.0,3.0,3.0,3.0,3.0,3.0,5.0,5.0,3.5,0.11572751247156893,3.0,3.0,3.0,5.0,4.0,3.0
