rank_name,degree_rank,closeness_rank,betweenness_rank,strength_rank,eigenvector_centrality_rank,frequency_rank,speech_acts_rank,words_rank
degree_rank,,0.9855666877546654,0.6674822332645097,0.9788516925164954,0.9714681803787815,0.9262761763279601,0.9229020939619899,0.9031899163472523
closeness_rank,0.9855666877546654,,0.7153331652446867,0.9384930321215598,0.956023980231587,0.8907098435148879,0.8796857820503807,0.868159553922985
betweenness_rank,0.6674822332645097,0.7153331652446867,,0.6181225377691006,0.6196468866628343,0.6540204500275388,0.5964150017214139,0.5854336955733669
strength_rank,0.9788516925164954,0.9384930321215598,0.6181225377691006,,0.964288639284203,0.9620004494744933,0.9439326045536679,0.8966850716093464
eigenvector_centrality_rank,0.9714681803787815,0.956023980231587,0.6196468866628343,0.964288639284203,,0.9210493992577051,0.9385373622776697,0.9202460914949285
frequency_rank,0.9262761763279601,0.8907098435148879,0.6540204500275388,0.9620004494744933,0.9210493992577051,,0.9515059143721808,0.854033809774684
speech_acts_rank,0.9229020939619899,0.8796857820503807,0.5964150017214139,0.9439326045536679,0.9385373622776697,0.9515059143721808,,0.9441391087300776
words_rank,0.9031899163472523,0.868159553922985,0.5854336955733669,0.8966850716093464,0.9202460914949285,0.854033809774684,0.9441391087300776,
