rank_name,degree_rank,closeness_rank,betweenness_rank,strength_rank,eigenvector_centrality_rank,frequency_rank,speech_acts_rank,words_rank
degree_rank,,0.6833601774141304,0.6785757999509486,1.0,0.6785757999509486,0.14907119849998599,-0.22411673409695027,0.07453559924999299
closeness_rank,0.6833601774141304,,0.9929987470424658,0.6833601774141304,0.7400651039278755,0.4074772826171499,-0.315586869085751,-0.07408677865766361
betweenness_rank,0.6785757999509486,0.9929987470424658,,0.6785757999509486,0.6651162790697674,0.5057805388588732,-0.23503302418890407,-0.004598004898717029
strength_rank,1.0,0.6833601774141304,0.6785757999509486,,0.6785757999509486,0.14907119849998599,-0.22411673409695027,0.07453559924999299
eigenvector_centrality_rank,0.6785757999509486,0.7400651039278755,0.6651162790697674,0.6785757999509486,,-0.3034683233153239,-0.6774481285444882,-0.4092224359858156
frequency_rank,0.14907119849998599,0.4074772826171499,0.5057805388588732,0.14907119849998599,-0.3034683233153239,,0.5011402523360258,0.5
speech_acts_rank,-0.22411673409695027,-0.315586869085751,-0.23503302418890407,-0.22411673409695027,-0.6774481285444882,0.5011402523360258,,0.7198196351735642
words_rank,0.07453559924999299,-0.07408677865766361,-0.004598004898717029,0.07453559924999299,-0.4092224359858156,0.5,0.7198196351735642,
