rank_name,degree_rank,closeness_rank,betweenness_rank,strength_rank,eigenvector_centrality_rank,frequency_rank,speech_acts_rank,words_rank
degree_rank,,1.0,0.9606604000023788,0.9936540801746018,0.9755196515848223,0.9417082763400056,0.9165056304990311,0.8939731981948053
closeness_rank,1.0,,0.9606604000023788,0.9936540801746018,0.9755196515848223,0.9417082763400056,0.9165056304990311,0.8939731981948053
betweenness_rank,0.9606604000023788,0.9606604000023788,,0.9560185657499676,0.938223147436112,0.981774074355943,0.8824318799968982,0.8684330260102128
strength_rank,0.9936540801746018,0.9936540801746018,0.9560185657499676,,0.9844623851784255,0.956480565648758,0.9121017198431692,0.8869234106069902
eigenvector_centrality_rank,0.9755196515848223,0.9755196515848223,0.938223147436112,0.9844623851784255,,0.9433280666924374,0.9145374449339208,0.881760371359585
frequency_rank,0.9417082763400056,0.9417082763400056,0.981774074355943,0.956480565648758,0.9433280666924374,,0.8658070473503856,0.8471313823412332
speech_acts_rank,0.9165056304990311,0.9165056304990311,0.8824318799968982,0.9121017198431692,0.9145374449339208,0.8658070473503856,,0.9819803936277731
words_rank,0.8939731981948053,0.8939731981948053,0.8684330260102128,0.8869234106069902,0.881760371359585,0.8471313823412332,0.9819803936277731,
