segment;change_rate
1;0.7
2;0.9166666666666666
3;0.5454545454545454
4;0.625
5;0.6666666666666666
6;0.6
