segment;change_rate
1;0.5
2;0.6666666666666666
3;1.0
4;0.5
5;0.5
6;0.5
7;0.6666666666666666
8;0.3333333333333333
9;0.75
10;0.5
11;1.0
12;1.0
13;0.6666666666666666
14;1.0
15;1.0
16;1.0
17;0.3333333333333333
18;0.75
19;0.6666666666666666
20;0.5
21;1.0
