name,betweenness,degree,closeness,closeness_corrected,strength,eigenvector_centrality,avg_distance,avg_distance_corrected,frequency,speech_acts,words,lines,chars,degree_rank,closeness_rank,betweenness_rank,strength_rank,eigenvector_centrality_rank,frequency_rank,speech_acts_rank,words_rank,centrality_rank_avg,centrality_rank_std,centrality_rank_avg_rank,centrality_rank_std_rank,avg_graph_rank,avg_content_rank,overall_avg,overall_avg_rank
KREUSA,0.03333333333333333,4,0.8,1.0,11,0.4990251304471886,1.25,1.0,10,101,3575,480,19924,1.0,1.0,1.0,2.0,2.0,2.0,2.0,3.0,1.75,0.08838834764831845,1.0,2.0,1.0,2.0,1.5,1.0
JON,0.0,3,0.6400000000000001,0.8,12,0.5468192172276621,1.5624999999999998,1.25,11,109,4239,576,23514,4.0,4.0,4.0,1.0,1.0,1.0,1.0,2.0,2.25,0.18600595228571123,3.0,6.0,4.0,1.0,2.5,2.0
APOLLO,0.0,0,0.0,0.0,0,0.0,inf,inf,1,1,218,29,1333,6.0,6.0,4.0,6.0,6.0,6.0,6.0,6.0,5.75,0.08838834764831845,6.0,2.0,6.0,6.0,6.0,6.0
PHORBAS,0.0,3,0.6400000000000001,0.8,4,0.17554189576598767,1.5624999999999998,1.25,3,37,1751,249,9981,4.0,4.0,4.0,5.0,5.0,5.0,5.0,5.0,4.625,0.06469364618834571,5.0,1.0,5.0,5.0,5.0,5.0
XUTHUS,0.03333333333333333,4,0.8,1.0,11,0.4900237644231886,1.25,1.0,7,69,4288,587,24100,1.0,1.0,1.0,2.0,3.0,4.0,4.0,1.0,2.125,0.1695253352325672,2.0,4.0,2.0,3.0,2.5,2.0
PYTHIA,0.03333333333333333,4,0.8,1.0,10,0.425469641671534,1.25,1.0,8,70,3052,419,17005,1.0,1.0,1.0,4.0,4.0,3.0,3.0,4.0,2.625,0.17598574414666987,4.0,5.0,3.0,4.0,3.5,4.0
