rank_name,degree_rank,closeness_rank,betweenness_rank,strength_rank,eigenvector_centrality_rank,frequency_rank,speech_acts_rank,words_rank
degree_rank,,1.0,0.9486832980505138,0.46966821831386213,0.46291004988627577,0.46291004988627577,0.46291004988627577,0.6172133998483676
closeness_rank,1.0,,0.9486832980505138,0.46966821831386213,0.46291004988627577,0.46291004988627577,0.46291004988627577,0.6172133998483676
betweenness_rank,0.9486832980505138,0.9486832980505138,,0.2970442628930023,0.29277002188455997,0.29277002188455997,0.29277002188455997,0.4879500364742666
strength_rank,0.46966821831386213,0.46966821831386213,0.2970442628930023,,0.9856107606091623,0.898645105261295,0.898645105261295,0.898645105261295
eigenvector_centrality_rank,0.46291004988627577,0.46291004988627577,0.29277002188455997,0.9856107606091623,,0.9428571428571428,0.9428571428571428,0.8285714285714286
frequency_rank,0.46291004988627577,0.46291004988627577,0.29277002188455997,0.898645105261295,0.9428571428571428,,1.0,0.6571428571428571
speech_acts_rank,0.46291004988627577,0.46291004988627577,0.29277002188455997,0.898645105261295,0.9428571428571428,1.0,,0.6571428571428571
words_rank,0.6172133998483676,0.6172133998483676,0.4879500364742666,0.898645105261295,0.8285714285714286,0.6571428571428571,0.6571428571428571,
