rank_name,degree_rank,closeness_rank,betweenness_rank,strength_rank,eigenvector_centrality_rank,frequency_rank,speech_acts_rank,words_rank
degree_rank,,0.9858105811161559,0.9076962344767443,0.9688135460012874,0.9547354908507045,0.9432846327524594,0.8381775810034567,0.750210263910976
closeness_rank,0.9858105811161559,,0.9441661155843231,0.9651206787533981,0.9466042073548689,0.970917495907934,0.8672259548572429,0.7837252053760319
betweenness_rank,0.9076962344767443,0.9441661155843231,,0.889229027018998,0.8601079019606752,0.9550622480920088,0.8447213563084269,0.7635859153357537
strength_rank,0.9688135460012874,0.9651206787533981,0.889229027018998,,0.9918821889359688,0.9436295255613263,0.9173434232495604,0.8341951115032719
eigenvector_centrality_rank,0.9547354908507045,0.9466042073548689,0.8601079019606752,0.9918821889359688,,0.9206943820583706,0.9122418879056047,0.8438889858921913
frequency_rank,0.9432846327524594,0.970917495907934,0.9550622480920088,0.9436295255613263,0.9206943820583706,,0.907350985216945,0.833475193208771
speech_acts_rank,0.8381775810034567,0.8672259548572429,0.8447213563084269,0.9173434232495604,0.9122418879056047,0.907350985216945,,0.9543456594382896
words_rank,0.750210263910976,0.7837252053760319,0.7635859153357537,0.8341951115032719,0.8438889858921913,0.833475193208771,0.9543456594382896,
