segment;change_rate
1;0.2857142857142857
2;0.2857142857142857
