rank_name,degree_rank,closeness_rank,betweenness_rank,strength_rank,eigenvector_centrality_rank,frequency_rank,speech_acts_rank,words_rank
degree_rank,,1.0,,1.0,1.0,,0.7745966692414834,-0.7745966692414834
closeness_rank,1.0,,,1.0,1.0,,0.7745966692414834,-0.7745966692414834
betweenness_rank,,,,,,,,
strength_rank,1.0,1.0,,,1.0,,0.7745966692414834,-0.7745966692414834
eigenvector_centrality_rank,1.0,1.0,,1.0,,,0.7745966692414834,-0.7745966692414834
frequency_rank,,,,,,,,
speech_acts_rank,0.7745966692414834,0.7745966692414834,,0.7745966692414834,0.7745966692414834,,,-0.2
words_rank,-0.7745966692414834,-0.7745966692414834,,-0.7745966692414834,-0.7745966692414834,,-0.2,
