rank_name,degree_rank,closeness_rank,betweenness_rank,strength_rank,eigenvector_centrality_rank,frequency_rank,speech_acts_rank,words_rank
degree_rank,,1.0,0.9765546859751105,0.9845655739306395,0.9827963621257154,0.9446513283781325,0.834411587780649,0.7813646953800505
closeness_rank,1.0,,0.9765546859751105,0.9845655739306395,0.9827963621257154,0.9446513283781325,0.834411587780649,0.7813646953800505
betweenness_rank,0.9765546859751105,0.9765546859751105,,0.9651872583009184,0.9634528682952522,0.9676823571311416,0.8834090584920727,0.8398966344670916
strength_rank,0.9845655739306395,0.9845655739306395,0.9651872583009184,,0.9982030533549322,0.9744483308772968,0.8663764240260167,0.8123930287971748
eigenvector_centrality_rank,0.9827963621257154,0.9827963621257154,0.9634528682952522,0.9982030533549322,,0.9726972992183347,0.8684006253239878,0.8181016721623712
frequency_rank,0.9446513283781325,0.9446513283781325,0.9676823571311416,0.9744483308772968,0.9726972992183347,,0.894616591180549,0.8484347012357626
speech_acts_rank,0.834411587780649,0.834411587780649,0.8834090584920727,0.8663764240260167,0.8684006253239878,0.894616591180549,,0.9812336357839894
words_rank,0.7813646953800505,0.7813646953800505,0.8398966344670916,0.8123930287971748,0.8181016721623712,0.8484347012357626,0.9812336357839894,
