segment;change_rate
1;0.46153846153846156
2;0.6666666666666666
3;0.6363636363636364
4;0.5833333333333334
