segment;change_rate
1;0.5
2;0.6666666666666666
3;0.3333333333333333
4;0.3333333333333333
5;0.3333333333333333
6;0.8
7;0.25
8;0.8
9;0.3333333333333333
10;0.75
11;0.6
12;0.8333333333333334
13;0.3333333333333333
14;0.0
15;0.5
16;0.25
17;0.4
18;0.8
19;0.3333333333333333
20;0.75
21;0.3333333333333333
22;0.75
23;0.6
24;0.6666666666666666
25;0.3333333333333333
26;0.6666666666666666
27;0.6666666666666666
28;0.5
29;0.75
30;0.5
31;0.5
32;0.4
