name,betweenness,degree,closeness,closeness_corrected,strength,eigenvector_centrality,avg_distance,avg_distance_corrected,frequency,speech_acts,words,lines,chars,degree_rank,closeness_rank,betweenness_rank,strength_rank,eigenvector_centrality_rank,frequency_rank,speech_acts_rank,words_rank,centrality_rank_avg,centrality_rank_std,centrality_rank_avg_rank,centrality_rank_std_rank,avg_graph_rank,avg_content_rank,overall_avg,overall_avg_rank
LENE,0.0,6,1.0,1.0,46,0.534962234813264,1.0,1.0,22,483,4977,409,23727,1.0,1.0,1.0,1.0,1.0,1.0,1.0,3.0,1.25,0.08838834764831845,1.0,1.0,1.0,1.0,1.0,1.0
HERMANN,0.0,6,1.0,1.0,25,0.351137368026548,1.0,1.0,14,366,6103,272,31752,1.0,1.0,1.0,4.0,4.0,3.0,2.0,2.0,2.25,0.16021748611541392,3.0,3.0,4.0,3.0,3.5,3.0
FRAU SCHMALENBACH,0.0,6,1.0,1.0,25,0.31313760451087197,1.0,1.0,11,163,1490,156,7202,1.0,1.0,1.0,4.0,5.0,5.0,5.0,7.0,3.625,0.2907617765702461,5.0,5.0,5.0,5.0,5.0,5.0
AUGUST,0.0,6,1.0,1.0,37,0.4663481473796994,1.0,1.0,17,353,7106,243,36755,1.0,1.0,1.0,2.0,2.0,2.0,3.0,1.0,1.625,0.09300297614285562,2.0,2.0,2.0,2.0,2.0,2.0
JULIANE,0.0,6,1.0,1.0,26,0.3720864558886209,1.0,1.0,12,242,2497,195,12765,1.0,1.0,1.0,3.0,3.0,4.0,4.0,4.0,2.625,0.17598574414666987,4.0,4.0,3.0,4.0,3.5,3.0
ALE,0.0,6,1.0,1.0,22,0.2872060088610651,1.0,1.0,9,159,2030,125,10031,1.0,1.0,1.0,6.0,6.0,6.0,6.0,5.0,4.0,0.31339158526400435,6.0,6.0,6.0,5.0,5.5,6.0
ILEFELD,0.0,6,1.0,1.0,17,0.23247920335816002,1.0,1.0,7,120,1783,86,9020,1.0,1.0,1.0,7.0,7.0,7.0,7.0,6.0,4.625,0.3775951866748304,7.0,7.0,7.0,7.0,7.0,7.0
