rank_name,degree_rank,closeness_rank,betweenness_rank,strength_rank,eigenvector_centrality_rank,frequency_rank,speech_acts_rank,words_rank
degree_rank,,,,,,,,
closeness_rank,,,,,,,,
betweenness_rank,,,,,,,,
strength_rank,,,,,0.9910312089651149,0.9369749612033813,0.8468812149338254,0.6306562238868912
eigenvector_centrality_rank,,,,0.9910312089651149,,0.9642857142857143,0.8928571428571429,0.7142857142857143
frequency_rank,,,,0.9369749612033813,0.9642857142857143,,0.9642857142857143,0.7857142857142857
speech_acts_rank,,,,0.8468812149338254,0.8928571428571429,0.9642857142857143,,0.75
words_rank,,,,0.6306562238868912,0.7142857142857143,0.7857142857142857,0.75,
