rank_name,degree_rank,closeness_rank,betweenness_rank,strength_rank,eigenvector_centrality_rank,frequency_rank,speech_acts_rank,words_rank
degree_rank,,0.9496791350130882,0.8170518002383487,0.9138555566218302,0.910039670523838,0.8732334541489462,0.5986531694132222,0.5125472897823518
closeness_rank,0.9496791350130882,,0.8145962893692236,0.8537709719521352,0.8642430629445403,0.817488243977699,0.5926046332108625,0.49743792255133745
betweenness_rank,0.8170518002383487,0.8145962893692236,,0.6330932476474922,0.6067494253576617,0.7645186677453093,0.5876712042692331,0.5951044501015976
strength_rank,0.9138555566218302,0.8537709719521352,0.6330932476474922,,0.9588653203032161,0.9186586678389697,0.6372364950290064,0.48506450472323503
eigenvector_centrality_rank,0.910039670523838,0.8642430629445403,0.6067494253576617,0.9588653203032161,,0.8456474179854783,0.5531446563122029,0.4194005691811788
frequency_rank,0.8732334541489462,0.817488243977699,0.7645186677453093,0.9186586678389697,0.8456474179854783,,0.7722417940143579,0.6675379290655856
speech_acts_rank,0.5986531694132222,0.5926046332108625,0.5876712042692331,0.6372364950290064,0.5531446563122029,0.7722417940143579,,0.9349976814398158
words_rank,0.5125472897823518,0.49743792255133745,0.5951044501015976,0.48506450472323503,0.4194005691811788,0.6675379290655856,0.9349976814398158,
