rank_name,degree_rank,closeness_rank,betweenness_rank,strength_rank,eigenvector_centrality_rank,frequency_rank,speech_acts_rank,words_rank
degree_rank,,0.973185088293002,0.9282821686215409,0.967713666045203,0.9683998339461125,0.9297047680561075,0.9099258845537103,0.8400184293112645
closeness_rank,0.973185088293002,,0.9148187976374427,0.9279222716206952,0.9592762823476969,0.8858601702056587,0.8490021212250601,0.7878838487488897
betweenness_rank,0.9282821686215409,0.9148187976374427,,0.9213870924339469,0.9204891999753244,0.9344714991710715,0.9062906220355432,0.888155124938822
strength_rank,0.967713666045203,0.9279222716206952,0.9213870924339469,,0.9886257542506869,0.9819450112938833,0.9477380472936296,0.8989279540622617
eigenvector_centrality_rank,0.9683998339461125,0.9592762823476969,0.9204891999753244,0.9886257542506869,,0.9631158521680596,0.9158088311335467,0.8714285714285714
frequency_rank,0.9297047680561075,0.8858601702056587,0.9344714991710715,0.9819450112938833,0.9631158521680596,,0.9618370690092211,0.9518629521770926
speech_acts_rank,0.9099258845537103,0.8490021212250601,0.9062906220355432,0.9477380472936296,0.9158088311335467,0.9618370690092211,,0.9634596113707163
words_rank,0.8400184293112645,0.7878838487488897,0.888155124938822,0.8989279540622617,0.8714285714285714,0.9518629521770926,0.9634596113707163,
