rank_name,degree_rank,closeness_rank,betweenness_rank,strength_rank,eigenvector_centrality_rank,frequency_rank,speech_acts_rank,words_rank
degree_rank,,0.9588837079431742,0.11237546785931411,0.9892579152291154,0.8907630178713176,-8.750216194535759e-05,-0.49122843215207995,-0.33851294203431087
closeness_rank,0.9588837079431742,,0.31767379487002756,0.9541393767970447,0.871470508341505,0.2006523780365859,-0.377873379661287,-0.2458603238922586
betweenness_rank,0.11237546785931411,0.31767379487002756,,0.18768435651078516,0.10083615798970473,0.8614780611908508,0.4037623630177636,0.3686320546248529
strength_rank,0.9892579152291154,0.9541393767970447,0.18768435651078516,,0.9037731269468948,0.09141966118091763,-0.4511347249779122,-0.29993279018661156
eigenvector_centrality_rank,0.8907630178713176,0.871470508341505,0.10083615798970473,0.9037731269468948,,0.11281764023561275,-0.5656803873915391,-0.30807478013160106
frequency_rank,-8.750216194535759e-05,0.2006523780365859,0.8614780611908508,0.09141966118091763,0.11281764023561275,,0.4376842151465924,0.4281221577327711
speech_acts_rank,-0.49122843215207995,-0.377873379661287,0.4037623630177636,-0.4511347249779122,-0.5656803873915391,0.4376842151465924,,0.6470066509940205
words_rank,-0.33851294203431087,-0.2458603238922586,0.3686320546248529,-0.29993279018661156,-0.30807478013160106,0.4281221577327711,0.6470066509940205,
