segment;change_rate
1;1.0
2;1.0
3;0.9230769230769231
4;0.9583333333333334
5;0.25
6;0.7777777777777778
7;0.8181818181818182
8;0.7142857142857143
9;0.0
10;0.3333333333333333
11;0.75
12;0.75
13;0.5
14;0.0
15;0.5
16;0.3333333333333333
17;0.75
18;0.5
19;0.8333333333333334
20;0.875
21;1.0
22;1.0
23;1.0
24;0.0
25;0.5
