rank_name,degree_rank,closeness_rank,betweenness_rank,strength_rank,eigenvector_centrality_rank,frequency_rank,speech_acts_rank,words_rank
degree_rank,,0.9976717081331425,0.9215395016656643,0.8909728598921928,0.7834850145691209,0.864804214292981,0.7575562820710223,0.7420063961507556
closeness_rank,0.9976717081331425,,0.9124811527333923,0.902787452763742,0.80465085727548,0.8697674418604651,0.7557924699407896,0.7494747984908757
betweenness_rank,0.9215395016656643,0.9124811527333923,,0.8578071901744667,0.7289312761251283,0.951653323431543,0.7420091324200914,0.7972685832618591
strength_rank,0.8909728598921928,0.902787452763742,0.8578071901744667,,0.9656978132124118,0.8981577735187997,0.6376213873489351,0.6682079655403418
eigenvector_centrality_rank,0.7834850145691209,0.80465085727548,0.7289312761251283,0.9656978132124118,,0.8230428768703482,0.49658443186024365,0.5272727272727272
frequency_rank,0.864804214292981,0.8697674418604651,0.951653323431543,0.8981577735187997,0.8230428768703482,,0.7304457712537509,0.7770628278831779
speech_acts_rank,0.7575562820710223,0.7557924699407896,0.7420091324200914,0.6376213873489351,0.49658443186024365,0.7304457712537509,,0.8929408132532822
words_rank,0.7420063961507556,0.7494747984908757,0.7972685832618591,0.6682079655403418,0.5272727272727272,0.7770628278831779,0.8929408132532822,
