segment;change_rate
1;0.0
2;0.8333333333333334
3;0.8333333333333334
4;0.5
