rank_name,degree_rank,closeness_rank,betweenness_rank,strength_rank,eigenvector_centrality_rank,frequency_rank,speech_acts_rank,words_rank
degree_rank,,1.0,0.7637626158259733,1.0,1.0,0.7637626158259733,0.1336306209562122,0.1336306209562122
closeness_rank,1.0,,0.7637626158259733,1.0,1.0,0.7637626158259733,0.1336306209562122,0.1336306209562122
betweenness_rank,0.7637626158259733,0.7637626158259733,,0.7637626158259733,0.7637626158259733,1.0,0.6123724356957945,0.6123724356957945
strength_rank,1.0,1.0,0.7637626158259733,,1.0,0.7637626158259733,0.1336306209562122,0.1336306209562122
eigenvector_centrality_rank,1.0,1.0,0.7637626158259733,1.0,,0.7637626158259733,0.1336306209562122,0.1336306209562122
frequency_rank,0.7637626158259733,0.7637626158259733,1.0,0.7637626158259733,0.7637626158259733,,0.6123724356957945,0.6123724356957945
speech_acts_rank,0.1336306209562122,0.1336306209562122,0.6123724356957945,0.1336306209562122,0.1336306209562122,0.6123724356957945,,0.8928571428571429
words_rank,0.1336306209562122,0.1336306209562122,0.6123724356957945,0.1336306209562122,0.1336306209562122,0.6123724356957945,0.8928571428571429,
