rank_name,degree_rank,closeness_rank,betweenness_rank,strength_rank,eigenvector_centrality_rank,frequency_rank,speech_acts_rank,words_rank
degree_rank,,0.9132408964907047,0.539993887150985,0.8606367943703231,0.8054110144949005,0.4339497593899117,0.29320988957488314,0.2006393617755575
closeness_rank,0.9132408964907047,,0.728214682980472,0.9678017428445396,0.9377183768161009,0.6691796012007596,0.5285059068816491,0.4428760216179068
betweenness_rank,0.539993887150985,0.728214682980472,,0.7588655646958323,0.7988737270025967,0.9639260471263048,0.8608931012676401,0.8241839578080704
strength_rank,0.8606367943703231,0.9678017428445396,0.7588655646958323,,0.9787388318076337,0.7486150828168948,0.5898449348097546,0.5084999265200956
eigenvector_centrality_rank,0.8054110144949005,0.9377183768161009,0.7988737270025967,0.9787388318076337,,0.7959034070796744,0.6302126498241923,0.5662754786856049
frequency_rank,0.4339497593899117,0.6691796012007596,0.9639260471263048,0.7486150828168948,0.7959034070796744,,0.8831523348190637,0.8495483883881162
speech_acts_rank,0.29320988957488314,0.5285059068816491,0.8608931012676401,0.5898449348097546,0.6302126498241923,0.8831523348190637,,0.9533587978537493
words_rank,0.2006393617755575,0.4428760216179068,0.8241839578080704,0.5084999265200956,0.5662754786856049,0.8495483883881162,0.9533587978537493,
