rank_name,degree_rank,closeness_rank,betweenness_rank,strength_rank,eigenvector_centrality_rank,frequency_rank,speech_acts_rank,words_rank
degree_rank,,1.0,0.9759000729485332,0.9289853059279984,0.9226870278438682,0.9035079029052513,0.7285610539773849,0.6323360091124473
closeness_rank,1.0,,0.9759000729485332,0.9289853059279984,0.9226870278438682,0.9035079029052513,0.7285610539773849,0.6323360091124473
betweenness_rank,0.9759000729485332,0.9759000729485332,,0.9065968278232491,0.9004503377814962,0.9258200997725515,0.7324670207647144,0.6197797868009122
strength_rank,0.9289853059279984,0.9289853059279984,0.9065968278232491,,0.9932202608115112,0.9792364931869323,0.8556058190999849,0.7534439302522254
eigenvector_centrality_rank,0.9226870278438682,0.9226870278438682,0.9004503377814962,0.9932202608115112,,0.9725975251592748,0.8117540630909456,0.6976011479687814
frequency_rank,0.9035079029052513,0.9035079029052513,0.9258200997725515,0.9792364931869323,0.9725975251592748,,0.8607068760795468,0.743337756614154
speech_acts_rank,0.7285610539773849,0.7285610539773849,0.7324670207647144,0.8556058190999849,0.8117540630909456,0.8607068760795468,,0.9523809523809523
words_rank,0.6323360091124473,0.6323360091124473,0.6197797868009122,0.7534439302522254,0.6976011479687814,0.743337756614154,0.9523809523809523,
