rank_name,degree_rank,closeness_rank,betweenness_rank,strength_rank,eigenvector_centrality_rank,frequency_rank,speech_acts_rank,words_rank
degree_rank,,0.9938837346736189,0.875,0.9325328868542597,0.7637626158259733,0.9754784803278111,0.8365019125713041,0.8365019125713041
closeness_rank,0.9938837346736189,,0.8696482678394165,0.926829268292683,0.7711403083390078,0.9695121951219512,0.8434347122457898,0.8434347122457898
betweenness_rank,0.875,0.8696482678394165,,0.7454128010052141,0.4364357804719848,0.828236445561349,0.7637626158259734,0.7637626158259734
strength_rank,0.9325328868542597,0.926829268292683,0.7454128010052141,,0.9157291161525718,0.9878048780487805,0.8795819141991807,0.8795819141991807
eigenvector_centrality_rank,0.7637626158259733,0.7711403083390078,0.4364357804719848,0.9157291161525718,,0.8554837795635868,0.7619047619047619,0.7619047619047619
frequency_rank,0.9754784803278111,0.9695121951219512,0.828236445561349,0.9878048780487805,0.8554837795635868,,0.8795819141991807,0.8795819141991807
speech_acts_rank,0.8365019125713041,0.8434347122457898,0.7637626158259734,0.8795819141991807,0.7619047619047619,0.8795819141991807,,1.0
words_rank,0.8365019125713041,0.8434347122457898,0.7637626158259734,0.8795819141991807,0.7619047619047619,0.8795819141991807,1.0,
