segment;change_rate
1;0.5
2;0.5
3;0.75
4;0.3333333333333333
5;0.3333333333333333
6;0.3333333333333333
7;0.5
8;0.6666666666666666
9;0.6666666666666666
10;0.5
11;0.6666666666666666
12;0.6666666666666666
13;1.0
14;1.0
15;0.3333333333333333
16;0.75
17;0.6
