segment;change_rate
1;0.3076923076923077
2;0.21428571428571427
3;0.5
