segment;change_rate
1;0.25
2;0.2
3;0.6666666666666666
4;0.25
5;0.5
6;0.0
7;0.3333333333333333
8;0.6
9;0.8
10;0.5
11;0.42857142857142855
12;0.875
13;1.0
14;0.8
15;0.6666666666666666
16;1.0
17;0.4
18;0.42857142857142855
19;0.6666666666666666
20;0.3333333333333333
21;0.5
22;0.4
23;0.4
24;0.75
25;0.6666666666666666
26;0.3333333333333333
27;0.75
28;0.3333333333333333
29;0.5
30;0.25
31;0.4
32;0.3333333333333333
33;0.375
34;0.5
35;0.42857142857142855
