rank_name,degree_rank,closeness_rank,betweenness_rank,strength_rank,eigenvector_centrality_rank,frequency_rank,speech_acts_rank,words_rank
degree_rank,,1.0,0.9486832980505139,0.5477225575051661,0.5477225575051661,0.33001145893015604,0.2556038601690775,0.3286335345030997
closeness_rank,1.0,,0.9486832980505139,0.5477225575051661,0.5477225575051661,0.33001145893015604,0.2556038601690775,0.3286335345030997
betweenness_rank,0.9486832980505139,0.9486832980505139,,0.4330127018922193,0.4330127018922193,0.17393131069573453,0.08660254037844387,0.17320508075688773
strength_rank,0.5477225575051661,0.5477225575051661,0.4330127018922193,,1.0,0.8954053273686237,0.6666666666666666,0.65
eigenvector_centrality_rank,0.5477225575051661,0.5477225575051661,0.4330127018922193,1.0,,0.8954053273686237,0.6666666666666666,0.65
frequency_rank,0.33001145893015604,0.33001145893015604,0.17393131069573453,0.8954053273686237,0.8954053273686237,,0.8786687791935092,0.8535639569308375
speech_acts_rank,0.2556038601690775,0.2556038601690775,0.08660254037844387,0.6666666666666666,0.6666666666666666,0.8786687791935092,,0.9
words_rank,0.3286335345030997,0.3286335345030997,0.17320508075688773,0.65,0.65,0.8535639569308375,0.9,
