segment;change_rate
1;1.0
2;0.7727272727272727
3;0.875
4;0.8888888888888888
5;0.8571428571428571
6;1.0
7;0.5
8;1.0
9;1.0
10;1.0
11;1.0
12;0.9333333333333333
13;0.7857142857142857
14;0.875
15;0.8571428571428571
16;0.875
17;1.0
