segment;change_rate
1;0.5
2;0.5
3;1.0
4;0.3333333333333333
5;0.5
6;0.25
7;0.6666666666666666
8;0.5
9;0.6
10;0.5
11;0.42857142857142855
12;1.0
