rank_name,degree_rank,closeness_rank,betweenness_rank,strength_rank,eigenvector_centrality_rank,frequency_rank,speech_acts_rank,words_rank
degree_rank,,0.6830802454661818,0.820933812163527,0.9736041061224837,0.572147736213152,0.7700178348068814,0.5014078817871098,0.4548388295665114
closeness_rank,0.6830802454661818,,0.6825081624918067,0.6696061805310213,0.8200474299781657,0.6112146299376982,0.49577300939220525,0.44296902096740165
betweenness_rank,0.820933812163527,0.6825081624918067,,0.8289076570215053,0.5237142175454633,0.8926262613055972,0.6113561319931032,0.5250538410565762
strength_rank,0.9736041061224837,0.6696061805310213,0.8289076570215053,,0.6053144020383319,0.8543564068952246,0.5265786194040353,0.46957150160385785
eigenvector_centrality_rank,0.572147736213152,0.8200474299781657,0.5237142175454633,0.6053144020383319,,0.6119344026269457,0.4467638099395114,0.3611518400139247
frequency_rank,0.7700178348068814,0.6112146299376982,0.8926262613055972,0.8543564068952246,0.6119344026269457,,0.6377592697994442,0.5389726999296647
speech_acts_rank,0.5014078817871098,0.49577300939220525,0.6113561319931032,0.5265786194040353,0.4467638099395114,0.6377592697994442,,0.7989835615992535
words_rank,0.4548388295665114,0.44296902096740165,0.5250538410565762,0.46957150160385785,0.3611518400139247,0.5389726999296647,0.7989835615992535,
