metrics,linear,exponential,powerlaw,quadratic,max_val,max_type
degree,0.031701720109,0.0830077051737,0.239134583824,0.699191772546,0.6991917725463133,quadratic
closeness,0.317806273065,0.53427825803,0.553750257224,0.0523238976711,0.553750257223924,powerlaw
betweenness,0.00176032917835,0.0255354501593,0.0275538511968,0.374803818522,0.3748038185223498,quadratic
strength,0.0140613794998,0.0763578269358,0.239735087919,0.724761737536,0.7247617375359872,quadratic
eigenvector_centrality,0.00973562204632,0.101193218137,0.11055072132,0.493508315751,0.4935083157512986,quadratic
frequency,0.00754565588438,0.0661488541734,0.162974084699,0.501304539761,0.5013045397613357,quadratic
speech_acts,0.00454822107193,0.0767013062849,0.23963716443,0.620202102426,0.620202102426055,quadratic
words,0.00312151444412,0.0524627881674,0.257769734593,0.656518737784,0.6565187377838515,quadratic
