rank_name,degree_rank,closeness_rank,betweenness_rank,strength_rank,eigenvector_centrality_rank,frequency_rank,speech_acts_rank,words_rank
degree_rank,,0.6231639009584077,0.5206500842893989,0.9674000596059631,0.6042967351157164,0.4113704343067786,0.24703997569675035,0.18864404925864003
closeness_rank,0.6231639009584077,,0.5828904334587754,0.6515580582886852,0.8410526700332646,0.5011776035034793,0.37220334488605344,0.240628708368969
betweenness_rank,0.5206500842893989,0.5828904334587754,,0.6085982856927207,0.6334167697384704,0.9299175323012007,0.6003727925465018,0.5226924639121382
strength_rank,0.9674000596059631,0.6515580582886852,0.6085982856927207,,0.6652409579436991,0.5269596466511635,0.3371563070846205,0.2738738744396161
eigenvector_centrality_rank,0.6042967351157164,0.8410526700332646,0.6334167697384704,0.6652409579436991,,0.5731181671215236,0.4937755457991315,0.34529702320163047
frequency_rank,0.4113704343067786,0.5011776035034793,0.9299175323012007,0.5269596466511635,0.5731181671215236,,0.6688890847727004,0.6166709255100045
speech_acts_rank,0.24703997569675035,0.37220334488605344,0.6003727925465018,0.3371563070846205,0.4937755457991315,0.6688890847727004,,0.8313604417188326
words_rank,0.18864404925864003,0.240628708368969,0.5226924639121382,0.2738738744396161,0.34529702320163047,0.6166709255100045,0.8313604417188326,
