segment;change_rate
1;0.8
2;0.8333333333333334
3;0.8
4;0.7777777777777778
5;0.5
6;0.5
7;0.6
8;0.7272727272727273
9;0.7142857142857143
10;0.375
