rank_name,degree_rank,closeness_rank,betweenness_rank,strength_rank,eigenvector_centrality_rank,frequency_rank,speech_acts_rank,words_rank
degree_rank,,0.9757522792371736,0.8797043001805753,0.9378391818965414,0.903336125975313,0.8103043599200089,0.7338857517720274,0.7003382894057455
closeness_rank,0.9757522792371736,,0.8754620252709101,0.9174827345556741,0.8954057577374279,0.8071660443855566,0.7196371362706926,0.6912182838633808
betweenness_rank,0.8797043001805753,0.8754620252709101,,0.8353516792968492,0.7679940831300683,0.8381728336940238,0.813841679972759,0.7859660250052948
strength_rank,0.9378391818965414,0.9174827345556741,0.8353516792968492,,0.9741466243823472,0.929197273548277,0.8389272769898412,0.7925277033064313
eigenvector_centrality_rank,0.903336125975313,0.8954057577374279,0.7679940831300683,0.9741466243823472,,0.8788343712154425,0.782554670080188,0.7284383118838403
frequency_rank,0.8103043599200089,0.8071660443855566,0.8381728336940238,0.929197273548277,0.8788343712154425,,0.9394723674109096,0.9037176890597395
speech_acts_rank,0.7338857517720274,0.7196371362706926,0.813841679972759,0.8389272769898412,0.782554670080188,0.9394723674109096,,0.973105155223014
words_rank,0.7003382894057455,0.6912182838633808,0.7859660250052948,0.7925277033064313,0.7284383118838403,0.9037176890597395,0.973105155223014,
