rank_name,degree_rank,closeness_rank,betweenness_rank,strength_rank,eigenvector_centrality_rank,frequency_rank,speech_acts_rank,words_rank
degree_rank,,1.0,0.869907541313893,0.972216786242685,0.972216786242685,0.8816750305265506,0.8856564524569649,0.7731921410338582
closeness_rank,1.0,,0.869907541313893,0.972216786242685,0.972216786242685,0.8816750305265506,0.8856564524569649,0.7731921410338582
betweenness_rank,0.869907541313893,0.869907541313893,,0.8696296382728438,0.8696296382728438,0.9355510750105995,0.8771855821059449,0.7627700713964738
strength_rank,0.972216786242685,0.972216786242685,0.8696296382728438,,1.0,0.9216981340741336,0.9384990180111027,0.8610500699228079
eigenvector_centrality_rank,0.972216786242685,0.972216786242685,0.8696296382728438,1.0,,0.9216981340741336,0.9384990180111027,0.8610500699228079
frequency_rank,0.8816750305265506,0.8816750305265506,0.9355510750105995,0.9216981340741336,0.9216981340741336,,0.9747770385280101,0.8920129503511036
speech_acts_rank,0.8856564524569649,0.8856564524569649,0.8771855821059449,0.9384990180111027,0.9384990180111027,0.9747770385280101,,0.9090909090909091
words_rank,0.7731921410338582,0.7731921410338582,0.7627700713964738,0.8610500699228079,0.8610500699228079,0.8920129503511036,0.9090909090909091,
