segment;change_rate
1;0.8888888888888888
2;0.9090909090909091
3;0.75
4;0.6
5;0.6923076923076923
