segment;change_rate
1;0.3333333333333333
2;0.3333333333333333
3;0.3333333333333333
4;0.6666666666666666
5;0.75
6;0.25
7;0.6666666666666666
8;0.25
9;0.6666666666666666
10;0.6666666666666666
11;0.8
12;0.75
13;0.5
14;0.8
15;0.0
16;0.5
17;1.0
18;0.75
19;0.0
20;1.0
21;0.6666666666666666
22;0.6666666666666666
23;0.3333333333333333
24;0.75
25;0.3333333333333333
26;0.75
27;0.5
28;0.6666666666666666
29;0.75
30;0.75
31;0.4
32;0.5555555555555556
