rank_name,degree_rank,closeness_rank,betweenness_rank,strength_rank,eigenvector_centrality_rank,frequency_rank,speech_acts_rank,words_rank
degree_rank,,1.0,1.0,1.0,0.7272474743090476,1.0,0.22061449781511816,0.4724555912615341
closeness_rank,1.0,,1.0,1.0,0.7272474743090476,1.0,0.22061449781511816,0.4724555912615341
betweenness_rank,1.0,1.0,,1.0,0.7272474743090476,1.0,0.22061449781511816,0.4724555912615341
strength_rank,1.0,1.0,1.0,,0.7272474743090476,1.0,0.22061449781511816,0.4724555912615341
eigenvector_centrality_rank,0.7272474743090476,0.7272474743090476,0.7272474743090476,0.7272474743090476,,0.7272474743090476,0.41930466890128665,0.33954987505086615
frequency_rank,1.0,1.0,1.0,1.0,0.7272474743090476,,0.22061449781511816,0.4724555912615341
speech_acts_rank,0.22061449781511816,0.22061449781511816,0.22061449781511816,0.22061449781511816,0.41930466890128665,0.22061449781511816,,0.7860209938460619
words_rank,0.4724555912615341,0.4724555912615341,0.4724555912615341,0.4724555912615341,0.33954987505086615,0.4724555912615341,0.7860209938460619,
