metrics,linear,exponential,powerlaw,quadratic,max_val,max_type
degree,0.0962097453081,0.148944295778,0.167703207886,0.491186764169,0.49118676416860885,quadratic
closeness,0.111768919763,0.160933424153,0.165251616506,0.492080217572,0.49208021757238607,quadratic
betweenness,0.0183720996977,0.0682323451637,0.0672517844772,0.490194997664,0.4901949976643921,quadratic
strength,0.08826159366,0.142451367203,0.164735811431,0.491186764169,0.49118676416860896,quadratic
eigenvector_centrality,0.0934381890886,0.14679549643,0.149495755292,0.490735979577,0.4907359795769598,quadratic
frequency,0.08826159366,0.142451367203,0.152329050468,0.491186764169,0.4911867641686086,quadratic
speech_acts,0.0551322530429,0.121296830171,0.346568520469,0.662582618784,0.662582618783522,quadratic
words,0.0121378407341,0.0447334274501,0.221279971667,0.45793161483,0.45793161482997524,quadratic
