rank_name,degree_rank,closeness_rank,betweenness_rank,strength_rank,eigenvector_centrality_rank,frequency_rank,speech_acts_rank,words_rank
degree_rank,,0.9927093652140938,0.9407958888967775,0.9077744442161743,0.9090171317040564,0.8722513089005236,0.906732223269887,0.8549337325637693
closeness_rank,0.9927093652140938,,0.927276414892837,0.9071096187692607,0.9155908477118216,0.8832193616978334,0.917488447359298,0.8824472876136562
betweenness_rank,0.9407958888967775,0.927276414892837,,0.9086647038403337,0.8886922189439936,0.9032926359225323,0.8958666094200474,0.861020365419989
strength_rank,0.9077744442161743,0.9071096187692607,0.9086647038403337,,0.9917205520226303,0.9796876895099929,0.9393153526970954,0.931161416017073
eigenvector_centrality_rank,0.9090171317040564,0.9155908477118216,0.8886922189439936,0.9917205520226303,,0.9745412498932504,0.9290910182049172,0.9333677685950413
frequency_rank,0.8722513089005236,0.8832193616978334,0.9032926359225323,0.9796876895099929,0.9745412498932504,,0.9546743867990994,0.9464594849550244
speech_acts_rank,0.906732223269887,0.917488447359298,0.8958666094200474,0.9393153526970954,0.9290910182049172,0.9546743867990994,,0.9627349826524491
words_rank,0.8549337325637693,0.8824472876136562,0.861020365419989,0.931161416017073,0.9333677685950413,0.9464594849550244,0.9627349826524491,
