segment;change_rate
1;1.0
2;0.46153846153846156
3;0.6666666666666666
