rank_name,degree_rank,closeness_rank,betweenness_rank,strength_rank,eigenvector_centrality_rank,frequency_rank,speech_acts_rank,words_rank
degree_rank,,1.0,0.9804859290192954,0.7393769984640644,0.736008520815872,0.7376869916862623,0.6179326099190119,0.6643193791779624
closeness_rank,1.0,,0.9804859290192954,0.7393769984640644,0.736008520815872,0.7376869916862623,0.6179326099190119,0.6643193791779624
betweenness_rank,0.9804859290192954,0.9804859290192954,,0.6590443120313967,0.6654138425867143,0.6340544258104468,0.6011775296573124,0.6419837777069004
strength_rank,0.7393769984640644,0.7393769984640644,0.6590443120313967,,0.9954441676503464,0.9427942304653234,0.8466841390101205,0.7397337392631014
eigenvector_centrality_rank,0.736008520815872,0.736008520815872,0.6654138425867143,0.9954441676503464,,0.9339431975353206,0.870161710874372,0.7727272727272727
frequency_rank,0.7376869916862623,0.7376869916862623,0.6340544258104468,0.9427942304653234,0.9339431975353206,,0.8036529680365296,0.8154918651649873
speech_acts_rank,0.6179326099190119,0.6179326099190119,0.6011775296573124,0.8466841390101205,0.870161710874372,0.8036529680365296,,0.8883849927775002
words_rank,0.6643193791779624,0.6643193791779624,0.6419837777069004,0.7397337392631014,0.7727272727272727,0.8154918651649873,0.8883849927775002,
