name,betweenness,degree,closeness,closeness_corrected,strength,eigenvector_centrality,avg_distance,avg_distance_corrected,frequency,speech_acts,words,lines,chars,degree_rank,closeness_rank,betweenness_rank,strength_rank,eigenvector_centrality_rank,frequency_rank,speech_acts_rank,words_rank,centrality_rank_avg,centrality_rank_std,centrality_rank_avg_rank,centrality_rank_std_rank,avg_graph_rank,avg_content_rank,overall_avg,overall_avg_rank
REITKNECHT,0.0,1,0.5384615384615384,0.5384615384615384,1,0.012530551586522371,1.8571428571428572,1.8571428571428572,1,12,108,11,543,8.0,8.0,4.0,8.0,8.0,8.0,7.0,7.0,7.25,0.1735912687073534,8.0,7.0,8.0,7.0,7.5,7.0
ELISE,0.04761904761904761,6,0.875,0.875,46,0.4788359403803712,1.1428571428571428,1.1428571428571428,21,249,3952,191,21476,2.0,2.0,2.0,2.0,2.0,2.0,1.0,2.0,1.875,0.04419417382415922,2.0,2.0,2.0,2.0,2.0,2.0
LANDRATH,0.33333333333333337,7,1.0,1.0,50,0.49699379848997666,1.0,1.0,26,242,4953,166,27033,1.0,1.0,1.0,1.0,1.0,1.0,2.0,1.0,1.125,0.04419417382415922,1.0,2.0,1.0,1.0,1.0,1.0
KOMMERZIENRATH,0.0,5,0.7777777777777778,0.7777777777777778,28,0.300236175515686,1.2857142857142856,1.2857142857142856,10,104,1753,73,9294,4.0,4.0,4.0,5.0,5.0,5.0,5.0,5.0,4.625,0.06469364618834571,6.0,4.0,6.0,5.0,5.5,6.0
MARTIN,0.04761904761904761,6,0.875,0.875,18,0.1755088360900908,1.1428571428571428,1.1428571428571428,7,72,920,55,5051,2.0,2.0,2.0,6.0,6.0,6.0,6.0,6.0,4.5,0.25877458475338283,5.0,8.0,3.0,6.0,4.5,4.0
BAUER,0.0,3,0.6363636363636364,0.6363636363636364,5,0.0459838620393485,1.5714285714285714,1.5714285714285714,2,9,58,7,311,7.0,7.0,4.0,7.0,7.0,7.0,8.0,8.0,6.875,0.15580293184477811,7.0,6.0,7.0,8.0,7.5,7.0
ERNESTINE,0.0,5,0.7777777777777778,0.7777777777777778,40,0.4409067755594303,1.2857142857142856,1.2857142857142856,18,125,2199,81,11942,4.0,4.0,4.0,4.0,4.0,4.0,4.0,4.0,4.0,0.0,4.0,1.0,5.0,4.0,4.5,4.0
HERR VON KIEL,0.0,5,0.7777777777777778,0.7777777777777778,42,0.4539800422961737,1.2857142857142856,1.2857142857142856,19,201,3617,146,19942,4.0,4.0,4.0,3.0,3.0,3.0,3.0,3.0,3.375,0.06469364618834571,3.0,4.0,3.0,3.0,3.0,3.0
