rank_name,degree_rank,closeness_rank,betweenness_rank,strength_rank,eigenvector_centrality_rank,frequency_rank,speech_acts_rank,words_rank
degree_rank,,1.0,0.8930108366813808,0.785645785824378,0.785645785824378,0.785645785824378,0.7242672088068486,0.7610943550173662
closeness_rank,1.0,,0.8930108366813808,0.785645785824378,0.785645785824378,0.785645785824378,0.7242672088068486,0.7610943550173662
betweenness_rank,0.8930108366813808,0.8930108366813808,,0.5773502691896257,0.5773502691896257,0.5773502691896257,0.5361109642475096,0.5773502691896257
strength_rank,0.785645785824378,0.785645785824378,0.5773502691896257,,1.0,1.0,0.9523809523809523,0.9761904761904762
eigenvector_centrality_rank,0.785645785824378,0.785645785824378,0.5773502691896257,1.0,,1.0,0.9523809523809523,0.9761904761904762
frequency_rank,0.785645785824378,0.785645785824378,0.5773502691896257,1.0,1.0,,0.9523809523809523,0.9761904761904762
speech_acts_rank,0.7242672088068486,0.7242672088068486,0.5361109642475096,0.9523809523809523,0.9523809523809523,0.9523809523809523,,0.9761904761904762
words_rank,0.7610943550173662,0.7610943550173662,0.5773502691896257,0.9761904761904762,0.9761904761904762,0.9761904761904762,0.9761904761904762,
