rank_name,degree_rank,closeness_rank,betweenness_rank,strength_rank,eigenvector_centrality_rank,frequency_rank,speech_acts_rank,words_rank
degree_rank,,0.9973736047275115,0.8902742038536205,0.7878997825242824,0.7491052748852206,0.8101035861923825,0.6428171853148175,0.6412113124385925
closeness_rank,0.9973736047275115,,0.8837232531262208,0.7846113861030625,0.7451798323967391,0.8060798928834799,0.6219019337336541,0.63337573631918
betweenness_rank,0.8902742038536205,0.8837232531262208,,0.5301878360139901,0.45561396527190123,0.5847756620998616,0.41962939423344325,0.46319463970900676
strength_rank,0.7878997825242824,0.7846113861030625,0.5301878360139901,,0.9325160909976075,0.9753361082834475,0.8654831869866328,0.8489428330267075
eigenvector_centrality_rank,0.7491052748852206,0.7451798323967391,0.45561396527190123,0.9325160909976075,,0.93615772978145,0.8241619041555914,0.7892012430780189
frequency_rank,0.8101035861923825,0.8060798928834799,0.5847756620998616,0.9753361082834475,0.93615772978145,,0.8658180081088456,0.8589721332955634
speech_acts_rank,0.6428171853148175,0.6219019337336541,0.41962939423344325,0.8654831869866328,0.8241619041555914,0.8658180081088456,,0.9197274439610269
words_rank,0.6412113124385925,0.63337573631918,0.46319463970900676,0.8489428330267075,0.7892012430780189,0.8589721332955634,0.9197274439610269,
