segment;change_rate
1;1.0
2;1.0
3;0.9090909090909091
4;0.9090909090909091
5;1.0
6;1.0
7;0.7
8;0.9090909090909091
9;1.0
10;0.4
11;1.0
12;1.0
13;1.0
14;0.8333333333333334
