rank_name,degree_rank,closeness_rank,betweenness_rank,strength_rank,eigenvector_centrality_rank,frequency_rank,speech_acts_rank,words_rank
degree_rank,,0.9974828910455,0.8308766372109891,0.8988271179195425,0.8765487148614268,0.8503086859772803,0.7116717459120491,0.597195370890009
closeness_rank,0.9974828910455,,0.8409853944203475,0.9018791797802579,0.8783428760075755,0.8589591426771633,0.7146075155283098,0.6037830802541467
betweenness_rank,0.8308766372109891,0.8409853944203475,,0.7430350514905663,0.7135824539732951,0.8571067819556585,0.7996634158593935,0.7287114105946371
strength_rank,0.8988271179195425,0.9018791797802579,0.7430350514905663,,0.9920296162581342,0.8952640262001772,0.726212537078792,0.5738811624336302
eigenvector_centrality_rank,0.8765487148614268,0.8783428760075755,0.7135824539732951,0.9920296162581342,,0.8805525559695457,0.6969330399588258,0.5367647058823529
frequency_rank,0.8503086859772803,0.8589591426771633,0.8571067819556585,0.8952640262001772,0.8805525559695457,,0.9032120982427904,0.8078915758266042
speech_acts_rank,0.7116717459120491,0.7146075155283098,0.7996634158593935,0.726212537078792,0.6969330399588258,0.9032120982427904,,0.9190190967062686
words_rank,0.597195370890009,0.6037830802541467,0.7287114105946371,0.5738811624336302,0.5367647058823529,0.8078915758266042,0.9190190967062686,
