segment;change_rate
1;0.7272727272727273
2;0.625
3;0.8235294117647058
4;0.8333333333333334
