rank_name,degree_rank,closeness_rank,betweenness_rank,strength_rank,eigenvector_centrality_rank,frequency_rank,speech_acts_rank,words_rank
degree_rank,,1.0,0.7954156423622907,0.9878263005036633,0.7270800275549785,0.7698527064765567,0.4001591703239109,0.354063507975963
closeness_rank,1.0,,0.7954156423622907,0.9878263005036633,0.7270800275549785,0.7698527064765567,0.4001591703239109,0.354063507975963
betweenness_rank,0.7954156423622907,0.7954156423622907,,0.8152169362968177,0.8932006746428051,0.9952270967922343,0.40600601048242413,0.382108428167096
strength_rank,0.9878263005036633,0.9878263005036633,0.8152169362968177,,0.7600457204895805,0.7975446042476636,0.3895070761017043,0.3436939157270447
eigenvector_centrality_rank,0.7270800275549785,0.7270800275549785,0.8932006746428051,0.7600457204895805,,0.8950956599086793,0.27708270716767935,0.27689296345771397
frequency_rank,0.7698527064765567,0.7698527064765567,0.9952270967922343,0.7975446042476636,0.8950956599086793,,0.4261670846889807,0.40403549298012315
speech_acts_rank,0.4001591703239109,0.4001591703239109,0.40600601048242413,0.3895070761017043,0.27708270716767935,0.4261670846889807,,0.9778054082139905
words_rank,0.354063507975963,0.354063507975963,0.382108428167096,0.3436939157270447,0.27689296345771397,0.40403549298012315,0.9778054082139905,
