segment;change_rate
1;0.42857142857142855
2;0.8620689655172413
3;0.8076923076923077
4;0.7333333333333333
