segment;change_rate
1;0.9473684210526315
2;1.0
3;0.8461538461538461
4;0.9230769230769231
5;0.8666666666666667
6;1.0
7;1.0
8;0.9090909090909091
9;0.8823529411764706
10;0.9565217391304348
11;0.9583333333333334
