rank_name,degree_rank,closeness_rank,betweenness_rank,strength_rank,eigenvector_centrality_rank,frequency_rank,speech_acts_rank,words_rank
degree_rank,,0.6506115617707454,0.4783274538236866,0.992971730446744,0.5452864328837856,0.47690676882718613,0.20198563547179801,0.1991044502512878
closeness_rank,0.6506115617707454,,0.511352064262267,0.6526258817609962,0.8661926317463574,0.5091766960810441,0.21921263936954663,0.2893696604000902
betweenness_rank,0.4783274538236866,0.511352064262267,,0.5344281911552708,0.4891430888069422,0.9989568090793116,0.5201229741098189,0.46744221166422817
strength_rank,0.992971730446744,0.6526258817609962,0.5344281911552708,,0.5578561884114797,0.5356785273434259,0.23086214765880267,0.21682311977005653
eigenvector_centrality_rank,0.5452864328837856,0.8661926317463574,0.4891430888069422,0.5578561884114797,,0.4924766071034474,0.05867198948103153,0.15608108362917666
frequency_rank,0.47690676882718613,0.5091766960810441,0.9989568090793116,0.5356785273434259,0.4924766071034474,,0.5193771281426817,0.4644393077220272
speech_acts_rank,0.20198563547179801,0.21921263936954663,0.5201229741098189,0.23086214765880267,0.05867198948103153,0.5193771281426817,,0.7789418447704357
words_rank,0.1991044502512878,0.2893696604000902,0.46744221166422817,0.21682311977005653,0.15608108362917666,0.4644393077220272,0.7789418447704357,
