rank_name,degree_rank,closeness_rank,betweenness_rank,strength_rank,eigenvector_centrality_rank,frequency_rank,speech_acts_rank,words_rank
degree_rank,,0.8900913650652452,0.7299954769720354,0.993368585906986,0.9127054387090012,0.7762860724085446,0.4225187800668697,0.4367570717511304
closeness_rank,0.8900913650652452,,0.7069667201187121,0.8870871854534783,0.8964977703298759,0.7527665952121504,0.3855140170288142,0.4581834581796322
betweenness_rank,0.7299954769720354,0.7069667201187121,,0.767039921951189,0.6418521775042967,0.9447350445450577,0.6588315757630802,0.6870517136816928
strength_rank,0.993368585906986,0.8870871854534783,0.767039921951189,,0.9088566262760837,0.8132181782305615,0.4574108444091431,0.4764374384380182
eigenvector_centrality_rank,0.9127054387090012,0.8964977703298759,0.6418521775042967,0.9088566262760837,,0.7021965867247253,0.4041226093886296,0.4414196625304039
frequency_rank,0.7762860724085446,0.7527665952121504,0.9447350445450577,0.8132181782305615,0.7021965867247253,,0.7222019708351203,0.7493936807357194
speech_acts_rank,0.4225187800668697,0.3855140170288142,0.6588315757630802,0.4574108444091431,0.4041226093886296,0.7222019708351203,,0.9150468246935993
words_rank,0.4367570717511304,0.4581834581796322,0.6870517136816928,0.4764374384380182,0.4414196625304039,0.7493936807357194,0.9150468246935993,
