segment;change_rate
1;1.0
2;0.8181818181818182
3;0.9166666666666666
4;1.0
5;1.0
6;0.7857142857142857
7;1.0
8;1.0
9;0.9
10;0.9
11;0.8333333333333334
12;0.9090909090909091
