rank_name,degree_rank,closeness_rank,betweenness_rank,strength_rank,eigenvector_centrality_rank,frequency_rank,speech_acts_rank,words_rank
degree_rank,,0.9958012410776779,0.8760921765615403,0.8876773784688777,0.8726063090076663,0.8361240143590437,0.9196993479064928,0.8947677390777024
closeness_rank,0.9958012410776779,,0.8797861866625253,0.8942059253841932,0.8818493393067333,0.8563866995289154,0.9347046624828466,0.9124497895665883
betweenness_rank,0.8760921765615403,0.8797861866625253,,0.7070826443361052,0.6962053483235019,0.7123154696385067,0.8122395730440856,0.877331943009291
strength_rank,0.8876773784688777,0.8942059253841932,0.7070826443361052,,0.9931233604247167,0.9737940297688399,0.9573599153124693,0.9105923332426074
eigenvector_centrality_rank,0.8726063090076663,0.8818493393067333,0.6962053483235019,0.9931233604247167,,0.9779651434214378,0.967032967032967,0.9120879120879121
frequency_rank,0.8361240143590437,0.8563866995289154,0.7123154696385067,0.9737940297688399,0.9779651434214378,,0.958681323692001,0.9338878411827252
speech_acts_rank,0.9196993479064928,0.9347046624828466,0.8122395730440856,0.9573599153124693,0.967032967032967,0.958681323692001,,0.9505494505494505
words_rank,0.8947677390777024,0.9124497895665883,0.877331943009291,0.9105923332426074,0.9120879120879121,0.9338878411827252,0.9505494505494505,
