segment;change_rate
1;0.5833333333333334
2;0.8333333333333334
