rank_name,degree_rank,closeness_rank,betweenness_rank,strength_rank,eigenvector_centrality_rank,frequency_rank,speech_acts_rank,words_rank
degree_rank,,1.0,0.6777131227275479,1.0,0.9932134442765984,0.6699060991165113,0.31083723023874166,0.18659420980878658
closeness_rank,1.0,,0.6777131227275479,1.0,0.9932134442765984,0.6699060991165113,0.31083723023874166,0.18659420980878658
betweenness_rank,0.6777131227275479,0.6777131227275479,,0.6777131227275479,0.673113784855677,0.9996214272058164,0.6215742969830419,0.693753850249322
strength_rank,1.0,1.0,0.6777131227275479,,0.9932134442765984,0.6699060991165113,0.31083723023874166,0.18659420980878658
eigenvector_centrality_rank,0.9932134442765984,0.9932134442765984,0.673113784855677,0.9932134442765984,,0.6653597440454105,0.3023057990028309,0.18392741525356307
frequency_rank,0.6699060991165113,0.6699060991165113,0.9996214272058164,0.6699060991165113,0.6653597440454105,,0.6165450807782847,0.6980348789361244
speech_acts_rank,0.31083723023874166,0.31083723023874166,0.6215742969830419,0.31083723023874166,0.3023057990028309,0.6165450807782847,,0.7871992425410377
words_rank,0.18659420980878658,0.18659420980878658,0.693753850249322,0.18659420980878658,0.18392741525356307,0.6980348789361244,0.7871992425410377,
