rank_name,degree_rank,closeness_rank,betweenness_rank,strength_rank,eigenvector_centrality_rank,frequency_rank,speech_acts_rank,words_rank
degree_rank,,0.97629104716452,0.8755985103654509,0.9498644092855106,0.9640222080465647,0.9055695305018214,0.8504448789376303,0.6870043321711151
closeness_rank,0.97629104716452,,0.8947463735460055,0.9707937066763026,0.9709775760763663,0.9375948014775065,0.8796890860179044,0.7607374171538481
betweenness_rank,0.8755985103654509,0.8947463735460055,,0.8513701534168381,0.8466793730727905,0.8765428362995588,0.9102525683205768,0.765768033666517
strength_rank,0.9498644092855106,0.9707937066763026,0.8513701534168381,,0.9944903161976939,0.9612225244755965,0.8729414997735313,0.7845423605559585
eigenvector_centrality_rank,0.9640222080465647,0.9709775760763663,0.8466793730727905,0.9944903161976939,,0.9476619981323229,0.8626373626373627,0.7692307692307693
frequency_rank,0.9055695305018214,0.9375948014775065,0.8765428362995588,0.9612225244755965,0.9476619981323229,,0.9146040214532883,0.8126752600262652
speech_acts_rank,0.8504448789376303,0.8796890860179044,0.9102525683205768,0.8729414997735313,0.8626373626373627,0.9146040214532883,,0.9065934065934066
words_rank,0.6870043321711151,0.7607374171538481,0.765768033666517,0.7845423605559585,0.7692307692307693,0.8126752600262652,0.9065934065934066,
