segment;change_rate
1;0.75
2;0.4
3;0.3333333333333333
4;0.16666666666666666
5;0.5
6;0.6
7;1.0
8;0.5
9;0.7142857142857143
10;0.875
11;0.6
12;0.9090909090909091
13;1.0
14;0.3333333333333333
15;0.4
16;0.5
17;0.6
18;0.6666666666666666
19;0.5
20;0.6666666666666666
21;0.6666666666666666
22;1.0
23;0.5
24;0.6666666666666666
25;0.6
26;0.75
27;0.75
28;0.8333333333333334
