rank_name,degree_rank,closeness_rank,betweenness_rank,strength_rank,eigenvector_centrality_rank,frequency_rank,speech_acts_rank,words_rank
degree_rank,,0.985184366143778,0.9379580992210836,0.9710083124552245,0.9710083124552245,0.9404032585917882,0.9710083124552245,0.9710083124552245
closeness_rank,0.985184366143778,,0.9240616554505462,0.9276336570439175,0.9276336570439175,0.8823529411764706,0.9276336570439175,0.9856107606091623
betweenness_rank,0.9379580992210836,0.9240616554505462,,0.9411239481143202,0.9411239481143202,0.9548637106322311,0.9411239481143202,0.9411239481143202
strength_rank,0.9710083124552245,0.9276336570439175,0.9411239481143202,,1.0,0.9856107606091623,1.0,0.9428571428571428
eigenvector_centrality_rank,0.9710083124552245,0.9276336570439175,0.9411239481143202,1.0,,0.9856107606091623,1.0,0.9428571428571428
frequency_rank,0.9404032585917882,0.8823529411764706,0.9548637106322311,0.9856107606091623,0.9856107606091623,,0.9856107606091623,0.898645105261295
speech_acts_rank,0.9710083124552245,0.9276336570439175,0.9411239481143202,1.0,1.0,0.9856107606091623,,0.9428571428571428
words_rank,0.9710083124552245,0.9856107606091623,0.9411239481143202,0.9428571428571428,0.9428571428571428,0.898645105261295,0.9428571428571428,
