segment;change_rate
1;0.6666666666666666
2;0.6666666666666666
3;0.5
4;1.0
5;1.0
6;0.5
7;0.5
8;0.5
9;0.5
10;0.6666666666666666
11;0.6666666666666666
12;0.6666666666666666
13;0.5
14;0.5
15;0.6666666666666666
16;0.5
17;0.5
18;0.75
19;0.3333333333333333
20;1.0
21;0.5
22;0.5
23;0.5
24;0.6666666666666666
25;0.6666666666666666
26;0.5
27;0.5
28;0.5
29;0.5
30;0.5
31;0.5
