segment;change_rate
1;1.0
2;0.8421052631578947
3;0.8947368421052632
4;0.75
5;1.0
6;0.8421052631578947
7;0.8888888888888888
