rank_name,degree_rank,closeness_rank,betweenness_rank,strength_rank,eigenvector_centrality_rank,frequency_rank,speech_acts_rank,words_rank
degree_rank,,0.9675092091523894,0.7575431290227056,0.9725513147988245,0.8964914057828541,0.7818210972693898,0.6689829285970418,0.6185749067082067
closeness_rank,0.9675092091523894,,0.7978921611549071,0.9314912213587027,0.8181755309781599,0.7936860889032464,0.6740471256782767,0.6359304993879535
betweenness_rank,0.7575431290227056,0.7978921611549071,,0.765927521811068,0.6515271458173093,0.9193400033352012,0.7853873167236665,0.8049031001904848
strength_rank,0.9725513147988245,0.9314912213587027,0.765927521811068,,0.9472478398433497,0.848358026495808,0.7157721184863151,0.6785306260522056
eigenvector_centrality_rank,0.8964914057828541,0.8181755309781599,0.6515271458173093,0.9472478398433497,,0.8119741030615726,0.725148076649328,0.6760044457525113
frequency_rank,0.7818210972693898,0.7936860889032464,0.9193400033352012,0.848358026495808,0.8119741030615726,,0.8653980459619341,0.869198707539729
speech_acts_rank,0.6689829285970418,0.6740471256782767,0.7853873167236665,0.7157721184863151,0.725148076649328,0.8653980459619341,,0.9438028148453057
words_rank,0.6185749067082067,0.6359304993879535,0.8049031001904848,0.6785306260522056,0.6760044457525113,0.869198707539729,0.9438028148453057,
