segment;change_rate
1;0.7647058823529411
2;0.7333333333333333
3;1.0
4;1.0
5;0.5555555555555556
6;0.5
7;0.7333333333333333
8;0.8181818181818182
9;0.85
10;0.3333333333333333
11;0.7
12;0.75
13;0.7272727272727273
14;0.5714285714285714
15;0.7272727272727273
16;0.6666666666666666
17;0.631578947368421
