segment;change_rate
1;0.6333333333333333
2;0.8125
3;0.8064516129032258
4;0.7307692307692307
