rank_name,degree_rank,closeness_rank,betweenness_rank,strength_rank,eigenvector_centrality_rank,frequency_rank,speech_acts_rank,words_rank
degree_rank,,0.6879293320258674,0.6667325147518772,0.9576740423327814,0.48245240550096524,0.56981127501144,0.4766638329025641,0.3299766999858463
closeness_rank,0.6879293320258674,,0.6280656482184293,0.7351221136846281,0.8711160020636136,0.6370968853019052,0.5972040326883026,0.5116605447478542
betweenness_rank,0.6667325147518772,0.6280656482184293,,0.7040118237994849,0.41230784673962445,0.9059769306560542,0.7016053083299268,0.6048696299311058
strength_rank,0.9576740423327814,0.7351221136846281,0.7040118237994849,,0.5941442038371425,0.679326871391137,0.5454177451878527,0.42061909710502665
eigenvector_centrality_rank,0.48245240550096524,0.8711160020636136,0.41230784673962445,0.5941442038371425,,0.5422005518499717,0.5406670853122328,0.4813118499691927
frequency_rank,0.56981127501144,0.6370968853019052,0.9059769306560542,0.679326871391137,0.5422005518499717,,0.7763331179391776,0.7140282397298142
speech_acts_rank,0.4766638329025641,0.5972040326883026,0.7016053083299268,0.5454177451878527,0.5406670853122328,0.7763331179391776,,0.8966776679339233
words_rank,0.3299766999858463,0.5116605447478542,0.6048696299311058,0.42061909710502665,0.4813118499691927,0.7140282397298142,0.8966776679339233,
