segment;change_rate
1;0.75
2;0.0
3;0.3333333333333333
4;0.6
5;0.6666666666666666
6;0.5
7;0.8
8;1.0
9;0.8571428571428571
10;1.0
11;0.5
12;0.5
13;0.5714285714285714
14;0.7142857142857143
15;1.0
16;1.0
17;0.5
18;0.8
19;1.0
20;1.0
21;0.5
22;0.6666666666666666
23;0.8
24;1.0
25;0.6666666666666666
26;1.0
27;0.25
28;1.0
29;1.0
30;0.0
31;0.6
32;0.5
33;0.4
34;0.6
35;0.625
36;0.6666666666666666
37;0.2
38;0.42857142857142855
