rank_name,degree_rank,closeness_rank,betweenness_rank,strength_rank,eigenvector_centrality_rank,frequency_rank,speech_acts_rank,words_rank
degree_rank,,0.9951370468611848,0.91285241233577,0.9342171549939897,0.8995650577677098,0.8580972607673581,0.7985036760766538,0.805291344563846
closeness_rank,0.9951370468611848,,0.9347680263506906,0.9346586564850077,0.9022082459883788,0.8647491775174927,0.814817666145586,0.8057318759339575
betweenness_rank,0.91285241233577,0.9347680263506906,,0.8575976193123133,0.8218412203767675,0.786479896249148,0.753421974075901,0.7086374947934168
strength_rank,0.9342171549939897,0.9346586564850077,0.8575976193123133,,0.9784449541610476,0.9698943653460181,0.898283478623879,0.8772568518871983
eigenvector_centrality_rank,0.8995650577677098,0.9022082459883788,0.8218412203767675,0.9784449541610476,,0.9518547591060972,0.8941128232372785,0.8498683055311677
frequency_rank,0.8580972607673581,0.8647491775174927,0.786479896249148,0.9698943653460181,0.9518547591060972,,0.9372114226208139,0.8957333318050413
speech_acts_rank,0.7985036760766538,0.814817666145586,0.753421974075901,0.898283478623879,0.8941128232372785,0.9372114226208139,,0.9257472818481306
words_rank,0.805291344563846,0.8057318759339575,0.7086374947934168,0.8772568518871983,0.8498683055311677,0.8957333318050413,0.9257472818481306,
