segment;change_rate
1;0.5
2;0.6666666666666666
3;0.6666666666666666
4;0.25
