segment;change_rate
1;0.5
2;0.3333333333333333
3;0.3333333333333333
4;0.5
5;0.5
6;0.5
7;0.6666666666666666
8;0.25
9;0.5
10;0.5
11;1.0
12;0.5
13;0.3333333333333333
14;0.3333333333333333
15;0.6666666666666666
16;0.0
17;0.6666666666666666
18;1.0
19;0.5
20;0.6666666666666666
21;1.0
22;0.5
23;0.5
24;0.5
25;0.3333333333333333
26;0.6666666666666666
27;0.5
28;0.3333333333333333
29;0.25
