rank_name,degree_rank,closeness_rank,betweenness_rank,strength_rank,eigenvector_centrality_rank,frequency_rank,speech_acts_rank,words_rank
degree_rank,,1.0,0.7976196236559449,0.9555414648988915,0.9525662377547245,0.8971988583074401,0.8616091796769696,0.7972758455921877
closeness_rank,1.0,,0.7976196236559449,0.9555414648988915,0.9525662377547245,0.8971988583074401,0.8616091796769696,0.7972758455921877
betweenness_rank,0.7976196236559449,0.7976196236559449,,0.705432419860668,0.7032359461742361,0.8253474844198951,0.637481008149434,0.6709002670840296
strength_rank,0.9555414648988915,0.9555414648988915,0.705432419860668,,0.9968863442838853,0.9349417674462035,0.9273184876569087,0.8381855484041913
eigenvector_centrality_rank,0.9525662377547245,0.9525662377547245,0.7032359461742361,0.9968863442838853,,0.9320306806677604,0.9037271923062352,0.820063801551892
frequency_rank,0.8971988583074401,0.8971988583074401,0.8253474844198951,0.9349417674462035,0.9320306806677604,,0.8989974692348245,0.8681691862787854
speech_acts_rank,0.8616091796769696,0.8616091796769696,0.637481008149434,0.9273184876569087,0.9037271923062352,0.8989974692348245,,0.9338847958457014
words_rank,0.7972758455921877,0.7972758455921877,0.6709002670840296,0.8381855484041913,0.820063801551892,0.8681691862787854,0.9338847958457014,
