segment;change_rate
1;0.8571428571428571
2;0.75
3;0.42857142857142855
4;0.875
5;0.6666666666666666
6;0.5714285714285714
7;0.6666666666666666
8;0.75
9;1.0
10;0.9285714285714286
11;0.6923076923076923
12;0.5714285714285714
