segment;change_rate
1;1.0
2;0.3333333333333333
3;0.3333333333333333
4;0.3333333333333333
5;1.0
6;0.3333333333333333
7;0.6
8;0.8
9;0.6666666666666666
10;0.6666666666666666
11;0.6666666666666666
12;1.0
13;0.25
14;0.8333333333333334
15;1.0
16;0.5
17;0.3333333333333333
18;0.25
