segment;change_rate
1;1.0
2;0.75
3;1.0
4;0.6666666666666666
5;0.5
6;0.2857142857142857
