segment;change_rate
1;0.6
2;0.6666666666666666
3;1.0
4;0.75
5;0.3333333333333333
6;1.0
7;0.5
8;1.0
9;0.75
10;0.4
11;0.8
12;0.6
13;1.0
14;1.0
15;0.5
16;1.0
17;0.875
18;0.75
19;0.8
20;0.5
21;0.6666666666666666
22;0.6666666666666666
23;0.3333333333333333
24;1.0
25;0.6666666666666666
26;1.0
27;0.6
28;1.0
29;0.6666666666666666
30;0.8
31;0.7142857142857143
32;0.5
