segment;change_rate
1;0.875
2;0.6956521739130435
3;0.6129032258064516
4;0.696969696969697
5;0.7391304347826086
