segment;change_rate
1;0.7058823529411765
2;0.6923076923076923
3;0.9285714285714286
4;0.7777777777777778
