rank_name,degree_rank,closeness_rank,betweenness_rank,strength_rank,eigenvector_centrality_rank,frequency_rank,speech_acts_rank,words_rank
degree_rank,,1.0,0.8660254037844387,0.7127509644204137,0.7127509644204137,0.6354968657931789,0.6071582289507228,0.39477101697586137
closeness_rank,1.0,,0.8660254037844387,0.7127509644204137,0.7127509644204137,0.6354968657931789,0.6071582289507228,0.39477101697586137
betweenness_rank,0.8660254037844387,0.8660254037844387,,0.49533245326414693,0.49533245326414693,0.3821919651404742,0.3429224676444094,0.037986858819879316
strength_rank,0.7127509644204137,0.7127509644204137,0.49533245326414693,,1.0,0.9785978481054535,0.8780487804878049,0.7051704306688749
eigenvector_centrality_rank,0.7127509644204137,0.7127509644204137,0.49533245326414693,1.0,,0.9785978481054535,0.8780487804878049,0.7051704306688749
frequency_rank,0.6354968657931789,0.6354968657931789,0.3821919651404742,0.9785978481054535,0.9785978481054535,,0.8562731170922717,0.7378185943161161
speech_acts_rank,0.6071582289507228,0.6071582289507228,0.3429224676444094,0.8780487804878049,0.8780487804878049,0.8562731170922717,,0.7659609850368814
words_rank,0.39477101697586137,0.39477101697586137,0.037986858819879316,0.7051704306688749,0.7051704306688749,0.7378185943161161,0.7659609850368814,
