segment;change_rate
1;1.0
2;0.5
3;0.6666666666666666
4;0.3333333333333333
5;0.5
6;1.0
7;0.3333333333333333
8;0.75
9;0.5
10;1.0
11;0.3333333333333333
12;0.0
13;1.0
14;0.3333333333333333
15;0.5
16;0.8571428571428571
17;1.0
18;1.0
19;1.0
20;0.5
21;0.8333333333333334
22;0.75
23;0.75
24;0.3333333333333333
25;0.0
26;0.3333333333333333
27;0.0
28;0.25
29;0.75
30;1.0
31;1.0
32;1.0
33;0.75
34;0.75
35;0.4
36;1.0
37;1.0
38;1.0
39;0.875
