rank_name,degree_rank,closeness_rank,betweenness_rank,strength_rank,eigenvector_centrality_rank,frequency_rank,speech_acts_rank,words_rank
degree_rank,,1.0,0.6550311015094143,1.0,0.9300801658312894,0.654370454743735,0.4889804734896033,0.49562898751203116
closeness_rank,1.0,,0.6550311015094143,1.0,0.9300801658312894,0.654370454743735,0.4889804734896033,0.49562898751203116
betweenness_rank,0.6550311015094143,0.6550311015094143,,0.6550311015094143,0.6296514675606117,0.9989914268739957,0.4955888991610446,0.5153440082868251
strength_rank,1.0,1.0,0.6550311015094143,,0.9300801658312894,0.654370454743735,0.4889804734896033,0.49562898751203116
eigenvector_centrality_rank,0.9300801658312894,0.9300801658312894,0.6296514675606117,0.9300801658312894,,0.6315630431858172,0.5231605165335184,0.5040322974185562
frequency_rank,0.654370454743735,0.654370454743735,0.9989914268739957,0.654370454743735,0.6315630431858172,,0.5035356113906788,0.5214584858038823
speech_acts_rank,0.4889804734896033,0.4889804734896033,0.4955888991610446,0.4889804734896033,0.5231605165335184,0.5035356113906788,,0.9153574603484204
words_rank,0.49562898751203116,0.49562898751203116,0.5153440082868251,0.49562898751203116,0.5040322974185562,0.5214584858038823,0.9153574603484204,
