segment;change_rate
1;0.9428571428571428
2;0.8518518518518519
