rank_name,degree_rank,closeness_rank,betweenness_rank,strength_rank,eigenvector_centrality_rank,frequency_rank,speech_acts_rank,words_rank
degree_rank,,0.7905288893302812,0.6282723141345872,0.9767870886490885,0.8267465436192207,0.6124257447665618,0.22140677902944328,0.23492129535428227
closeness_rank,0.7905288893302812,,0.6862254553812576,0.7815685492376513,0.9015839460734404,0.672895119700309,0.3055930671969541,0.34020944098006906
betweenness_rank,0.6282723141345872,0.6862254553812576,,0.7179776943180426,0.7195546241821824,0.9845953901090514,0.5416855583316799,0.5210047089663326
strength_rank,0.9767870886490885,0.7815685492376513,0.7179776943180426,,0.8351711902457253,0.7141409320368248,0.27780476714738944,0.28154759147100106
eigenvector_centrality_rank,0.8267465436192207,0.9015839460734404,0.7195546241821824,0.8351711902457253,,0.722164280990921,0.34706990853984737,0.38528298362343427
frequency_rank,0.6124257447665618,0.672895119700309,0.9845953901090514,0.7141409320368248,0.722164280990921,,0.579854759629375,0.5656836443243624
speech_acts_rank,0.22140677902944328,0.3055930671969541,0.5416855583316799,0.27780476714738944,0.34706990853984737,0.579854759629375,,0.9092754332632879
words_rank,0.23492129535428227,0.34020944098006906,0.5210047089663326,0.28154759147100106,0.38528298362343427,0.5656836443243624,0.9092754332632879,
