rank_name,degree_rank,closeness_rank,betweenness_rank,strength_rank,eigenvector_centrality_rank,frequency_rank,speech_acts_rank,words_rank
degree_rank,,0.6336662914511006,0.48489899588516666,0.9354407832466062,0.5066215216164266,0.3563106916218819,0.0828368434342472,0.056608141931499
closeness_rank,0.6336662914511006,,0.6248064797721011,0.7297545821020373,0.9579195450142629,0.6948496241211118,0.2714546565095701,0.3075913825188899
betweenness_rank,0.48489899588516666,0.6248064797721011,,0.5296100251636978,0.5774921596593723,0.7182569488194112,0.40629732467902624,0.41535939435167757
strength_rank,0.9354407832466062,0.7297545821020373,0.5296100251636978,,0.6659932777674382,0.564057325915804,0.2406608082136886,0.18852790524869092
eigenvector_centrality_rank,0.5066215216164266,0.9579195450142629,0.5774921596593723,0.6659932777674382,,0.7988570149137982,0.3552496977005284,0.35823164587869316
frequency_rank,0.3563106916218819,0.6948496241211118,0.7182569488194112,0.564057325915804,0.7988570149137982,,0.6650824806204723,0.610189274468636
speech_acts_rank,0.0828368434342472,0.2714546565095701,0.40629732467902624,0.2406608082136886,0.3552496977005284,0.6650824806204723,,0.8577638333251475
words_rank,0.056608141931499,0.3075913825188899,0.41535939435167757,0.18852790524869092,0.35823164587869316,0.610189274468636,0.8577638333251475,
