rank_name,degree_rank,closeness_rank,betweenness_rank,strength_rank,eigenvector_centrality_rank,frequency_rank,speech_acts_rank,words_rank
degree_rank,,0.9996214272058164,0.9534090909090909,0.8870015245773746,0.8490626490969866,0.8471178190138489,0.815713692443268,0.7482943825780854
closeness_rank,0.9996214272058164,,0.9530481561655454,0.8866657299317703,0.8510045269896876,0.8467971232541021,0.8135173741225967,0.7480110986828009
betweenness_rank,0.9534090909090909,0.9530481561655454,,0.8337134057169528,0.772835691266946,0.8118370500177504,0.7764385887330366,0.6981039056978481
strength_rank,0.8870015245773746,0.8866657299317703,0.8337134057169528,,0.9706336308723386,0.9674558324080742,0.8760364205588483,0.7754315834904283
eigenvector_centrality_rank,0.8490626490969866,0.8510045269896876,0.772835691266946,0.9706336308723386,,0.9478590726142391,0.8908956622838526,0.8121445177964532
frequency_rank,0.8471178190138489,0.8467971232541021,0.8118370500177504,0.9674558324080742,0.9478590726142391,,0.9243665552146029,0.8393015053412812
speech_acts_rank,0.815713692443268,0.8135173741225967,0.7764385887330366,0.8760364205588483,0.8908956622838526,0.9243665552146029,,0.955291381834229
words_rank,0.7482943825780854,0.7480110986828009,0.6981039056978481,0.7754315834904283,0.8121445177964532,0.8393015053412812,0.955291381834229,
