segment;change_rate
1;0.2222222222222222
2;0.5
3;0.6428571428571429
4;0.6428571428571429
5;0.5833333333333334
6;0.9166666666666666
7;0.3333333333333333
8;0.3333333333333333
9;0.6666666666666666
10;0.6666666666666666
11;1.0
12;0.4
13;0.5
14;0.8181818181818182
15;0.9230769230769231
16;0.8181818181818182
17;0.6666666666666666
18;1.0
19;0.75
20;1.0
21;0.8333333333333334
22;0.5
