rank_name,degree_rank,closeness_rank,betweenness_rank,strength_rank,eigenvector_centrality_rank,frequency_rank,speech_acts_rank,words_rank
degree_rank,,0.9618661640662164,0.8341978150132255,0.9292781261437045,0.48982384637331405,0.6068665012786266,0.5409942333771518,0.4958524632901712
closeness_rank,0.9618661640662164,,0.8330448112624297,0.9003748449027188,0.5584654717298667,0.7026804941863544,0.629256436484305,0.6083871385943908
betweenness_rank,0.8341978150132255,0.8330448112624297,,0.8437618863453247,0.8123063079787172,0.8531979774737022,0.8175777199453501,0.7604674418172899
strength_rank,0.9292781261437045,0.9003748449027188,0.8437618863453247,,0.5806738601389243,0.7360163107914964,0.6512806411744987,0.6351540171367377
eigenvector_centrality_rank,0.48982384637331405,0.5584654717298667,0.8123063079787172,0.5806738601389243,,0.9023348719119738,0.8817434934284387,0.7870910011011589
frequency_rank,0.6068665012786266,0.7026804941863544,0.8531979774737022,0.7360163107914964,0.9023348719119738,,0.9303034319086783,0.9158676802364463
speech_acts_rank,0.5409942333771518,0.629256436484305,0.8175777199453501,0.6512806411744987,0.8817434934284387,0.9303034319086783,,0.922035505658721
words_rank,0.4958524632901712,0.6083871385943908,0.7604674418172899,0.6351540171367377,0.7870910011011589,0.9158676802364463,0.922035505658721,
