segment;change_rate
1;0.3333333333333333
2;0.7142857142857143
3;1.0
4;1.0
5;0.8461538461538461
6;0.9375
7;0.4444444444444444
8;0.5
9;0.5
10;0.5
11;0.6
12;1.0
13;0.8
14;1.0
15;0.3333333333333333
16;1.0
17;1.0
18;0.6666666666666666
19;0.5
20;0.3333333333333333
21;0.8333333333333334
22;0.0
23;0.6666666666666666
24;0.75
25;0.75
26;0.3333333333333333
27;0.7142857142857143
