segment;change_rate
1;0.3333333333333333
2;0.3333333333333333
3;0.6666666666666666
4;0.3333333333333333
5;0.5
6;0.5714285714285714
7;0.7142857142857143
8;0.5
9;0.5
10;0.5
11;0.5
12;0.5
13;1.0
14;0.5
15;0.3333333333333333
16;0.3333333333333333
17;0.5
18;0.5
19;1.0
20;0.5
21;0.5
22;0.5
23;0.3333333333333333
