name,betweenness,degree,closeness,closeness_corrected,strength,eigenvector_centrality,avg_distance,avg_distance_corrected,frequency,speech_acts,words,lines,chars,degree_rank,closeness_rank,betweenness_rank,strength_rank,eigenvector_centrality_rank,frequency_rank,speech_acts_rank,words_rank,centrality_rank_avg,centrality_rank_std,centrality_rank_avg_rank,centrality_rank_std_rank,avg_graph_rank,avg_content_rank,overall_avg,overall_avg_rank
EIN BEAMTER,0.0,7,1.0,1.0,7,0.35355339059327373,1.0,1.0,1,1,14,1,75,1.0,1.0,1.0,1.0,1.0,1.0,7.0,7.0,2.5,0.3471825374147068,7.0,7.0,1.0,7.0,4.0,7.0
HENNEMANN,0.0,7,1.0,1.0,7,0.35355339059327373,1.0,1.0,1,14,158,12,940,1.0,1.0,1.0,1.0,1.0,1.0,4.0,3.0,1.625,0.1484668673956776,3.0,3.0,1.0,3.0,2.0,3.0
DIE POSTBEAMTEN,0.0,7,1.0,1.0,7,0.35355339059327373,1.0,1.0,1,1,8,1,43,1.0,1.0,1.0,1.0,1.0,1.0,7.0,8.0,2.625,0.3775951866748304,8.0,8.0,1.0,8.0,4.5,8.0
MICHAEL,0.0,7,1.0,1.0,7,0.35355339059327373,1.0,1.0,1,6,141,3,821,1.0,1.0,1.0,1.0,1.0,1.0,6.0,4.0,2.0,0.24090602791485788,5.0,6.0,1.0,5.0,3.0,5.0
ERIKA,0.0,7,1.0,1.0,7,0.35355339059327373,1.0,1.0,1,10,132,8,772,1.0,1.0,1.0,1.0,1.0,1.0,5.0,5.0,2.0,0.23145502494313785,5.0,5.0,1.0,5.0,3.0,5.0
MORITZ,0.0,7,1.0,1.0,7,0.35355339059327373,1.0,1.0,1,16,92,16,514,1.0,1.0,1.0,1.0,1.0,1.0,3.0,6.0,1.875,0.22596519169363863,4.0,4.0,1.0,4.0,2.5,4.0
PETRUS,0.0,7,1.0,1.0,7,0.35355339059327373,1.0,1.0,1,18,504,12,2992,1.0,1.0,1.0,1.0,1.0,1.0,2.0,1.0,1.125,0.04419417382415922,1.0,1.0,1.0,1.0,1.0,1.0
HANNEMANN,0.0,7,1.0,1.0,7,0.35355339059327373,1.0,1.0,1,20,240,18,1498,1.0,1.0,1.0,1.0,1.0,1.0,1.0,2.0,1.125,0.04419417382415922,1.0,1.0,1.0,1.0,1.0,1.0
