segment;change_rate
1;0.75
2;0.5
3;0.8
4;0.4
5;0.6666666666666666
6;0.75
7;1.0
8;0.6666666666666666
9;1.0
10;0.3333333333333333
11;1.0
12;0.5
13;1.0
14;1.0
15;0.6666666666666666
16;0.6666666666666666
17;1.0
18;0.8571428571428571
19;0.8333333333333334
20;1.0
21;1.0
22;1.0
23;0.75
24;0.3333333333333333
25;1.0
26;1.0
27;0.6666666666666666
28;0.4
29;0.8571428571428571
30;1.0
31;0.75
32;0.6666666666666666
