rank_name,degree_rank,closeness_rank,betweenness_rank,strength_rank,eigenvector_centrality_rank,frequency_rank,speech_acts_rank,words_rank
degree_rank,,0.8067431382378933,0.8084544772998171,0.9722848115956768,0.7868652520110079,0.810658066812446,0.4575224528259503,0.32525511929295536
closeness_rank,0.8067431382378933,,0.7858381390296775,0.8154747539760118,0.9192545301742961,0.801609926094129,0.5730002665231542,0.459211147435858
betweenness_rank,0.8084544772998171,0.7858381390296775,,0.840425492704603,0.7261497786907446,0.925737282389812,0.720606502488859,0.6503365004199206
strength_rank,0.9722848115956768,0.8154747539760118,0.840425492704603,,0.8268884369686003,0.8767911982963095,0.5479203334591994,0.43616521385010604
eigenvector_centrality_rank,0.7868652520110079,0.9192545301742961,0.7261497786907446,0.8268884369686003,,0.7902693976451879,0.5618253912034891,0.470427233742388
frequency_rank,0.810658066812446,0.801609926094129,0.925737282389812,0.8767911982963095,0.7902693976451879,,0.778121416669578,0.6935708707397291
speech_acts_rank,0.4575224528259503,0.5730002665231542,0.720606502488859,0.5479203334591994,0.5618253912034891,0.778121416669578,,0.913701667321848
words_rank,0.32525511929295536,0.459211147435858,0.6503365004199206,0.43616521385010604,0.470427233742388,0.6935708707397291,0.913701667321848,
