segment;change_rate
1;1.0
2;1.0
3;1.0
4;0.625
5;1.0
6;0.9444444444444444
7;0.9047619047619048
8;0.8888888888888888
9;1.0
10;1.0
11;0.9
12;0.8947368421052632
13;0.9375
14;1.0
15;1.0
16;1.0
17;1.0
18;1.0
19;1.0
20;0.9
21;0.9166666666666666
