rank_name,degree_rank,closeness_rank,betweenness_rank,strength_rank,eigenvector_centrality_rank,frequency_rank,speech_acts_rank,words_rank
degree_rank,,0.608113062594475,0.36580059909879087,0.6433023174524866,0.3334426637148973,0.36994524392049805,0.27926836219507306,0.3062485569704477
closeness_rank,0.608113062594475,,0.8760069775177014,0.74419047779451,0.816115534172473,0.8333651773593136,0.7691729260846848,0.7773314130018072
betweenness_rank,0.36580059909879087,0.8760069775177014,,0.6626777679121323,0.8301924698517119,0.8411874244348387,0.8363169369515366,0.8217363499431083
strength_rank,0.6433023174524866,0.74419047779451,0.6626777679121323,,0.8217713194038933,0.7896276157023333,0.7043325407696776,0.6762705146657003
eigenvector_centrality_rank,0.3334426637148973,0.816115534172473,0.8301924698517119,0.8217713194038933,,0.9642562045171501,0.8835706468481119,0.8470840666660747
frequency_rank,0.36994524392049805,0.8333651773593136,0.8411874244348387,0.7896276157023333,0.9642562045171501,,0.9124752698357007,0.8626576583776127
speech_acts_rank,0.27926836219507306,0.7691729260846848,0.8363169369515366,0.7043325407696776,0.8835706468481119,0.9124752698357007,,0.9708569861451413
words_rank,0.3062485569704477,0.7773314130018072,0.8217363499431083,0.6762705146657003,0.8470840666660747,0.8626576583776127,0.9708569861451413,
