name,betweenness,degree,closeness,closeness_corrected,strength,eigenvector_centrality,avg_distance,avg_distance_corrected,frequency,speech_acts,words,lines,chars,degree_rank,closeness_rank,betweenness_rank,strength_rank,eigenvector_centrality_rank,frequency_rank,speech_acts_rank,words_rank,centrality_rank_avg,centrality_rank_std,centrality_rank_avg_rank,centrality_rank_std_rank,avg_graph_rank,avg_content_rank,overall_avg,overall_avg_rank
JENNY,0.0,3,0.6363636363636364,0.6363636363636364,9,0.3811996446441398,1.5714285714285714,1.5714285714285714,6,44,472,38,2462,3.0,3.0,3.0,3.0,3.0,3.0,3.0,4.0,3.125,0.04419417382415922,3.0,1.0,3.0,3.0,3.0,3.0
JOHANN,0.5,7,1.0,1.0,20,0.6141976568742513,1.0,1.0,14,63,1351,42,6900,1.0,1.0,1.0,1.0,1.0,1.0,2.0,1.0,1.125,0.04419417382415922,1.0,1.0,1.0,1.0,1.0,1.0
KULIKE,0.0,2,0.5833333333333334,0.5833333333333334,2,0.0929723896084555,1.7142857142857142,1.7142857142857142,1,14,288,9,1437,5.0,5.0,3.0,6.0,6.0,6.0,7.0,7.0,5.625,0.1628087725786649,6.0,6.0,6.0,7.0,6.5,6.0
PADDEMANN,0.0,2,0.5833333333333334,0.5833333333333334,3,0.13760121165420408,1.7142857142857142,1.7142857142857142,3,19,517,13,2822,5.0,5.0,3.0,5.0,5.0,5.0,5.0,3.0,4.5,0.11572751247156893,5.0,5.0,5.0,4.0,4.5,5.0
ASSESSOR,0.0,3,0.6363636363636364,0.6363636363636364,8,0.3426407440562534,1.5714285714285714,1.5714285714285714,4,28,441,18,2322,3.0,3.0,3.0,4.0,4.0,4.0,4.0,5.0,3.75,0.08838834764831845,4.0,4.0,4.0,4.0,4.0,4.0
MAJOR,0.21428571428571427,6,0.875,0.875,17,0.5669977648047035,1.1428571428571428,1.1428571428571428,11,70,1341,42,7412,2.0,2.0,2.0,2.0,2.0,2.0,1.0,2.0,1.875,0.04419417382415922,2.0,1.0,2.0,2.0,2.0,2.0
MILCHFRAU,0.0,1,0.5384615384615384,0.5384615384615384,1,0.04834356756270689,1.8571428571428572,1.8571428571428572,1,15,290,10,1372,8.0,8.0,3.0,8.0,8.0,6.0,6.0,6.0,6.625,0.2209708691207961,8.0,8.0,8.0,6.0,7.0,7.0
BARBIER,0.0,2,0.5833333333333334,0.5833333333333334,2,0.0929723896084555,1.7142857142857142,1.7142857142857142,1,12,261,7,1372,5.0,5.0,3.0,6.0,6.0,6.0,8.0,8.0,5.875,0.2052600702245116,7.0,7.0,6.0,8.0,7.0,7.0
