segment;change_rate
1;0.6666666666666666
2;0.6666666666666666
3;0.5
4;1.0
5;0.6666666666666666
6;0.75
7;0.6666666666666666
8;0.5
9;0.5
10;0.5
11;1.0
12;0.5
13;0.3333333333333333
14;0.5
15;0.6666666666666666
16;0.5
17;0.25
18;0.6
