rank_name,degree_rank,closeness_rank,betweenness_rank,strength_rank,eigenvector_centrality_rank,frequency_rank,speech_acts_rank,words_rank
degree_rank,,1.0,0.7875615306482168,0.9756060828611426,0.9756060828611426,0.9434148851749268,0.8470243628419076,0.7488186396138604
closeness_rank,1.0,,0.7875615306482168,0.9756060828611426,0.9756060828611426,0.9434148851749268,0.8470243628419076,0.7488186396138604
betweenness_rank,0.7875615306482168,0.7875615306482168,,0.7683498199278324,0.7683498199278324,0.7826237921249264,0.7325886315065457,0.7637626158259733
strength_rank,0.9756060828611426,0.9756060828611426,0.7683498199278324,,1.0,0.981761387347632,0.8982196964349443,0.8503146459584139
eigenvector_centrality_rank,0.9756060828611426,0.9756060828611426,0.7683498199278324,1.0,,0.981761387347632,0.8982196964349443,0.8503146459584139
frequency_rank,0.9434148851749268,0.9434148851749268,0.7826237921249264,0.981761387347632,0.981761387347632,,0.9515025711248198,0.9027075674773932
speech_acts_rank,0.8470243628419076,0.8470243628419076,0.7325886315065457,0.8982196964349443,0.8982196964349443,0.9515025711248198,,0.9047619047619048
words_rank,0.7488186396138604,0.7488186396138604,0.7637626158259733,0.8503146459584139,0.8503146459584139,0.9027075674773932,0.9047619047619048,
