rank_name,degree_rank,closeness_rank,betweenness_rank,strength_rank,eigenvector_centrality_rank,frequency_rank,speech_acts_rank,words_rank
degree_rank,,0.9919042254369118,0.8650581259939211,0.9472486400864484,0.9091427426978868,0.8209865401863335,0.7171879029258081,0.7134383313681003
closeness_rank,0.9919042254369118,,0.8755318300690119,0.9248055699276572,0.8827153653294897,0.8000464138666648,0.7080535527909452,0.7066220174229086
betweenness_rank,0.8650581259939211,0.8755318300690119,,0.8562564897387385,0.7934318084806402,0.8255146903470739,0.8663580734948683,0.8088527801078056
strength_rank,0.9472486400864484,0.9248055699276572,0.8562564897387385,,0.982224918479895,0.9292881079268606,0.8201027717988494,0.8163579258863519
eigenvector_centrality_rank,0.9091427426978868,0.8827153653294897,0.7934318084806402,0.982224918479895,,0.9380775763850623,0.8052424442428935,0.8092123657685305
frequency_rank,0.8209865401863335,0.8000464138666648,0.8255146903470739,0.9292881079268606,0.9380775763850623,,0.9244258820202377,0.9160473594477411
speech_acts_rank,0.7171879029258081,0.7080535527909452,0.8663580734948683,0.8201027717988494,0.8052424442428935,0.9244258820202377,,0.9411136247734304
words_rank,0.7134383313681003,0.7066220174229086,0.8088527801078056,0.8163579258863519,0.8092123657685305,0.9160473594477411,0.9411136247734304,
