segment;change_rate
1;0.6666666666666666
2;0.75
3;0.3333333333333333
4;0.75
5;0.25
6;0.3333333333333333
7;1.0
8;0.3333333333333333
9;1.0
10;0.75
11;0.6666666666666666
12;0.5555555555555556
13;1.0
14;0.3333333333333333
15;1.0
16;0.5
17;0.5
18;1.0
19;0.5
20;0.6666666666666666
21;0.5714285714285714
22;0.875
23;0.3333333333333333
24;0.7
