segment;change_rate
1;0.6666666666666666
2;0.5
3;0.5
4;0.5
5;0.6666666666666666
6;0.6666666666666666
7;0.5
8;0.6666666666666666
9;0.0
10;1.0
11;0.75
12;0.5
13;0.8
14;0.5714285714285714
15;0.6666666666666666
16;0.6666666666666666
17;0.7142857142857143
18;0.8
19;0.5
