segment;change_rate
1;0.875
2;0.0
3;0.8333333333333334
4;1.0
5;0.75
6;0.9
7;0.8461538461538461
8;0.5714285714285714
9;0.8571428571428571
10;0.8181818181818182
11;0.8
