rank_name,degree_rank,closeness_rank,betweenness_rank,strength_rank,eigenvector_centrality_rank,frequency_rank,speech_acts_rank,words_rank
degree_rank,,0.8573560700302127,0.8185575851524033,0.9387650833364055,0.8830122855856944,0.7442741864415967,0.07842797954590731,-0.02643261273097806
closeness_rank,0.8573560700302127,,0.8082660319945024,0.8515706112590633,0.910861678761606,0.7887052269997626,0.36572571713251417,0.14740444426287433
betweenness_rank,0.8185575851524033,0.8082660319945024,,0.7822170555518876,0.7515817252509439,0.8888572911768557,0.49764553961039487,0.45998177382227834
strength_rank,0.9387650833364055,0.8515706112590633,0.7822170555518876,,0.9626716421258702,0.8618819429049667,0.2296592327649443,0.12608901379662033
eigenvector_centrality_rank,0.8830122855856944,0.910861678761606,0.7515817252509439,0.9626716421258702,,0.8541316749563107,0.2905641899811551,0.15400054564685417
frequency_rank,0.7442741864415967,0.7887052269997626,0.8888572911768557,0.8618819429049667,0.8541316749563107,,0.5906505258788693,0.5490447363591139
speech_acts_rank,0.07842797954590731,0.36572571713251417,0.49764553961039487,0.2296592327649443,0.2905641899811551,0.5906505258788693,,0.8946432568700862
words_rank,-0.02643261273097806,0.14740444426287433,0.45998177382227834,0.12608901379662033,0.15400054564685417,0.5490447363591139,0.8946432568700862,
