segment;change_rate
1;0.6666666666666666
2;0.5
3;0.5
4;0.6666666666666666
5;0.5
6;0.5
7;0.5
8;0.5
9;0.8
