rank_name,degree_rank,closeness_rank,betweenness_rank,strength_rank,eigenvector_centrality_rank,frequency_rank,speech_acts_rank,words_rank
degree_rank,,1.0,1.0,0.6454972243679028,0.29617443887954614,0.14808721943977307,0.28867513459481287,-0.28867513459481287
closeness_rank,1.0,,1.0,0.6454972243679028,0.29617443887954614,0.14808721943977307,0.28867513459481287,-0.28867513459481287
betweenness_rank,1.0,1.0,,0.6454972243679028,0.29617443887954614,0.14808721943977307,0.28867513459481287,-0.28867513459481287
strength_rank,0.6454972243679028,0.6454972243679028,0.6454972243679028,,0.917662935482247,0.6882472016116852,0.6708203932499369,0.33541019662496846
eigenvector_centrality_rank,0.29617443887954614,0.29617443887954614,0.29617443887954614,0.917662935482247,,0.7631578947368421,0.6668859288553503,0.5642880936468347
frequency_rank,0.14808721943977307,0.14808721943977307,0.14808721943977307,0.6882472016116852,0.7631578947368421,,0.9746794344808964,0.872081599272381
speech_acts_rank,0.28867513459481287,0.28867513459481287,0.28867513459481287,0.6708203932499369,0.6668859288553503,0.9746794344808964,,0.8
words_rank,-0.28867513459481287,-0.28867513459481287,-0.28867513459481287,0.33541019662496846,0.5642880936468347,0.872081599272381,0.8,
