metrics,linear,exponential,powerlaw,quadratic,max_val,max_type
degree,0.200954057088,0.201893823042,0.199257336609,0.491186764169,0.49118676416860896,quadratic
closeness,0.19926510229,0.201131483595,0.199888880756,0.490909090909,0.49090909090909085,quadratic
betweenness,0.20140672197,0.18096764565,0.17935526375,0.491736694691,0.4917366946912408,quadratic
strength,0.173862349805,0.219373070478,0.24344224733,0.304275779577,0.3042757795774853,quadratic
eigenvector_centrality,0.306091290834,0.332502344374,0.340283742848,0.18144358112,0.3402837428476858,powerlaw
frequency,0.224981341297,0.257983163589,0.309677462422,0.273123948812,0.30967746242210437,powerlaw
speech_acts,0.364267142165,0.363316577883,0.375160550379,0.424273583546,0.42427358354648204,quadratic
words,0.398972850273,0.398972850273,0.487409110804,0.0594463766728,0.48740911080378546,powerlaw
