segment;change_rate
1;0.8333333333333334
2;0.3333333333333333
3;1.0
4;1.0
5;0.8888888888888888
6;1.0
7;0.9
