segment;change_rate
1;0.8888888888888888
2;0.3888888888888889
3;0.7619047619047619
4;0.75
