rank_name,degree_rank,closeness_rank,betweenness_rank,strength_rank,eigenvector_centrality_rank,frequency_rank,speech_acts_rank,words_rank
degree_rank,,0.995792318212816,0.12196489810153562,0.9673007017839751,0.7836171796204671,-0.061483526210446365,-0.3144647197440057,-0.19590070423203707
closeness_rank,0.995792318212816,,0.11922530159027175,0.9650441055191996,0.7875347410778708,-0.05677863940309266,-0.3263267020726855,-0.20082974353420396
betweenness_rank,0.12196489810153562,0.11922530159027175,,0.2222583256985461,0.3672713424770687,0.7892038956081688,0.5411546411157656,0.4530442629841521
strength_rank,0.9673007017839751,0.9650441055191996,0.2222583256985461,,0.8945566015896574,0.11221384173219838,-0.18714569889905122,-0.07782983035752537
eigenvector_centrality_rank,0.7836171796204671,0.7875347410778708,0.3672713424770687,0.8945566015896574,,0.375896676507963,0.0516797456082943,0.12583761342038494
frequency_rank,-0.061483526210446365,-0.05677863940309266,0.7892038956081688,0.11221384173219838,0.375896676507963,,0.735546449765138,0.6376550849641542
speech_acts_rank,-0.3144647197440057,-0.3263267020726855,0.5411546411157656,-0.18714569889905122,0.0516797456082943,0.735546449765138,,0.8769957476120224
words_rank,-0.19590070423203707,-0.20082974353420396,0.4530442629841521,-0.07782983035752537,0.12583761342038494,0.6376550849641542,0.8769957476120224,
