segment;change_rate
1;0.3333333333333333
2;0.8
3;0.8666666666666667
4;0.9333333333333333
5;0.3333333333333333
6;0.25
7;0.5
8;0.6
9;0.875
10;0.8
11;0.6666666666666666
12;0.6666666666666666
13;0.7777777777777778
14;0.7777777777777778
15;0.7777777777777778
16;0.9090909090909091
17;0.75
18;0.3333333333333333
19;0.3333333333333333
20;0.75
