segment;change_rate
1;1.0
2;0.8888888888888888
3;0.9375
4;0.8333333333333334
