segment;change_rate
1;0.3333333333333333
2;0.3333333333333333
3;0.6666666666666666
4;0.6666666666666666
5;0.3333333333333333
6;1.0
7;1.0
8;0.6
9;0.5714285714285714
10;0.42857142857142855
11;0.6666666666666666
12;0.6666666666666666
13;0.6666666666666666
14;0.6666666666666666
15;0.5
16;1.0
17;1.0
18;0.0
19;0.3333333333333333
20;0.7142857142857143
21;0.5714285714285714
22;0.6
