rank_name,degree_rank,closeness_rank,betweenness_rank,strength_rank,eigenvector_centrality_rank,frequency_rank,speech_acts_rank,words_rank
degree_rank,,1.0,0.7105263157894737,0.5757201004700228,0.6508140266182866,0.538638634844706,0.450563556889583,0.20025046972870356
closeness_rank,1.0,,0.7105263157894737,0.5757201004700228,0.6508140266182866,0.538638634844706,0.450563556889583,0.20025046972870356
betweenness_rank,0.7105263157894737,0.7105263157894737,,0.30037570459305535,0.25031308716087947,0.4360407996361905,0.35043832202523123,0.25031308716087947
strength_rank,0.5757201004700228,0.5757201004700228,0.30037570459305535,,0.9761904761904762,0.9271050693011066,0.9285714285714286,0.7142857142857143
eigenvector_centrality_rank,0.6508140266182866,0.6508140266182866,0.25031308716087947,0.9761904761904762,,0.8539125638299666,0.8571428571428571,0.6190476190476191
frequency_rank,0.538638634844706,0.538638634844706,0.4360407996361905,0.9271050693011066,0.8539125638299666,,0.9759000729485332,0.7075275528876865
speech_acts_rank,0.450563556889583,0.450563556889583,0.35043832202523123,0.9285714285714286,0.8571428571428571,0.9759000729485332,,0.6428571428571429
words_rank,0.20025046972870356,0.20025046972870356,0.25031308716087947,0.7142857142857143,0.6190476190476191,0.7075275528876865,0.6428571428571429,
