segment;change_rate
1;1.0
2;0.3333333333333333
3;0.5
4;0.75
5;1.0
6;0.6666666666666666
7;0.6666666666666666
8;0.6666666666666666
9;0.6666666666666666
10;0.75
11;0.75
12;0.6666666666666666
13;0.3333333333333333
14;0.75
15;0.3333333333333333
16;0.75
17;0.6666666666666666
18;0.6666666666666666
19;0.6666666666666666
20;0.6666666666666666
21;0.6666666666666666
22;0.75
23;0.8
24;0.5
