name,betweenness,degree,closeness,closeness_corrected,strength,eigenvector_centrality,avg_distance,avg_distance_corrected,frequency,speech_acts,words,lines,chars,degree_rank,closeness_rank,betweenness_rank,strength_rank,eigenvector_centrality_rank,frequency_rank,speech_acts_rank,words_rank,centrality_rank_avg,centrality_rank_std,centrality_rank_avg_rank,centrality_rank_std_rank,avg_graph_rank,avg_content_rank,overall_avg,overall_avg_rank
MERKUR,0.0,6,1.0,1.0,39,0.3271084970246129,1.0,1.0,12,45,1060,25,5924,1.0,1.0,1.0,5.0,5.0,6.0,7.0,6.0,4.0,0.32043497223082784,6.0,6.0,5.0,6.0,5.5,6.0
APOLLO,0.0,6,1.0,1.0,59,0.462144835958215,1.0,1.0,22,94,3065,59,17900,1.0,1.0,1.0,1.0,1.0,1.0,3.0,1.0,1.25,0.08838834764831845,1.0,1.0,1.0,1.0,1.0,1.0
MOMUS,0.0,6,1.0,1.0,35,0.2929647377519454,1.0,1.0,10,57,878,49,4695,1.0,1.0,1.0,7.0,7.0,7.0,6.0,7.0,4.625,0.3775951866748304,7.0,7.0,7.0,7.0,7.0,7.0
THALIA,0.0,6,1.0,1.0,53,0.4286666237598246,1.0,1.0,17,58,1099,40,6299,1.0,1.0,1.0,2.0,2.0,4.0,5.0,5.0,2.625,0.2209708691207961,4.0,4.0,2.0,5.0,3.5,3.0
ODOARDO,0.0,6,1.0,1.0,49,0.3884804483535478,1.0,1.0,19,126,1807,101,9484,1.0,1.0,1.0,3.0,4.0,2.0,2.0,3.0,2.125,0.1407489533074504,2.0,2.0,4.0,2.0,3.0,2.0
CRITIK,0.0,6,1.0,1.0,49,0.39828844304300104,1.0,1.0,18,92,1587,66,8449,1.0,1.0,1.0,3.0,3.0,3.0,4.0,4.0,2.5,0.16366341767699427,3.0,3.0,3.0,4.0,3.5,3.0
PREHAUSER,0.0,6,1.0,1.0,38,0.3166828496542696,1.0,1.0,14,144,2975,90,16387,1.0,1.0,1.0,6.0,6.0,5.0,1.0,2.0,2.875,0.2945752086843504,5.0,5.0,6.0,3.0,4.5,5.0
