rank_name,degree_rank,closeness_rank,betweenness_rank,strength_rank,eigenvector_centrality_rank,frequency_rank,speech_acts_rank,words_rank
degree_rank,,,,,,,,
closeness_rank,,,,,,,,
betweenness_rank,,,,,,,,
strength_rank,,,,,0.9910312089651149,0.8468812149338254,0.1801874925391118,0.5225437283634242
eigenvector_centrality_rank,,,,0.9910312089651149,,0.8214285714285714,0.14285714285714285,0.5
frequency_rank,,,,0.8468812149338254,0.8214285714285714,,0.5714285714285714,0.7857142857142857
speech_acts_rank,,,,0.1801874925391118,0.14285714285714285,0.5714285714285714,,0.8571428571428571
words_rank,,,,0.5225437283634242,0.5,0.7857142857142857,0.8571428571428571,
