rank_name,degree_rank,closeness_rank,betweenness_rank,strength_rank,eigenvector_centrality_rank,frequency_rank,speech_acts_rank,words_rank
degree_rank,,1.0,0.7559289460184544,0.4417261042993862,0.4417261042993862,0.7222222222222222,0.32732683535398854,0.6546536707079771
closeness_rank,1.0,,0.7559289460184544,0.4417261042993862,0.4417261042993862,0.7222222222222222,0.32732683535398854,0.6546536707079771
betweenness_rank,0.7559289460184544,0.7559289460184544,,0.08347838711296822,0.08347838711296822,0.5039526306789697,0.08247860988423225,0.5773502691896257
strength_rank,0.4417261042993862,0.4417261042993862,0.08347838711296822,,1.0,0.7975610216516695,0.9157291161525718,0.7349931063856168
eigenvector_centrality_rank,0.4417261042993862,0.4417261042993862,0.08347838711296822,1.0,,0.7975610216516695,0.9157291161525718,0.7349931063856168
frequency_rank,0.7222222222222222,0.7222222222222222,0.5039526306789697,0.7975610216516695,0.7975610216516695,,0.8001322641986387,0.9456108576893003
speech_acts_rank,0.32732683535398854,0.32732683535398854,0.08247860988423225,0.9157291161525718,0.9157291161525718,0.8001322641986387,,0.8333333333333334
words_rank,0.6546536707079771,0.6546536707079771,0.5773502691896257,0.7349931063856168,0.7349931063856168,0.9456108576893003,0.8333333333333334,
