segment;change_rate
1;0.6666666666666666
2;0.5
3;1.0
4;0.5
5;0.6
6;0.2
7;0.4
8;0.42857142857142855
9;0.0
10;0.2857142857142857
