segment;change_rate
1;0.8333333333333334
2;0.5
3;0.5
4;0.8
5;0.7142857142857143
6;0.6666666666666666
7;0.6666666666666666
8;0.6
9;0.6
10;0.5714285714285714
11;0.6666666666666666
12;0.6
13;0.3333333333333333
14;0.8888888888888888
15;0.8
16;0.7777777777777778
17;0.8
18;0.6666666666666666
19;0.75
20;0.5
21;0.6666666666666666
