rank_name,degree_rank,closeness_rank,betweenness_rank,strength_rank,eigenvector_centrality_rank,frequency_rank,speech_acts_rank,words_rank
degree_rank,,0.8517871160047666,0.7369923256652381,0.9940928976106416,0.9653018481713262,0.7365418084903732,0.6742245211680858,0.6070990784979947
closeness_rank,0.8517871160047666,,0.6873940095679651,0.849860776315213,0.8333847607761543,0.6994464165040886,0.7493397943710933,0.7089300972033991
betweenness_rank,0.7369923256652381,0.6873940095679651,,0.7301182003526246,0.7120326737244221,0.9565035109615067,0.6720771246448186,0.6518202232735244
strength_rank,0.9940928976106416,0.849860776315213,0.7301182003526246,,0.9737178511331752,0.7516097622364849,0.6821064204469275,0.6157271280713874
eigenvector_centrality_rank,0.9653018481713262,0.8333847607761543,0.7120326737244221,0.9737178511331752,,0.7376752587996196,0.6456592418894289,0.5975286869733328
frequency_rank,0.7365418084903732,0.6994464165040886,0.9565035109615067,0.7516097622364849,0.7376752587996196,,0.6975729702187895,0.6890348537157477
speech_acts_rank,0.6742245211680858,0.7493397943710933,0.6720771246448186,0.6821064204469275,0.6456592418894289,0.6975729702187895,,0.9363722695473528
words_rank,0.6070990784979947,0.7089300972033991,0.6518202232735244,0.6157271280713874,0.5975286869733328,0.6890348537157477,0.9363722695473528,
