segment;change_rate
1;0.9375
2;1.0
3;1.0
4;0.8571428571428571
5;0.9545454545454546
6;0.7894736842105263
