segment;change_rate
1;0.6666666666666666
2;1.0
3;0.7272727272727273
4;0.6
5;1.0
6;0.3333333333333333
7;0.5
8;0.5
9;0.0
10;0.6666666666666666
11;0.6666666666666666
12;0.75
13;0.5
14;0.5
15;0.3333333333333333
16;0.75
17;0.3333333333333333
18;0.3333333333333333
19;0.5
20;0.6666666666666666
21;0.6666666666666666
22;1.0
23;0.6666666666666666
24;0.8333333333333334
25;1.0
