rank_name,degree_rank,closeness_rank,betweenness_rank,strength_rank,eigenvector_centrality_rank,frequency_rank,speech_acts_rank,words_rank
degree_rank,,0.9201959471492015,0.4231982681835411,0.7188941284877751,0.48633143867469636,0.22100886366556244,0.18594146411545248,0.13124762800045175
closeness_rank,0.9201959471492015,,0.6583897271773635,0.8615030590350304,0.6478715451882179,0.4659061823333771,0.4331647095152762,0.3400045791655223
betweenness_rank,0.4231982681835411,0.6583897271773635,,0.7087840834599907,0.6478898179213117,0.8622349270362849,0.8409397858956991,0.7745940811309201
strength_rank,0.7188941284877751,0.8615030590350304,0.7087840834599907,,0.8909983184202775,0.7130633972217779,0.5913433696569531,0.5224069321840583
eigenvector_centrality_rank,0.48633143867469636,0.6478715451882179,0.6478898179213117,0.8909983184202775,,0.8449830192671487,0.6584554250653795,0.6552945907867179
frequency_rank,0.22100886366556244,0.4659061823333771,0.8622349270362849,0.7130633972217779,0.8449830192671487,,0.9041581041757484,0.8853595517977413
speech_acts_rank,0.18594146411545248,0.4331647095152762,0.8409397858956991,0.5913433696569531,0.6584554250653795,0.9041581041757484,,0.9420606609675917
words_rank,0.13124762800045175,0.3400045791655223,0.7745940811309201,0.5224069321840583,0.6552945907867179,0.8853595517977413,0.9420606609675917,
