segment;change_rate
1;0.5
2;0.6666666666666666
3;0.6666666666666666
4;0.0
5;1.0
6;1.0
7;0.75
8;0.3333333333333333
9;0.3333333333333333
10;0.75
11;0.6666666666666666
12;0.6666666666666666
13;0.5
14;0.5
15;0.8
16;0.8
17;0.6666666666666666
18;0.5
19;0.6666666666666666
20;0.5714285714285714
21;0.4444444444444444
