rank_name,degree_rank,closeness_rank,betweenness_rank,strength_rank,eigenvector_centrality_rank,frequency_rank,speech_acts_rank,words_rank
degree_rank,,1.0,0.9622504486493763,0.8215838362577491,0.7863158925818741,0.5074043825778483,0.20161945963637798,0.28811084037430745
closeness_rank,1.0,,0.9622504486493763,0.8215838362577491,0.7863158925818741,0.5074043825778483,0.20161945963637798,0.28811084037430745
betweenness_rank,0.9622504486493763,0.9622504486493763,,0.7730012058189372,0.7333518105580572,0.5235703144047361,0.17460757394239457,0.3133397807202561
strength_rank,0.8215838362577491,0.8215838362577491,0.7730012058189372,,0.9938837346736189,0.877113387383806,0.607373393411656,0.5932971400958721
eigenvector_centrality_rank,0.7863158925818741,0.7863158925818741,0.7333518105580572,0.9938837346736189,,0.8946035647818626,0.6524390243902439,0.6139845991168652
frequency_rank,0.5074043825778483,0.5074043825778483,0.5235703144047361,0.877113387383806,0.8946035647818626,,0.7215598095503345,0.6640337922911105
speech_acts_rank,0.20161945963637798,0.20161945963637798,0.17460757394239457,0.607373393411656,0.6524390243902439,0.7215598095503345,,0.7963562622208845
words_rank,0.28811084037430745,0.28811084037430745,0.3133397807202561,0.5932971400958721,0.6139845991168652,0.6640337922911105,0.7963562622208845,
