segment;change_rate
1;0.3333333333333333
2;0.25
3;0.2
4;0.5
5;0.2
6;0.5
7;0.6
8;0.5
9;0.3333333333333333
