rank_name,degree_rank,closeness_rank,betweenness_rank,strength_rank,eigenvector_centrality_rank,frequency_rank,speech_acts_rank,words_rank
degree_rank,,0.971875730837066,0.9282081228047537,0.8118195236697432,0.7292715794562216,0.7297656622470924,0.5518756605710013,0.4364506858110534
closeness_rank,0.971875730837066,,0.8985045155806909,0.7255446688347776,0.6384985031318801,0.6214085774279777,0.4402602797482992,0.330644454994641
betweenness_rank,0.9282081228047537,0.8985045155806909,,0.7525547915596312,0.6384739597427294,0.7101651083110668,0.5622858823888739,0.4381952048961569
strength_rank,0.8118195236697432,0.7255446688347776,0.7525547915596312,,0.9711963953317445,0.9687975987900367,0.8065071112570348,0.8191087848704259
eigenvector_centrality_rank,0.7292715794562216,0.6384985031318801,0.6384739597427294,0.9711963953317445,,0.9636688485547407,0.7774802032168222,0.8293122167646103
frequency_rank,0.7297656622470924,0.6214085774279777,0.7101651083110668,0.9687975987900367,0.9636688485547407,,0.8568443516710922,0.8678061130997202
speech_acts_rank,0.5518756605710013,0.4402602797482992,0.5622858823888739,0.8065071112570348,0.7774802032168222,0.8568443516710922,,0.925
words_rank,0.4364506858110534,0.330644454994641,0.4381952048961569,0.8191087848704259,0.8293122167646103,0.8678061130997202,0.925,
