name,betweenness,degree,closeness,closeness_corrected,strength,eigenvector_centrality,avg_distance,avg_distance_corrected,frequency,speech_acts,words,lines,chars,degree_rank,closeness_rank,betweenness_rank,strength_rank,eigenvector_centrality_rank,frequency_rank,speech_acts_rank,words_rank,centrality_rank_avg,centrality_rank_std,centrality_rank_avg_rank,centrality_rank_std_rank,avg_graph_rank,avg_content_rank,overall_avg,overall_avg_rank
AGENOR,0.04444444444444444,5,0.8571428571428571,0.8571428571428571,28,0.3635976298726886,1.1666666666666667,1.1666666666666667,16,168,3587,92,19767,2.0,2.0,3.0,5.0,5.0,5.0,4.0,4.0,3.75,0.16021748611541392,5.0,6.0,4.0,5.0,4.5,5.0
CATHRINE,0.21111111111111105,6,1.0,1.0,41,0.48121287558640274,1.0,1.0,24,161,3388,99,18669,1.0,1.0,1.0,2.0,2.0,1.0,5.0,5.0,2.25,0.21906864547116603,2.0,7.0,1.0,4.0,2.5,2.0
JULIANE,0.04444444444444444,5,0.8571428571428571,0.8571428571428571,43,0.5084689304157215,1.1666666666666667,1.1666666666666667,24,204,4020,134,21958,2.0,2.0,3.0,1.0,1.0,1.0,1.0,3.0,1.75,0.11080065755348979,1.0,3.0,2.0,1.0,1.5,1.0
NICANDER,0.1,5,0.8571428571428571,0.8571428571428571,32,0.396317534755225,1.1666666666666667,1.1666666666666667,20,195,4529,105,24919,2.0,2.0,2.0,4.0,4.0,4.0,2.0,1.0,2.625,0.1484668673956776,3.0,4.0,3.0,2.0,2.5,2.0
HEINRICH,0.0,2,0.6,0.6,3,0.0361582015254953,1.6666666666666667,1.6666666666666667,3,27,392,20,2154,7.0,7.0,5.0,7.0,7.0,6.0,6.0,6.0,6.375,0.09300297614285562,7.0,2.0,7.0,6.0,6.5,6.0
PHILINTE,0.0,4,0.75,0.75,36,0.46356483844770563,1.3333333333333333,1.3333333333333333,21,183,4443,95,24535,5.0,5.0,5.0,3.0,3.0,3.0,3.0,2.0,3.625,0.1484668673956776,4.0,4.0,5.0,3.0,4.0,4.0
AGATHE,0.0,3,0.6666666666666666,0.6666666666666666,5,0.06650500271149676,1.5,1.5,2,11,248,6,1417,6.0,6.0,5.0,6.0,6.0,7.0,7.0,7.0,6.25,0.08838834764831845,6.0,1.0,6.0,7.0,6.5,6.0
