segment;change_rate
1;0.7333333333333333
2;0.6666666666666666
3;0.7058823529411765
4;0.9411764705882353
