rank_name,degree_rank,closeness_rank,betweenness_rank,strength_rank,eigenvector_centrality_rank,frequency_rank,speech_acts_rank,words_rank
degree_rank,,1.0,0.9364364387345502,0.995737677146732,0.9878033452382784,0.9550184822858339,0.5435020547705361,0.4997688006990671
closeness_rank,1.0,,0.9364364387345502,0.995737677146732,0.9878033452382784,0.9550184822858339,0.5435020547705361,0.4997688006990671
betweenness_rank,0.9364364387345502,0.9364364387345502,,0.9200525981479171,0.9089597271512563,0.9613477754312498,0.5762498384910502,0.5074390920488927
strength_rank,0.995737677146732,0.995737677146732,0.9200525981479171,,0.9945368352114327,0.9533432199068778,0.524140315912941,0.5013791221274855
eigenvector_centrality_rank,0.9878033452382784,0.9878033452382784,0.9089597271512563,0.9945368352114327,,0.9481349487964633,0.5037112807903966,0.4966612751817488
frequency_rank,0.9550184822858339,0.9550184822858339,0.9613477754312498,0.9533432199068778,0.9481349487964633,,0.5547496136600486,0.5128731330429006
speech_acts_rank,0.5435020547705361,0.5435020547705361,0.5762498384910502,0.524140315912941,0.5037112807903966,0.5547496136600486,,0.9078329904030716
words_rank,0.4997688006990671,0.4997688006990671,0.5074390920488927,0.5013791221274855,0.4966612751817488,0.5128731330429006,0.9078329904030716,
