segment;change_rate
1;0.9285714285714286
2;0.4
3;0.6
4;0.8181818181818182
5;0.7692307692307693
6;0.6666666666666666
7;0.7222222222222222
8;0.8333333333333334
9;0.8888888888888888
10;0.875
11;0.7142857142857143
12;0.8125
13;0.6666666666666666
