rank_name,degree_rank,closeness_rank,betweenness_rank,strength_rank,eigenvector_centrality_rank,frequency_rank,speech_acts_rank,words_rank
degree_rank,,0.8687969274410268,0.8108324126982533,0.9191006213509901,0.8075281825031464,0.8455806860220297,0.8078820424715079,0.7748310746312116
closeness_rank,0.8687969274410268,,0.9638611105517918,0.7968303157246883,0.6336441983463281,0.7959911702810214,0.7937079000617826,0.7524553007183034
betweenness_rank,0.8108324126982533,0.9638611105517918,,0.7415527399249435,0.5335030975515963,0.7670260315635276,0.7734583296035811,0.7221182354172387
strength_rank,0.9191006213509901,0.7968303157246883,0.7415527399249435,,0.7850550208965158,0.9557705510244738,0.914061276157562,0.8493639343810184
eigenvector_centrality_rank,0.8075281825031464,0.6336441983463281,0.5335030975515963,0.7850550208965158,,0.6501691068793881,0.6374471606413732,0.5970151554685659
frequency_rank,0.8455806860220297,0.7959911702810214,0.7670260315635276,0.9557705510244738,0.6501691068793881,,0.9574355635016033,0.886458950119689
speech_acts_rank,0.8078820424715079,0.7937079000617826,0.7734583296035811,0.914061276157562,0.6374471606413732,0.9574355635016033,,0.9551115547170401
words_rank,0.7748310746312116,0.7524553007183034,0.7221182354172387,0.8493639343810184,0.5970151554685659,0.886458950119689,0.9551115547170401,
