rank_name,degree_rank,closeness_rank,betweenness_rank,strength_rank,eigenvector_centrality_rank,frequency_rank,speech_acts_rank,words_rank
degree_rank,,,,,,,,
closeness_rank,,,,,,,,
betweenness_rank,,,,,,,,
strength_rank,,,,,0.9700772721497398,0.9333504749136048,0.7065994945288229,0.6107893935757621
eigenvector_centrality_rank,,,,0.9700772721497398,,0.9880235200593538,0.6904761904761905,0.6666666666666666
frequency_rank,,,,0.9333504749136048,0.9880235200593538,,0.7229440390678198,0.7349931063856168
speech_acts_rank,,,,0.7065994945288229,0.6904761904761905,0.7229440390678198,,0.9047619047619048
words_rank,,,,0.6107893935757621,0.6666666666666666,0.7349931063856168,0.9047619047619048,
