segment;change_rate
1;0.5
2;0.8
3;0.25
4;0.8
5;0.5
6;0.8
7;1.0
8;0.3333333333333333
9;0.5
10;0.5
11;0.5
12;0.4
13;0.4
14;0.5
15;0.25
16;0.6
17;1.0
18;0.3333333333333333
19;0.5
20;0.5
21;0.75
22;0.6666666666666666
23;0.3333333333333333
24;0.75
25;0.75
