segment;change_rate
1;0.14285714285714285
2;0.7142857142857143
3;1.0
4;0.3333333333333333
5;0.5
6;0.5
7;0.25
8;1.0
9;0.5714285714285714
10;0.8571428571428571
11;0.75
12;0.6666666666666666
13;0.8888888888888888
14;0.75
15;1.0
16;1.0
17;0.25
18;1.0
19;0.6
20;0.6
21;0.8
22;0.875
23;1.0
24;0.3333333333333333
25;0.5
26;0.5714285714285714
27;1.0
28;1.0
29;0.6666666666666666
30;0.5
31;0.4
32;0.8333333333333334
33;0.8
34;1.0
