rank_name,degree_rank,closeness_rank,betweenness_rank,strength_rank,eigenvector_centrality_rank,frequency_rank,speech_acts_rank,words_rank
degree_rank,,0.828079122798252,0.5520567614996519,0.8489515181839559,0.8184166249925929,0.36576828310667564,0.21697445349351696,0.10457849922860485
closeness_rank,0.828079122798252,,0.27605201843036564,0.7216274098351678,0.9909488013282342,0.1721166355530806,0.04611802070959902,-0.12326767857141183
betweenness_rank,0.5520567614996519,0.27605201843036564,,0.6100876563223939,0.23179925986359529,0.6594306751529474,0.4590535174708025,0.3799010115186814
strength_rank,0.8489515181839559,0.7216274098351678,0.6100876563223939,,0.7282073757232981,0.7153813384175658,0.40345640278098,0.2791703614292425
eigenvector_centrality_rank,0.8184166249925929,0.9909488013282342,0.23179925986359529,0.7282073757232981,,0.18348984853371186,0.02649465456853099,-0.12028578734724665
frequency_rank,0.36576828310667564,0.1721166355530806,0.6594306751529474,0.7153813384175658,0.18348984853371186,,0.6544091699178356,0.6084517359579754
speech_acts_rank,0.21697445349351696,0.04611802070959902,0.4590535174708025,0.40345640278098,0.02649465456853099,0.6544091699178356,,0.8831952430856058
words_rank,0.10457849922860485,-0.12326767857141183,0.3799010115186814,0.2791703614292425,-0.12028578734724665,0.6084517359579754,0.8831952430856058,
