segment;change_rate
1;0.3333333333333333
2;0.3333333333333333
3;1.0
4;0.3333333333333333
5;1.0
6;0.6666666666666666
7;0.6
8;0.7692307692307693
9;0.09090909090909091
10;0.8
