name,betweenness,degree,closeness,closeness_corrected,strength,eigenvector_centrality,avg_distance,avg_distance_corrected,frequency,speech_acts,words,lines,chars,degree_rank,closeness_rank,betweenness_rank,strength_rank,eigenvector_centrality_rank,frequency_rank,speech_acts_rank,words_rank,centrality_rank_avg,centrality_rank_std,centrality_rank_avg_rank,centrality_rank_std_rank,avg_graph_rank,avg_content_rank,overall_avg,overall_avg_rank
ALTE DAME,0.0,4,0.7,0.7,4,0.1442334572070335,1.4285714285714286,1.4285714285714286,1,1,15,1,79,5.0,5.0,5.0,5.0,7.0,5.0,6.0,8.0,5.75,0.1456205931276794,7.0,7.0,6.0,8.0,7.0,7.0
ZWEITER ALTER HERR,0.0,4,0.7,0.7,4,0.17489185041923486,1.4285714285714286,1.4285714285714286,1,2,46,0,242,5.0,5.0,5.0,5.0,5.0,5.0,5.0,5.0,5.0,0.0,5.0,1.0,5.0,5.0,5.0,5.0
JUNGE DAME,0.0,4,0.7,0.7,4,0.1442334572070335,1.4285714285714286,1.4285714285714286,1,1,18,1,98,5.0,5.0,5.0,5.0,7.0,5.0,6.0,6.0,5.5,0.0944911182523068,6.0,6.0,6.0,6.0,6.0,6.0
HAESER,0.14285714285714282,7,1.0,1.0,15,0.5472177276303043,1.0,1.0,5,14,194,11,1127,1.0,1.0,1.0,1.0,1.0,1.0,2.0,3.0,1.375,0.09300297614285562,2.0,5.0,1.0,2.0,1.5,2.0
DR. LANGENBECK,0.031746031746031744,5,0.7777777777777778,0.7777777777777778,11,0.46998546469266056,1.2857142857142856,1.2857142857142856,4,10,288,2,1664,4.0,4.0,4.0,3.0,3.0,3.0,3.0,2.0,3.25,0.08838834764831845,3.0,4.0,4.0,3.0,3.5,3.0
URBAN,0.14285714285714282,7,1.0,1.0,15,0.5472177276303043,1.0,1.0,5,30,920,12,5275,1.0,1.0,1.0,1.0,1.0,1.0,1.0,1.0,1.0,0.0,1.0,1.0,1.0,1.0,1.0,1.0
POLIZIST,0.0,3,0.6363636363636364,0.6363636363636364,3,0.1472361449712292,1.5714285714285714,1.5714285714285714,1,1,16,1,85,8.0,8.0,5.0,8.0,6.0,5.0,6.0,7.0,6.625,0.1628087725786649,8.0,8.0,8.0,7.0,7.5,8.0
ALTER HERR,0.06349206349206349,6,0.875,0.875,8,0.29384852905372344,1.1428571428571428,1.1428571428571428,2,4,59,2,387,3.0,3.0,3.0,4.0,4.0,4.0,4.0,4.0,3.625,0.06469364618834571,4.0,3.0,3.0,4.0,3.5,3.0
