rank_name,degree_rank,closeness_rank,betweenness_rank,strength_rank,eigenvector_centrality_rank,frequency_rank,speech_acts_rank,words_rank
degree_rank,,1.0,1.0,0.9875106606839943,0.9470023786371085,0.9875106606839943,0.5849321275752699,0.5482510535056001
closeness_rank,1.0,,1.0,0.9875106606839943,0.9470023786371085,0.9875106606839943,0.5849321275752699,0.5482510535056001
betweenness_rank,1.0,1.0,,0.9875106606839943,0.9470023786371085,0.9875106606839943,0.5849321275752699,0.5482510535056001
strength_rank,0.9875106606839943,0.9875106606839943,0.9875106606839943,,0.9840273670762056,1.0,0.6212941856603212,0.5687826664096713
eigenvector_centrality_rank,0.9470023786371085,0.9470023786371085,0.9470023786371085,0.9840273670762056,,0.9840273670762056,0.6433532079616923,0.5727518836520645
frequency_rank,0.9875106606839943,0.9875106606839943,0.9875106606839943,1.0,0.9840273670762056,,0.6212941856603212,0.5687826664096713
speech_acts_rank,0.5849321275752699,0.5849321275752699,0.5849321275752699,0.6212941856603212,0.6433532079616923,0.6212941856603212,,0.9771123210324663
words_rank,0.5482510535056001,0.5482510535056001,0.5482510535056001,0.5687826664096713,0.5727518836520645,0.5687826664096713,0.9771123210324663,
