name,betweenness,degree,closeness,closeness_corrected,strength,eigenvector_centrality,avg_distance,avg_distance_corrected,frequency,speech_acts,words,lines,chars,degree_rank,closeness_rank,betweenness_rank,strength_rank,eigenvector_centrality_rank,frequency_rank,speech_acts_rank,words_rank,centrality_rank_avg,centrality_rank_std,centrality_rank_avg_rank,centrality_rank_std_rank,avg_graph_rank,avg_content_rank,overall_avg,overall_avg_rank
HAUPTMANN,0.0,6,0.875,0.875,11,0.22287473418747522,1.1428571428571428,1.1428571428571428,2,43,575,33,3161,3.0,3.0,3.0,6.0,6.0,7.0,3.0,4.0,4.375,0.21062725200152588,5.0,5.0,6.0,5.0,5.5,5.0
BACKES,0.0,6,0.875,0.875,19,0.3820483211531886,1.1428571428571428,1.1428571428571428,4,29,301,21,1621,3.0,3.0,3.0,4.0,4.0,4.0,6.0,6.0,4.125,0.15580293184477811,4.0,3.0,4.0,6.0,5.0,4.0
CONSTANZE,0.11904761904761904,7,1.0,1.0,26,0.47402974940064774,1.0,1.0,8,129,1810,95,9955,1.0,1.0,1.0,1.0,1.0,1.0,1.0,1.0,1.0,0.0,1.0,1.0,1.0,1.0,1.0,1.0
GUSTCHEN,0.0,6,0.875,0.875,23,0.447966538537687,1.1428571428571428,1.1428571428571428,6,32,339,17,1839,3.0,3.0,3.0,2.0,2.0,2.0,5.0,5.0,3.125,0.15580293184477811,3.0,3.0,3.0,3.0,3.0,3.0
MORITZ,0.11904761904761904,7,1.0,1.0,23,0.4422750824509891,1.0,1.0,6,73,1738,43,9540,1.0,1.0,1.0,2.0,3.0,2.0,2.0,2.0,1.75,0.08838834764831845,2.0,2.0,2.0,2.0,2.0,2.0
FR. GREINER,0.0,2,0.5833333333333334,0.5833333333333334,2,0.04594770268394208,1.7142857142857142,1.7142857142857142,1,8,199,4,1096,8.0,8.0,3.0,8.0,8.0,8.0,8.0,8.0,7.375,0.2209708691207961,8.0,7.0,8.0,8.0,8.0,8.0
HAHNENBEIN,0.0,6,0.875,0.875,19,0.3820483211531886,1.1428571428571428,1.1428571428571428,4,23,288,17,1640,3.0,3.0,3.0,4.0,4.0,4.0,7.0,7.0,4.375,0.21062725200152588,5.0,5.0,4.0,7.0,5.5,5.0
LANGENBERG,0.0,6,0.875,0.875,9,0.18790516374938596,1.1428571428571428,1.1428571428571428,3,41,728,26,4098,3.0,3.0,3.0,7.0,7.0,6.0,4.0,3.0,4.5,0.23145502494313785,7.0,8.0,7.0,4.0,5.5,5.0
