metrics,linear,exponential,powerlaw,quadratic,max_val,max_type
degree,0.330717201108,0.427587870956,0.569381897465,0.578371463439,0.578371463439397,quadratic
closeness,0.469675932512,0.548937959669,0.570125621095,0.519201550502,0.5701256210950691,powerlaw
betweenness,0.019465079024,0.0852285261529,0.0891791945908,0.321874499435,0.3218744994351468,quadratic
strength,0.0859766181969,0.205990111803,0.303254383973,0.289187991893,0.30325438397317916,powerlaw
eigenvector_centrality,0.0950165911033,0.244375113247,0.252836861486,0.283695164337,0.28369516433741904,quadratic
frequency,0.0883190142427,0.205719171005,0.28910542127,0.283221447605,0.2891054212699584,powerlaw
speech_acts,0.117875585709,0.2192286616,0.336039107738,0.299088441412,0.33603910773783485,powerlaw
words,0.11050087225,0.220231719881,0.436851612026,0.247723423738,0.4368516120261594,powerlaw
