rank_name,degree_rank,closeness_rank,betweenness_rank,strength_rank,eigenvector_centrality_rank,frequency_rank,speech_acts_rank,words_rank
degree_rank,,1.0,0.779973494940251,0.9364045963784182,0.9357002678873535,0.7732896804577154,0.33117692502984103,0.3844114797939779
closeness_rank,1.0,,0.779973494940251,0.9364045963784182,0.9357002678873535,0.7732896804577154,0.33117692502984103,0.3844114797939779
betweenness_rank,0.779973494940251,0.779973494940251,,0.8394877619416025,0.8388563306661447,0.8633789991537313,0.5444154783092592,0.6497314177108761
strength_rank,0.9364045963784182,0.9364045963784182,0.8394877619416025,,0.9992478374264834,0.9305717895045426,0.5710174430250085,0.6309970960497726
eigenvector_centrality_rank,0.9357002678873535,0.9357002678873535,0.8388563306661447,0.9992478374264834,,0.9298718482325069,0.5735753165157259,0.6334966463088533
frequency_rank,0.7732896804577154,0.7732896804577154,0.8633789991537313,0.9305717895045426,0.9298718482325069,,0.7798756554288572,0.8379978575194337
speech_acts_rank,0.33117692502984103,0.33117692502984103,0.5444154783092592,0.5710174430250085,0.5735753165157259,0.7798756554288572,,0.9379708045734432
words_rank,0.3844114797939779,0.3844114797939779,0.6497314177108761,0.6309970960497726,0.6334966463088533,0.8379978575194337,0.9379708045734432,
