rank_name,degree_rank,closeness_rank,betweenness_rank,strength_rank,eigenvector_centrality_rank,frequency_rank,speech_acts_rank,words_rank
degree_rank,,,,,,,,
closeness_rank,,,,,,,,
betweenness_rank,,,,,,,,
strength_rank,,,,,0.9411239481143202,0.7084472691787521,0.2125118592516207,0.030358837035945812
eigenvector_centrality_rank,,,,0.9411239481143202,,0.5217939320872036,0.02857142857142857,-0.14285714285714285
frequency_rank,,,,0.7084472691787521,0.5217939320872036,,0.753702346348183,0.5797710356524485
speech_acts_rank,,,,0.2125118592516207,0.02857142857142857,0.753702346348183,,0.4857142857142857
words_rank,,,,0.030358837035945812,-0.14285714285714285,0.5797710356524485,0.4857142857142857,
