segment;change_rate
1;0.5
2;0.5
3;0.5
4;0.6666666666666666
5;0.3333333333333333
6;0.3333333333333333
7;0.5
8;0.75
9;0.5
10;0.3333333333333333
11;0.25
12;0.75
13;0.5
14;0.75
15;0.5
16;0.6
17;0.4
