segment;change_rate
1;0.5
2;0.3333333333333333
3;0.6
4;0.5
5;0.3333333333333333
6;0.25
7;0.25
8;0.25
