name,betweenness,degree,closeness,closeness_corrected,strength,eigenvector_centrality,avg_distance,avg_distance_corrected,frequency,speech_acts,words,lines,chars,degree_rank,closeness_rank,betweenness_rank,strength_rank,eigenvector_centrality_rank,frequency_rank,speech_acts_rank,words_rank,centrality_rank_avg,centrality_rank_std,centrality_rank_avg_rank,centrality_rank_std_rank,avg_graph_rank,avg_content_rank,overall_avg,overall_avg_rank
VALEROS,0.0,4,0.7,0.7,15,0.33797482761265757,1.4285714285714286,1.4285714285714286,7,123,2240,463,11860,4.0,4.0,4.0,5.0,5.0,5.0,4.0,4.0,4.375,0.06469364618834571,5.0,2.0,5.0,4.0,4.5,4.0
DER DIENER,0.0,1,0.5384615384615384,0.5384615384615384,1,0.02632685264541105,1.8571428571428572,1.8571428571428572,1,1,1,1,5,8.0,8.0,4.0,8.0,8.0,7.0,8.0,8.0,7.375,0.17598574414666987,8.0,8.0,8.0,8.0,8.0,8.0
HUGO,0.0,4,0.7,0.7,23,0.48016947724953135,1.4285714285714286,1.4285714285714286,15,189,5584,1060,29190,4.0,4.0,4.0,2.0,2.0,2.0,1.0,1.0,2.5,0.16366341767699427,2.0,7.0,3.0,1.0,2.0,2.0
OTTO,0.031746031746031744,5,0.7777777777777778,0.7777777777777778,18,0.3865457068176766,1.2857142857142856,1.2857142857142856,9,61,1413,283,7320,3.0,3.0,3.0,4.0,4.0,4.0,5.0,5.0,3.875,0.10431537004953502,4.0,4.0,4.0,5.0,4.5,4.0
HOLM,0.0,2,0.5833333333333334,0.5833333333333334,2,0.04667287249289446,1.7142857142857142,1.7142857142857142,1,7,310,51,1484,7.0,7.0,4.0,7.0,7.0,7.0,7.0,6.0,6.5,0.1336306209562122,7.0,6.0,7.0,7.0,7.0,7.0
KOLBERT,0.0,3,0.6363636363636364,0.6363636363636364,5,0.11171089026512822,1.5714285714285714,1.5714285714285714,3,12,136,29,696,6.0,6.0,4.0,6.0,6.0,6.0,6.0,7.0,5.875,0.10431537004953502,6.0,4.0,6.0,6.0,6.0,6.0
JERTA,0.12698412698412695,6,0.875,0.875,21,0.4282378037184347,1.1428571428571428,1.1428571428571428,14,142,2489,500,13422,2.0,2.0,2.0,3.0,3.0,3.0,3.0,3.0,2.625,0.06469364618834571,3.0,2.0,2.0,3.0,2.5,3.0
ELVIRE,0.4126984126984126,7,1.0,1.0,31,0.5541248106921057,1.0,1.0,17,152,2855,582,15044,1.0,1.0,1.0,1.0,1.0,1.0,2.0,2.0,1.25,0.057863756235784464,1.0,1.0,1.0,2.0,1.5,1.0
