segment;change_rate
1;0.75
2;0.3333333333333333
3;0.6666666666666666
4;0.75
5;0.75
6;0.3333333333333333
7;0.5
8;0.3333333333333333
9;0.6666666666666666
10;0.5
11;0.5
12;0.3333333333333333
13;0.25
14;0.5
15;0.6666666666666666
16;0.5
17;0.8
18;0.5
19;0.5
20;0.6666666666666666
21;0.5
22;0.5
23;0.3333333333333333
24;0.3333333333333333
25;0.3333333333333333
26;0.3333333333333333
27;0.6
