rank_name,degree_rank,closeness_rank,betweenness_rank,strength_rank,eigenvector_centrality_rank,frequency_rank,speech_acts_rank,words_rank
degree_rank,,1.0,0.9717064276596887,0.8798996630101369,0.8288909868936072,0.7844366826525319,0.47826087610054996,0.4964457002868827
closeness_rank,1.0,,0.9717064276596887,0.8798996630101369,0.8288909868936072,0.7844366826525319,0.47826087610054996,0.4964457002868827
betweenness_rank,0.9717064276596887,0.9717064276596887,,0.8604947629012233,0.8046886171900561,0.7552158487053806,0.41150858800963475,0.44924518341663183
strength_rank,0.8798996630101369,0.8798996630101369,0.8604947629012233,,0.9713261648745519,0.9603138403043513,0.7280870326317682,0.7352426791441198
eigenvector_centrality_rank,0.8288909868936072,0.8288909868936072,0.8046886171900561,0.9713261648745519,,0.9855852571544658,0.7316648558879439,0.792487851242932
frequency_rank,0.7844366826525319,0.7844366826525319,0.7552158487053806,0.9603138403043513,0.9855852571544658,,0.7405705943357495,0.7657968432912251
speech_acts_rank,0.47826087610054996,0.47826087610054996,0.41150858800963475,0.7280870326317682,0.7316648558879439,0.7405705943357495,,0.9392857142857143
words_rank,0.4964457002868827,0.4964457002868827,0.44924518341663183,0.7352426791441198,0.792487851242932,0.7657968432912251,0.9392857142857143,
