segment;change_rate
1;0.6
2;0.6
3;0.3333333333333333
4;0.6
5;1.0
6;0.42857142857142855
7;0.75
8;0.75
9;0.5
10;0.5555555555555556
11;0.3333333333333333
12;0.875
