rank_name,degree_rank,closeness_rank,betweenness_rank,strength_rank,eigenvector_centrality_rank,frequency_rank,speech_acts_rank,words_rank
degree_rank,,1.0,0.9054997968052089,0.8475517422486369,0.7788309515445294,0.7307296213824462,0.7587844830935853,0.7332243717080021
closeness_rank,1.0,,0.9054997968052089,0.8475517422486369,0.7788309515445294,0.7307296213824462,0.7587844830935853,0.7332243717080021
betweenness_rank,0.9054997968052089,0.9054997968052089,,0.834362534908296,0.768476141900288,0.7775485971118723,0.7660042340126668,0.7548586697611597
strength_rank,0.8475517422486369,0.8475517422486369,0.834362534908296,,0.9880542476994354,0.9740278071215523,0.8504168903960733,0.8350359548054792
eigenvector_centrality_rank,0.7788309515445294,0.7788309515445294,0.768476141900288,0.9880542476994354,,0.9801612426845214,0.8267700902268668,0.8089261314449919
frequency_rank,0.7307296213824462,0.7307296213824462,0.7775485971118723,0.9740278071215523,0.9801612426845214,,0.813162288217794,0.8227705490860392
speech_acts_rank,0.7587844830935853,0.7587844830935853,0.7660042340126668,0.8504168903960733,0.8267700902268668,0.813162288217794,,0.9426877470355731
words_rank,0.7332243717080021,0.7332243717080021,0.7548586697611597,0.8350359548054792,0.8089261314449919,0.8227705490860392,0.9426877470355731,
