segment;change_rate
1;0.8666666666666667
2;0.8571428571428571
3;0.7368421052631579
4;0.5263157894736842
5;0.6923076923076923
6;0.8571428571428571
