rank_name,degree_rank,closeness_rank,betweenness_rank,strength_rank,eigenvector_centrality_rank,frequency_rank,speech_acts_rank,words_rank
degree_rank,,0.998833365342651,0.8519319925531629,0.8418834550427449,0.7564071960034888,0.6010666168602509,0.39721075318337057,0.36258561514250953
closeness_rank,0.998833365342651,,0.8695498685022789,0.8469160377008069,0.752425156455497,0.616993302530088,0.41282646972365195,0.3826696810742032
betweenness_rank,0.8519319925531629,0.8695498685022789,,0.8008631604451756,0.6432112236524633,0.7298970185509659,0.6049058406061628,0.5941278370420032
strength_rank,0.8418834550427449,0.8469160377008069,0.8008631604451756,,0.95396632584733,0.8982724109495249,0.6483566756367093,0.6173485446134791
eigenvector_centrality_rank,0.7564071960034888,0.752425156455497,0.6432112236524633,0.95396632584733,,0.828042482103412,0.578601776747779,0.5427198774241421
frequency_rank,0.6010666168602509,0.616993302530088,0.7298970185509659,0.8982724109495249,0.828042482103412,,0.8613904011895362,0.8257568146232763
speech_acts_rank,0.39721075318337057,0.41282646972365195,0.6049058406061628,0.6483566756367093,0.578601776747779,0.8613904011895362,,0.9211194508094181
words_rank,0.36258561514250953,0.3826696810742032,0.5941278370420032,0.6173485446134791,0.5427198774241421,0.8257568146232763,0.9211194508094181,
