segment;change_rate
1;0.25
2;0.75
3;0.6666666666666666
4;0.8
5;1.0
6;0.6
7;0.5
8;1.0
9;0.6666666666666666
10;0.6363636363636364
11;0.5833333333333334
12;1.0
13;0.3333333333333333
14;1.0
15;0.3333333333333333
16;0.3333333333333333
17;1.0
18;0.8
19;0.5
20;0.8571428571428571
21;1.0
22;0.6666666666666666
23;1.0
24;0.8888888888888888
25;0.8
