rank_name,degree_rank,closeness_rank,betweenness_rank,strength_rank,eigenvector_centrality_rank,frequency_rank,speech_acts_rank,words_rank
degree_rank,,0.5172461850786048,0.601674822440937,0.999889981979022,0.33835901748454345,0.6015285189615888,0.1983541068794792,0.17898581074298175
closeness_rank,0.5172461850786048,,0.5292481777990751,0.5159977171546923,0.8527954684503511,0.5240945612914422,0.12273928954225463,-0.04134420753795388
betweenness_rank,0.601674822440937,0.5292481777990751,,0.6010771623834702,0.5675801062126439,0.9958758177583884,0.3069816525363045,0.2917935904597857
strength_rank,0.999889981979022,0.5159977171546923,0.6010771623834702,,0.33936079123206325,0.6019537055007758,0.20180971049202157,0.18227628327197873
eigenvector_centrality_rank,0.33835901748454345,0.8527954684503511,0.5675801062126439,0.33936079123206325,,0.5760237514108802,0.22750224111905745,0.11015166823247954
frequency_rank,0.6015285189615888,0.5240945612914422,0.9958758177583884,0.6019537055007758,0.5760237514108802,,0.3348783553881798,0.3210148389984332
speech_acts_rank,0.1983541068794792,0.12273928954225463,0.3069816525363045,0.20180971049202157,0.22750224111905745,0.3348783553881798,,0.8020770497444949
words_rank,0.17898581074298175,-0.04134420753795388,0.2917935904597857,0.18227628327197873,0.11015166823247954,0.3210148389984332,0.8020770497444949,
