segment;change_rate
1;1.0
2;1.0
3;0.5
4;1.0
5;0.5
6;0.7142857142857143
7;0.8571428571428571
8;0.5
9;0.75
10;0.75
11;0.8571428571428571
12;0.8571428571428571
13;0.9090909090909091
14;1.0
15;1.0
16;0.75
17;0.5
18;1.0
19;0.5
20;0.5
21;0.8
