rank_name,degree_rank,closeness_rank,betweenness_rank,strength_rank,eigenvector_centrality_rank,frequency_rank,speech_acts_rank,words_rank
degree_rank,,0.9972689980870029,0.8162480002842875,0.9140724413937663,0.9140724413937663,0.7310638312932093,0.5943085513503391,0.5639353644124154
closeness_rank,0.9972689980870029,,0.8270580285874365,0.9169914114184406,0.9169914114184406,0.7475715406265369,0.6036951312109544,0.5804787045946652
betweenness_rank,0.8162480002842875,0.8270580285874365,,0.7915184199166052,0.7915184199166052,0.8076007155592229,0.6955673703088682,0.6410221840050638
strength_rank,0.9140724413937663,0.9169914114184406,0.7915184199166052,,1.0,0.909370452571962,0.817960556297208,0.791742748152913
eigenvector_centrality_rank,0.9140724413937663,0.9169914114184406,0.7915184199166052,1.0,,0.909370452571962,0.817960556297208,0.791742748152913
frequency_rank,0.7310638312932093,0.7475715406265369,0.8076007155592229,0.909370452571962,0.909370452571962,,0.9505471014874514,0.9257278484949347
speech_acts_rank,0.5943085513503391,0.6036951312109544,0.6955673703088682,0.817960556297208,0.817960556297208,0.9505471014874514,,0.9818564557274198
words_rank,0.5639353644124154,0.5804787045946652,0.6410221840050638,0.791742748152913,0.791742748152913,0.9257278484949347,0.9818564557274198,
