segment;change_rate
1;1.0
2;0.8888888888888888
3;1.0
4;0.5
5;0.0
6;0.5
7;0.75
8;0.3333333333333333
9;1.0
10;1.0
