segment;change_rate
1;0.5652173913043478
2;0.3076923076923077
3;0.6875
4;0.75
