segment;change_rate
1;0.3333333333333333
2;0.5
3;0.3333333333333333
4;0.6
