rank_name,degree_rank,closeness_rank,betweenness_rank,strength_rank,eigenvector_centrality_rank,frequency_rank,speech_acts_rank,words_rank
degree_rank,,0.8101241007481378,0.5002859153966334,0.9949857443567887,0.7874357941524578,0.49400702160841764,0.14168955367448777,0.18749694017248314
closeness_rank,0.8101241007481378,,0.39606330690996755,0.8001691326214814,0.9102548846885512,0.38408009878191596,-0.005786690052370497,-0.009440984707342252
betweenness_rank,0.5002859153966334,0.39606330690996755,,0.5383709892791358,0.4028720987570333,0.9855074535822472,0.5465963951405517,0.4872126595260211
strength_rank,0.9949857443567887,0.8001691326214814,0.5383709892791358,,0.7890851992814021,0.535934394755097,0.16798375243423985,0.21077292160253355
eigenvector_centrality_rank,0.7874357941524578,0.9102548846885512,0.4028720987570333,0.7890851992814021,,0.40066535438586726,0.04804420978585389,0.03052875792818205
frequency_rank,0.49400702160841764,0.38408009878191596,0.9855074535822472,0.535934394755097,0.40066535438586726,,0.5707155293802438,0.5140790640685162
speech_acts_rank,0.14168955367448777,-0.005786690052370497,0.5465963951405517,0.16798375243423985,0.04804420978585389,0.5707155293802438,,0.8816171373826011
words_rank,0.18749694017248314,-0.009440984707342252,0.4872126595260211,0.21077292160253355,0.03052875792818205,0.5140790640685162,0.8816171373826011,
