rank_name,degree_rank,closeness_rank,betweenness_rank,strength_rank,eigenvector_centrality_rank,frequency_rank,speech_acts_rank,words_rank
degree_rank,,0.9929659150299244,0.8780029275222766,0.9443494959398988,0.9143525030230822,0.8998867029189572,0.7843937716289385,0.8308076042697042
closeness_rank,0.9929659150299244,,0.8718269803261097,0.9446357297775858,0.9217470759636716,0.912076135788991,0.7650500730498474,0.811137426848031
betweenness_rank,0.8780029275222766,0.8718269803261097,,0.7472403068865161,0.690867158598554,0.7489521998675736,0.7256590298948841,0.8151238417997327
strength_rank,0.9443494959398988,0.9446357297775858,0.7472403068865161,,0.9886130432447053,0.9519475725086761,0.788156942310295,0.792712762786077
eigenvector_centrality_rank,0.9143525030230822,0.9217470759636716,0.690867158598554,0.9886130432447053,,0.9497815911526241,0.7909090909090909,0.7636363636363637
frequency_rank,0.8998867029189572,0.912076135788991,0.7489521998675736,0.9519475725086761,0.9497815911526241,,0.831058892258546,0.8219263769590016
speech_acts_rank,0.7843937716289385,0.7650500730498474,0.7256590298948841,0.788156942310295,0.7909090909090909,0.831058892258546,,0.9636363636363636
words_rank,0.8308076042697042,0.811137426848031,0.8151238417997327,0.792712762786077,0.7636363636363637,0.8219263769590016,0.9636363636363636,
