segment;change_rate
1;0.3333333333333333
2;0.3333333333333333
3;0.25
4;0.3333333333333333
5;0.4444444444444444
6;0.42857142857142855
