segment;change_rate
1;1.0
2;0.8333333333333334
3;0.9285714285714286
4;0.8
5;0.75
6;1.0
7;0.8333333333333334
8;0.8888888888888888
9;0.7
10;0.875
11;1.0
12;0.7142857142857143
