segment;change_rate
1;0.5
2;0.6666666666666666
3;0.6666666666666666
4;0.0
5;1.0
6;1.0
7;0.75
8;0.3333333333333333
9;0.3333333333333333
10;0.75
11;0.6666666666666666
12;0.6666666666666666
13;0.5
14;1.0
15;0.5
16;0.5
17;0.5
18;0.8
19;0.8
20;0.6666666666666666
21;0.5
22;0.6666666666666666
23;0.5
24;0.5714285714285714
25;0.5
26;1.0
27;0.7142857142857143
