rank_name,degree_rank,closeness_rank,betweenness_rank,strength_rank,eigenvector_centrality_rank,frequency_rank,speech_acts_rank,words_rank
degree_rank,,0.9883036912035246,0.5976143046671969,0.8627616350353606,0.8278273388702683,0.8874119674649423,0.8738628975053029,0.8738628975053029
closeness_rank,0.9883036912035246,,0.5906244232186183,0.8526705085342351,0.8387703142145428,0.8770325230637847,0.8842048302391149,0.8842048302391149
betweenness_rank,0.5976143046671969,0.5906244232186183,,0.4714045207910317,0.40741767253225397,0.5303300858899106,0.5222329678670935,0.5222329678670935
strength_rank,0.8627616350353606,0.8526705085342351,0.4714045207910317,,0.9877295966495896,0.99375,0.9724227787367286,0.9416499059918954
eigenvector_centrality_rank,0.8278273388702683,0.8387703142145428,0.40741767253225397,0.9877295966495896,,0.9753829766914698,0.9726488698881033,0.9361745372672994
frequency_rank,0.8874119674649423,0.8770325230637847,0.5303300858899106,0.99375,0.9753829766914698,,0.9662682041877619,0.9354953314429287
speech_acts_rank,0.8738628975053029,0.8842048302391149,0.5222329678670935,0.9724227787367286,0.9726488698881033,0.9662682041877619,,0.9878787878787879
words_rank,0.8738628975053029,0.8842048302391149,0.5222329678670935,0.9416499059918954,0.9361745372672994,0.9354953314429287,0.9878787878787879,
