rank_name,degree_rank,closeness_rank,betweenness_rank,strength_rank,eigenvector_centrality_rank,frequency_rank,speech_acts_rank,words_rank
degree_rank,,1.0,0.950639029813571,0.9787787916753151,0.9681398917658008,0.9530934354900329,0.8741629425650912,0.8673232053693266
closeness_rank,1.0,,0.950639029813571,0.9787787916753151,0.9681398917658008,0.9530934354900329,0.8741629425650912,0.8673232053693266
betweenness_rank,0.950639029813571,0.950639029813571,,0.9296421084270902,0.918705142445595,0.9575278085425151,0.9077681764640998,0.884344122150822
strength_rank,0.9787787916753151,0.9787787916753151,0.9296421084270902,,0.9929824561403509,0.982299486257503,0.9245614035087719,0.9106844088398501
eigenvector_centrality_rank,0.9681398917658008,0.9681398917658008,0.918705142445595,0.9929824561403509,,0.975155489993812,0.9175438596491228,0.9176896735232336
frequency_rank,0.9530934354900329,0.9530934354900329,0.9575278085425151,0.982299486257503,0.975155489993812,,0.9608674974664302,0.9449231965748867
speech_acts_rank,0.8741629425650912,0.8741629425650912,0.9077681764640998,0.9245614035087719,0.9175438596491228,0.9608674974664302,,0.977234423331993
words_rank,0.8673232053693266,0.8673232053693266,0.884344122150822,0.9106844088398501,0.9176896735232336,0.9449231965748867,0.977234423331993,
