segment;change_rate
1;0.8461538461538461
2;0.5714285714285714
3;0.6530612244897959
4;0.6363636363636364
5;0.55
