rank_name,degree_rank,closeness_rank,betweenness_rank,strength_rank,eigenvector_centrality_rank,frequency_rank,speech_acts_rank,words_rank
degree_rank,,1.0,0.9603926548610021,0.9764001090390994,0.9724717046782742,0.9146625220370814,0.7516642938813326,0.7174175228246811
closeness_rank,1.0,,0.9603926548610021,0.9764001090390994,0.9724717046782742,0.9146625220370814,0.7516642938813326,0.7174175228246811
betweenness_rank,0.9603926548610021,0.9603926548610021,,0.9529584811448569,0.9503742747575207,0.947604512051037,0.8204524500175522,0.7870700033948795
strength_rank,0.9764001090390994,0.9764001090390994,0.9529584811448569,,0.9990835015095254,0.9663893146060538,0.8136653912078325,0.782215320672817
eigenvector_centrality_rank,0.9724717046782742,0.9724717046782742,0.9503742747575207,0.9990835015095254,,0.9692046325380619,0.8171745486281897,0.7845010491555162
frequency_rank,0.9146625220370814,0.9146625220370814,0.947604512051037,0.9663893146060538,0.9692046325380619,,0.8650100039903855,0.8363054071490846
speech_acts_rank,0.7516642938813326,0.7516642938813326,0.8204524500175522,0.8136653912078325,0.8171745486281897,0.8650100039903855,,0.955110415326826
words_rank,0.7174175228246811,0.7174175228246811,0.7870700033948795,0.782215320672817,0.7845010491555162,0.8363054071490846,0.955110415326826,
