rank_name,degree_rank,closeness_rank,betweenness_rank,strength_rank,eigenvector_centrality_rank,frequency_rank,speech_acts_rank,words_rank
degree_rank,,0.9362983101911987,0.9008621270807371,0.965228452937337,0.926821374941549,0.8862875603697022,0.821847189739609,0.795971324026437
closeness_rank,0.9362983101911987,,0.8532692938808673,0.8786540204866282,0.8594161921614835,0.7574892918035361,0.7360072692434952,0.7013283911175623
betweenness_rank,0.9008621270807371,0.8532692938808673,,0.8540254032838889,0.8069084651544539,0.8359427698116445,0.8078131663950782,0.8280365608763773
strength_rank,0.965228452937337,0.8786540204866282,0.8540254032838889,,0.9775148157642926,0.9560812950791213,0.8985822025116674,0.8430453101986295
eigenvector_centrality_rank,0.926821374941549,0.8594161921614835,0.8069084651544539,0.9775148157642926,,0.9578512329356851,0.9181378321860275,0.8679246118551429
frequency_rank,0.8862875603697022,0.7574892918035361,0.8359427698116445,0.9560812950791213,0.9578512329356851,,0.9419774936152351,0.9135792276488012
speech_acts_rank,0.821847189739609,0.7360072692434952,0.8078131663950782,0.8985822025116674,0.9181378321860275,0.9419774936152351,,0.9522496776694408
words_rank,0.795971324026437,0.7013283911175623,0.8280365608763773,0.8430453101986295,0.8679246118551429,0.9135792276488012,0.9522496776694408,
