rank_name,degree_rank,closeness_rank,betweenness_rank,strength_rank,eigenvector_centrality_rank,frequency_rank,speech_acts_rank,words_rank
degree_rank,,1.0,0.8887491961892062,0.7917769562914078,0.7669579243726382,0.6644901911418594,0.5386014519798578,0.46130679584036915
closeness_rank,1.0,,0.8887491961892062,0.7917769562914078,0.7669579243726382,0.6644901911418594,0.5386014519798578,0.46130679584036915
betweenness_rank,0.8887491961892062,0.8887491961892062,,0.6175392715005982,0.5908738955788269,0.4979123082096552,0.3142470360149847,0.18308768595400268
strength_rank,0.7917769562914078,0.7917769562914078,0.6175392715005982,,0.9862296375911964,0.9626075713408352,0.8432805315063964,0.8374687425355412
eigenvector_centrality_rank,0.7669579243726382,0.7669579243726382,0.5908738955788269,0.9862296375911964,,0.9696280582927516,0.8354279999289532,0.8461538461538461
frequency_rank,0.6644901911418594,0.6644901911418594,0.4979123082096552,0.9626075713408352,0.9696280582927516,,0.9054250759975259,0.9005662307790228
speech_acts_rank,0.5386014519798578,0.5386014519798578,0.3142470360149847,0.8432805315063964,0.8354279999289532,0.9054250759975259,,0.9543796687930095
words_rank,0.46130679584036915,0.46130679584036915,0.18308768595400268,0.8374687425355412,0.8461538461538461,0.9005662307790228,0.9543796687930095,
