segment;change_rate
1;0.25
2;0.8
3;0.75
4;0.3333333333333333
5;0.75
6;0.25
7;0.25
8;0.5
9;0.75
10;0.3333333333333333
11;0.0
12;0.6
13;0.8
14;0.6666666666666666
15;0.6666666666666666
16;1.0
17;0.3333333333333333
18;0.75
19;1.0
20;1.0
21;1.0
22;1.0
23;1.0
24;0.5
25;0.6666666666666666
26;0.6666666666666666
27;0.6666666666666666
28;0.0
29;0.3333333333333333
30;0.25
31;0.6
32;0.3333333333333333
33;0.8
34;0.8
35;0.5
36;0.8333333333333334
37;0.625
38;0.75
