segment;change_rate
1;0.8
2;0.9411764705882353
3;0.9411764705882353
4;0.85
5;0.9142857142857143
6;0.7142857142857143
