rank_name,degree_rank,closeness_rank,betweenness_rank,strength_rank,eigenvector_centrality_rank,frequency_rank,speech_acts_rank,words_rank
degree_rank,,1.0,0.9759000729485332,0.9354143466934853,0.9354143466934853,0.7896825396825397,0.1664500757152958,0.013870839642941316
closeness_rank,1.0,,0.9759000729485332,0.9354143466934853,0.9354143466934853,0.7896825396825397,0.1664500757152958,0.013870839642941316
betweenness_rank,0.9759000729485332,0.9759000729485332,,0.9128709291752769,0.9128709291752769,0.7725875577509221,0.1421338109037403,0.0
strength_rank,0.9354143466934853,0.9354143466934853,0.9128709291752769,,1.0,0.9354143466934853,0.3892494720807615,0.253012156852495
eigenvector_centrality_rank,0.9354143466934853,0.9354143466934853,0.9128709291752769,1.0,,0.9354143466934853,0.3892494720807615,0.253012156852495
frequency_rank,0.7896825396825397,0.7896825396825397,0.7725875577509221,0.9354143466934853,0.9354143466934853,,0.5617690055391233,0.43693144875265144
speech_acts_rank,0.1664500757152958,0.1664500757152958,0.1421338109037403,0.3892494720807615,0.3892494720807615,0.5617690055391233,,0.9636363636363636
words_rank,0.013870839642941316,0.013870839642941316,0.0,0.253012156852495,0.253012156852495,0.43693144875265144,0.9636363636363636,
