segment;change_rate
1;0.5
2;0.8571428571428571
3;0.25
4;0.2222222222222222
