rank_name,degree_rank,closeness_rank,betweenness_rank,strength_rank,eigenvector_centrality_rank,frequency_rank,speech_acts_rank,words_rank
degree_rank,,,,,,,,
closeness_rank,,,,,,,,
betweenness_rank,,,,,,,,
strength_rank,,,,,1.0,0.9461247469114746,0.9047619047619048,0.7142857142857143
eigenvector_centrality_rank,,,,1.0,,0.9461247469114746,0.9047619047619048,0.7142857142857143
frequency_rank,,,,0.9461247469114746,0.9461247469114746,,0.9581010095306072,0.8503146459584139
speech_acts_rank,,,,0.9047619047619048,0.9047619047619048,0.9581010095306072,,0.9285714285714286
words_rank,,,,0.7142857142857143,0.7142857142857143,0.8503146459584139,0.9285714285714286,
