segment;change_rate
1;0.3333333333333333
2;0.3333333333333333
3;0.5
4;0.25
5;0.3333333333333333
6;1.0
7;0.5
8;0.5
9;0.0
10;0.0
11;1.0
12;0.6666666666666666
13;0.5
14;1.0
15;1.0
16;0.6666666666666666
17;0.3333333333333333
18;0.3333333333333333
19;0.0
20;0.3333333333333333
21;0.3333333333333333
22;0.3333333333333333
23;0.3333333333333333
24;0.5
25;0.5
26;0.5
27;0.5
