segment;change_rate
1;0.2
2;0.2857142857142857
3;0.2857142857142857
4;0.2
