segment;change_rate
1;0.6666666666666666
2;0.3333333333333333
3;0.3333333333333333
4;0.3333333333333333
5;0.25
6;0.5
7;1.0
8;0.5
9;0.75
10;0.25
11;0.5
12;0.6666666666666666
13;0.6666666666666666
14;0.6666666666666666
15;0.3333333333333333
16;0.5
17;0.25
18;0.5
19;0.6666666666666666
20;0.5
21;0.4
22;0.3333333333333333
