rank_name,degree_rank,closeness_rank,betweenness_rank,strength_rank,eigenvector_centrality_rank,frequency_rank,speech_acts_rank,words_rank
degree_rank,,1.0,0.9660917830792959,0.6573757351339166,0.6573757351339166,0.5781515884776753,0.6331738236133035,0.5378528742004771
closeness_rank,1.0,,0.9660917830792959,0.6573757351339166,0.6573757351339166,0.5781515884776753,0.6331738236133035,0.5378528742004771
betweenness_rank,0.9660917830792959,0.9660917830792959,,0.5773502691896257,0.5773502691896257,0.5144516438181148,0.6553971731289772,0.5773502691896257
strength_rank,0.6573757351339166,0.6573757351339166,0.5773502691896257,,1.0,0.9819805060619657,0.900937462695559,0.8571428571428571
eigenvector_centrality_rank,0.6573757351339166,0.6573757351339166,0.5773502691896257,1.0,,0.9819805060619657,0.900937462695559,0.8571428571428571
frequency_rank,0.5781515884776753,0.5781515884776753,0.5144516438181148,0.9819805060619657,0.9819805060619657,,0.9082951062292475,0.8728715609439694
speech_acts_rank,0.6331738236133035,0.6331738236133035,0.6553971731289772,0.900937462695559,0.900937462695559,0.9082951062292475,,0.9910312089651149
words_rank,0.5378528742004771,0.5378528742004771,0.5773502691896257,0.8571428571428571,0.8571428571428571,0.8728715609439694,0.9910312089651149,
