segment;change_rate
1;0.8679245283018868
2;0.9090909090909091
3;0.9152542372881356
4;0.9361702127659575
