rank_name,degree_rank,closeness_rank,betweenness_rank,strength_rank,eigenvector_centrality_rank,frequency_rank,speech_acts_rank,words_rank
degree_rank,,1.0,0.7049644338406083,1.0,0.957084201464454,0.7050388819416532,0.43244992125962317,0.4142300874701568
closeness_rank,1.0,,0.7049644338406083,1.0,0.957084201464454,0.7050388819416532,0.43244992125962317,0.4142300874701568
betweenness_rank,0.7049644338406083,0.7049644338406083,,0.7049644338406083,0.6659926350507388,0.997192242144958,0.5839026535847788,0.5356696362895292
strength_rank,1.0,1.0,0.7049644338406083,,0.957084201464454,0.7050388819416532,0.43244992125962317,0.4142300874701568
eigenvector_centrality_rank,0.957084201464454,0.957084201464454,0.6659926350507388,0.957084201464454,,0.6680737127909709,0.39067146976977357,0.3818750354604365
frequency_rank,0.7050388819416532,0.7050388819416532,0.997192242144958,0.7050388819416532,0.6680737127909709,,0.5836900882632668,0.5387864036417062
speech_acts_rank,0.43244992125962317,0.43244992125962317,0.5839026535847788,0.43244992125962317,0.39067146976977357,0.5836900882632668,,0.8539795116868689
words_rank,0.4142300874701568,0.4142300874701568,0.5356696362895292,0.4142300874701568,0.3818750354604365,0.5387864036417062,0.8539795116868689,
