rank_name,degree_rank,closeness_rank,betweenness_rank,strength_rank,eigenvector_centrality_rank,frequency_rank,speech_acts_rank,words_rank
degree_rank,,1.0,0.9165337076496357,0.9762722180929992,0.9331802157361038,0.9012502492193972,0.71393296018497,0.6472621779108871
closeness_rank,1.0,,0.9165337076496357,0.9762722180929992,0.9331802157361038,0.9012502492193972,0.71393296018497,0.6472621779108871
betweenness_rank,0.9165337076496357,0.9165337076496357,,0.8858595287044403,0.833914111269581,0.9705126691341505,0.8256371052462249,0.7897398398007368
strength_rank,0.9762722180929992,0.9762722180929992,0.8858595287044403,,0.9806131805889371,0.917423929634859,0.7348178447460738,0.6878558020367382
eigenvector_centrality_rank,0.9331802157361038,0.9331802157361038,0.833914111269581,0.9806131805889371,,0.8997889688911456,0.7190109927690007,0.6831981847000467
frequency_rank,0.9012502492193972,0.9012502492193972,0.9705126691341505,0.917423929634859,0.8997889688911456,,0.8641913015863425,0.840102345444563
speech_acts_rank,0.71393296018497,0.71393296018497,0.8256371052462249,0.7348178447460738,0.7190109927690007,0.8641913015863425,,0.9175824175824175
words_rank,0.6472621779108871,0.6472621779108871,0.7897398398007368,0.6878558020367382,0.6831981847000467,0.840102345444563,0.9175824175824175,
