segment;change_rate
1;0.5714285714285714
2;0.7142857142857143
3;0.8571428571428571
4;0.625
5;0.5555555555555556
