segment;change_rate
1;1.0
2;0.6666666666666666
3;0.25
4;0.8
5;0.8571428571428571
6;1.0
7;1.0
8;0.75
9;0.8
10;0.6666666666666666
11;1.0
12;0.8
13;0.6363636363636364
14;1.0
15;0.6666666666666666
16;0.75
17;0.9166666666666666
