segment;change_rate
1;0.9375
2;0.8
3;0.8666666666666667
4;0.8571428571428571
