segment;change_rate
1;0.8333333333333334
2;0.5
3;0.3333333333333333
4;0.3333333333333333
5;1.0
6;0.5
7;0.5
8;0.5
9;1.0
10;1.0
11;0.8181818181818182
12;0.5
13;0.6666666666666666
14;0.75
15;0.6666666666666666
16;1.0
17;0.6666666666666666
18;0.6666666666666666
19;0.6666666666666666
20;0.6
21;0.4
22;0.5
23;0.3333333333333333
24;0.6666666666666666
25;1.0
26;0.6
27;0.25
28;0.25
29;0.5
30;0.3333333333333333
31;0.25
32;1.0
33;0.3333333333333333
34;0.375
