rank_name,degree_rank,closeness_rank,betweenness_rank,strength_rank,eigenvector_centrality_rank,frequency_rank,speech_acts_rank,words_rank
degree_rank,,0.8743500027172584,0.6061810220001744,0.8676076077818123,0.5561290737001028,0.5545291465073281,0.5101092499381658,0.5074493094711799
closeness_rank,0.8743500027172584,,0.8057677175089678,0.9900128343373202,0.8183707892651065,0.8142719484364651,0.7062622055052877,0.6902753546514804
betweenness_rank,0.6061810220001744,0.8057677175089678,,0.7936520314854284,0.8482833232913385,0.9791239685463318,0.8387241229423942,0.8318194561365295
strength_rank,0.8676076077818123,0.9900128343373202,0.7936520314854284,,0.7769417146689136,0.8126767289010071,0.7284560589467375,0.7050081423598443
eigenvector_centrality_rank,0.5561290737001028,0.8183707892651065,0.8482833232913385,0.7769417146689136,,0.8656835524160672,0.6287575087159661,0.5938126583748129
frequency_rank,0.5545291465073281,0.8142719484364651,0.9791239685463318,0.8126767289010071,0.8656835524160672,,0.8569001502794905,0.8441247973275878
speech_acts_rank,0.5101092499381658,0.7062622055052877,0.8387241229423942,0.7284560589467375,0.6287575087159661,0.8569001502794905,,0.9176509315743012
words_rank,0.5074493094711799,0.6902753546514804,0.8318194561365295,0.7050081423598443,0.5938126583748129,0.8441247973275878,0.9176509315743012,
