rank_name,degree_rank,closeness_rank,betweenness_rank,strength_rank,eigenvector_centrality_rank,frequency_rank,speech_acts_rank,words_rank
degree_rank,,1.0,0.9214426752509268,0.9906974722292782,0.9816498172140429,0.9113719611210548,0.09177788727679405,0.16520019709822928
closeness_rank,1.0,,0.9214426752509268,0.9906974722292782,0.9816498172140429,0.9113719611210548,0.09177788727679405,0.16520019709822928
betweenness_rank,0.9214426752509268,0.9214426752509268,,0.9128709291752768,0.9045340337332909,0.9890707100936805,0.17928429140015906,0.29880715233359845
strength_rank,0.9906974722292782,0.9906974722292782,0.9128709291752768,,0.9908673886137245,0.9229582069908973,0.10910894511799618,0.20003306604965967
eigenvector_centrality_rank,0.9816498172140429,0.9816498172140429,0.9045340337332909,0.9908673886137245,,0.9145291883606759,0.19820624179302296,0.27028123880866767
frequency_rank,0.9113719611210548,0.9113719611210548,0.9890707100936805,0.9229582069908973,0.9145291883606759,,0.19702760155977517,0.3349469226516178
speech_acts_rank,0.09177788727679405,0.09177788727679405,0.17928429140015906,0.10910894511799618,0.19820624179302296,0.19702760155977517,,0.9285714285714286
words_rank,0.16520019709822928,0.16520019709822928,0.29880715233359845,0.20003306604965967,0.27028123880866767,0.3349469226516178,0.9285714285714286,
