segment;change_rate
1;0.3333333333333333
2;0.6666666666666666
3;0.5
4;0.6666666666666666
5;0.5
6;0.5
7;0.5
8;0.6666666666666666
9;0.8
