rank_name,degree_rank,closeness_rank,betweenness_rank,strength_rank,eigenvector_centrality_rank,frequency_rank,speech_acts_rank,words_rank
degree_rank,,0.9355440277137612,0.7783416757004562,0.9812631577220831,0.9273525562751642,0.5950173266140096,0.4916425350535363,0.4449631086307979
closeness_rank,0.9355440277137612,,0.8597392430986338,0.947046500725996,0.969287093561129,0.6773864630590165,0.5811492446729484,0.5225437283634241
betweenness_rank,0.7783416757004562,0.8597392430986338,,0.770090767999189,0.8131184279066658,0.8863471789536148,0.8341956991464327,0.8255119761870855
strength_rank,0.9812631577220831,0.947046500725996,0.770090767999189,,0.9652035612760462,0.6362102861099531,0.5321287259718956,0.47500995851966
eigenvector_centrality_rank,0.9273525562751642,0.969287093561129,0.8131184279066658,0.9652035612760462,,0.6884837731349499,0.6091400839040225,0.5422777360171984
frequency_rank,0.5950173266140096,0.6773864630590165,0.8863471789536148,0.6362102861099531,0.6884837731349499,,0.9341594160689719,0.8995801770819326
speech_acts_rank,0.4916425350535363,0.5811492446729484,0.8341956991464327,0.5321287259718956,0.6091400839040225,0.9341594160689719,,0.9601888347153669
words_rank,0.4449631086307979,0.5225437283634241,0.8255119761870855,0.47500995851966,0.5422777360171984,0.8995801770819326,0.9601888347153669,
