segment;change_rate
1;1.0
2;1.0
3;1.0
4;1.0
5;1.0
6;0.5
7;0.75
8;0.3333333333333333
9;1.0
10;1.0
11;1.0
12;1.0
13;0.8333333333333334
14;0.8
15;1.0
16;1.0
17;1.0
18;1.0
19;0.8333333333333334
20;1.0
21;1.0
22;1.0
23;0.7777777777777778
24;0.75
25;1.0
26;1.0
27;0.8
28;1.0
29;1.0
30;1.0
31;0.0
32;1.0
33;1.0
34;1.0
35;0.0
