segment;change_rate
1;0.3333333333333333
2;0.6666666666666666
3;0.6666666666666666
4;0.3333333333333333
5;0.3333333333333333
6;0.3333333333333333
7;0.75
8;0.5
9;0.75
10;0.25
11;0.3333333333333333
12;0.6666666666666666
13;0.3333333333333333
14;0.6666666666666666
15;0.6666666666666666
16;0.5
17;0.4
18;0.3333333333333333
19;0.5
20;0.42857142857142855
21;0.375
22;0.5714285714285714
