rank_name,degree_rank,closeness_rank,betweenness_rank,strength_rank,eigenvector_centrality_rank,frequency_rank,speech_acts_rank,words_rank
degree_rank,,0.9984362773857929,0.799870060231494,0.9465552852120005,0.9159829891611017,0.9164946903467318,0.8105917519194872,0.7651716252574132
closeness_rank,0.9984362773857929,,0.7937147893606253,0.9449192080448636,0.9143006417649888,0.9074752938768685,0.8056241872769739,0.7622162483602782
betweenness_rank,0.799870060231494,0.7937147893606253,,0.7748609156424833,0.7523631936332189,0.8724839442855133,0.7638065139926924,0.7719574263025331
strength_rank,0.9465552852120005,0.9449192080448636,0.7748609156424833,,0.9819122758264183,0.9506135765699811,0.8634953464322648,0.8264467219873464
eigenvector_centrality_rank,0.9159829891611017,0.9143006417649888,0.7523631936332189,0.9819122758264183,,0.9366086539214995,0.8258399035634822,0.8043367101829417
frequency_rank,0.9164946903467318,0.9074752938768685,0.8724839442855133,0.9506135765699811,0.9366086539214995,,0.9199318473480835,0.8997607773729311
speech_acts_rank,0.8105917519194872,0.8056241872769739,0.7638065139926924,0.8634953464322648,0.8258399035634822,0.9199318473480835,,0.9752071319450688
words_rank,0.7651716252574132,0.7622162483602782,0.7719574263025331,0.8264467219873464,0.8043367101829417,0.8997607773729311,0.9752071319450688,
