rank_name,degree_rank,closeness_rank,betweenness_rank,strength_rank,eigenvector_centrality_rank,frequency_rank,speech_acts_rank,words_rank
degree_rank,,1.0,-0.11591214034571436,1.0,0.99497842522466,-0.11591214034571436,-0.486898980114302,-0.41267493353303364
closeness_rank,1.0,,-0.11591214034571436,1.0,0.99497842522466,-0.11591214034571436,-0.486898980114302,-0.41267493353303364
betweenness_rank,-0.11591214034571436,-0.11591214034571436,,-0.11591214034571436,-0.11533007886559864,1.0,0.5671105945103382,0.5367663130936802
strength_rank,1.0,1.0,-0.11591214034571436,,0.99497842522466,-0.11591214034571436,-0.486898980114302,-0.41267493353303364
eigenvector_centrality_rank,0.99497842522466,0.99497842522466,-0.11533007886559864,0.99497842522466,,-0.11533007886559864,-0.47621029391248865,-0.40299890261682625
frequency_rank,-0.11591214034571436,-0.11591214034571436,1.0,-0.11591214034571436,-0.11533007886559864,,0.5671105945103382,0.5367663130936802
speech_acts_rank,-0.486898980114302,-0.486898980114302,0.5671105945103382,-0.486898980114302,-0.47621029391248865,0.5671105945103382,,0.9510591801906937
words_rank,-0.41267493353303364,-0.41267493353303364,0.5367663130936802,-0.41267493353303364,-0.40299890261682625,0.5367663130936802,0.9510591801906937,
