segment;change_rate
1;0.75
2;0.8571428571428571
3;0.5
4;0.5
5;0.5
6;1.0
7;0.5
8;0.6666666666666666
9;1.0
10;0.6666666666666666
11;0.6
12;0.75
13;1.0
14;0.5
15;0.6666666666666666
16;0.3333333333333333
17;0.8823529411764706
18;0.9375
19;0.5
