rank_name,degree_rank,closeness_rank,betweenness_rank,strength_rank,eigenvector_centrality_rank,frequency_rank,speech_acts_rank,words_rank
degree_rank,,0.9643580605515732,0.5834939162989584,0.9530398780397745,0.9383970968243779,0.5311706567371511,0.36308746522585744,0.2411293299458159
closeness_rank,0.9643580605515732,,0.6912406228501512,0.9351137381772907,0.8854617628193373,0.626646586734568,0.46103572477577753,0.357008224083056
betweenness_rank,0.5834939162989584,0.6912406228501512,,0.5467629822956307,0.40497374279194054,0.8848856401029793,0.8491265995621925,0.8295145242032853
strength_rank,0.9530398780397745,0.9351137381772907,0.5467629822956307,,0.9655869456085332,0.5694808643413383,0.37892882977113795,0.23560449648923001
eigenvector_centrality_rank,0.9383970968243779,0.8854617628193373,0.40497374279194054,0.9655869456085332,,0.43302172951545925,0.23975606918970044,0.09022494308107147
frequency_rank,0.5311706567371511,0.626646586734568,0.8848856401029793,0.5694808643413383,0.43302172951545925,,0.9149633860417512,0.8473493684333346
speech_acts_rank,0.36308746522585744,0.46103572477577753,0.8491265995621925,0.37892882977113795,0.23975606918970044,0.9149633860417512,,0.9415834529079445
words_rank,0.2411293299458159,0.357008224083056,0.8295145242032853,0.23560449648923001,0.09022494308107147,0.8473493684333346,0.9415834529079445,
