rank_name,degree_rank,closeness_rank,betweenness_rank,strength_rank,eigenvector_centrality_rank,frequency_rank,speech_acts_rank,words_rank
degree_rank,,0.7006234470282313,0.4695046668897704,0.6548343133133803,-0.08696744065274485,0.17791417916943517,0.023443875330263618,-0.1549778943208773
closeness_rank,0.7006234470282313,,0.6534437524164552,0.5009598482808538,0.2775935357941409,0.37991509794850203,0.3058310868340146,0.25390208666549285
betweenness_rank,0.4695046668897704,0.6534437524164552,,0.8204351074835521,0.7531112506518178,0.8615242177284307,0.7274086765963875,0.6980202182815949
strength_rank,0.6548343133133803,0.5009598482808538,0.8204351074835521,,0.5558883062810889,0.8047752683875963,0.6483357533867682,0.5016297610496138
eigenvector_centrality_rank,-0.08696744065274485,0.2775935357941409,0.7531112506518178,0.5558883062810889,,0.8433511237851218,0.8200241606111361,0.8480396672204046
frequency_rank,0.17791417916943517,0.37991509794850203,0.8615242177284307,0.8047752683875963,0.8433511237851218,,0.9015198259638357,0.8394474842008302
speech_acts_rank,0.023443875330263618,0.3058310868340146,0.7274086765963875,0.6483357533867682,0.8200241606111361,0.9015198259638357,,0.8705691890760793
words_rank,-0.1549778943208773,0.25390208666549285,0.6980202182815949,0.5016297610496138,0.8480396672204046,0.8394474842008302,0.8705691890760793,
