segment;change_rate
1;0.6666666666666666
2;1.0
3;0.75
4;0.3333333333333333
5;0.6666666666666666
6;0.6666666666666666
7;0.3333333333333333
8;0.3333333333333333
9;0.3333333333333333
10;0.0
11;0.4
12;1.0
13;0.8888888888888888
14;0.8
15;1.0
16;0.9333333333333333
