rank_name,degree_rank,closeness_rank,betweenness_rank,strength_rank,eigenvector_centrality_rank,frequency_rank,speech_acts_rank,words_rank
degree_rank,,0.8496975786080385,0.6121369992249158,0.9733077679582254,0.8763912891880541,0.528533914891011,0.1542382846601905,0.06035250383626086
closeness_rank,0.8496975786080385,,0.7244825863458033,0.8810271131772326,0.9309486155326854,0.6420460500268497,0.2700926696462021,0.1761390294922997
betweenness_rank,0.6121369992249158,0.7244825863458033,,0.681194155921868,0.7133137606055012,0.9004791176796235,0.6337234909583584,0.5924742463207304
strength_rank,0.9733077679582254,0.8810271131772326,0.681194155921868,,0.9087603914782966,0.637623545886251,0.22914227960570527,0.1371632573897561
eigenvector_centrality_rank,0.8763912891880541,0.9309486155326854,0.7133137606055012,0.9087603914782966,,0.6572261544325021,0.26867327937780383,0.23542218126372744
frequency_rank,0.528533914891011,0.6420460500268497,0.9004791176796235,0.637623545886251,0.6572261544325021,,0.7015330308870398,0.6645687769319586
speech_acts_rank,0.1542382846601905,0.2700926696462021,0.6337234909583584,0.22914227960570527,0.26867327937780383,0.7015330308870398,,0.7998821270333282
words_rank,0.06035250383626086,0.1761390294922997,0.5924742463207304,0.1371632573897561,0.23542218126372744,0.6645687769319586,0.7998821270333282,
