segment;change_rate
1;0.3333333333333333
2;0.5
3;0.75
4;0.6666666666666666
5;0.75
6;0.75
7;0.6666666666666666
8;1.0
9;0.5
10;0.75
11;1.0
12;0.5
13;0.3333333333333333
14;1.0
15;0.6666666666666666
16;0.3333333333333333
17;0.6666666666666666
18;0.8
19;0.8333333333333334
20;0.6666666666666666
21;0.5
22;1.0
23;0.6666666666666666
24;0.3333333333333333
25;0.5
26;1.0
27;1.0
28;0.5
29;0.6666666666666666
30;0.75
31;0.25
32;0.5
