rank_name,degree_rank,closeness_rank,betweenness_rank,strength_rank,eigenvector_centrality_rank,frequency_rank,speech_acts_rank,words_rank
degree_rank,,0.9988907373180403,0.9453898162990252,0.99,0.9679705744324221,0.8990357646514675,0.7962391671984727,0.7712824896733226
closeness_rank,0.9988907373180403,,0.9443411306559001,0.9889018299448599,0.9691043678307522,0.8980384978279926,0.800886915791898,0.774841988857845
betweenness_rank,0.9453898162990252,0.9443411306559001,,0.943089597767884,0.9378934722869389,0.9363993557101402,0.8631598568661563,0.8509667602213202
strength_rank,0.99,0.9889018299448599,0.943089597767884,,0.9790204668346186,0.9315851244203721,0.8294619419077275,0.8044321668799124
eigenvector_centrality_rank,0.9679705744324221,0.9691043678307522,0.9378934722869389,0.9790204668346186,,0.9510089541895193,0.867843514925012,0.8549450549450549
frequency_rank,0.8990357646514675,0.8980384978279926,0.9363993557101402,0.9315851244203721,0.9510089541895193,,0.9195459292240961,0.8885013233977199
speech_acts_rank,0.7962391671984727,0.800886915791898,0.8631598568661563,0.8294619419077275,0.867843514925012,0.9195459292240961,,0.9801785891919552
words_rank,0.7712824896733226,0.774841988857845,0.8509667602213202,0.8044321668799124,0.8549450549450549,0.8885013233977199,0.9801785891919552,
