rank_name,degree_rank,closeness_rank,betweenness_rank,strength_rank,eigenvector_centrality_rank,frequency_rank,speech_acts_rank,words_rank
degree_rank,,1.0,0.689266072934281,1.0,0.9508771929824561,0.6882472016116853,0.18896285867006005,0.27954853855069606
closeness_rank,1.0,,0.689266072934281,1.0,0.9508771929824561,0.6882472016116853,0.18896285867006005,0.27954853855069606
betweenness_rank,0.689266072934281,0.689266072934281,,0.689266072934281,0.6851935998297949,0.9985218025917652,0.4181907995487366,0.5454925767760231
strength_rank,1.0,1.0,0.689266072934281,,0.9508771929824561,0.6882472016116853,0.18896285867006005,0.27954853855069606
eigenvector_centrality_rank,0.9508771929824561,0.9508771929824561,0.6851935998297949,0.9508771929824561,,0.6882472016116853,0.15885099435543154,0.3064825080769481
frequency_rank,0.6882472016116853,0.6882472016116853,0.9985218025917652,0.6882472016116853,0.6882472016116853,,0.41215204254540244,0.5428285383304806
speech_acts_rank,0.18896285867006005,0.18896285867006005,0.4181907995487366,0.18896285867006005,0.15885099435543154,0.41215204254540244,,0.865777409179996
words_rank,0.27954853855069606,0.27954853855069606,0.5454925767760231,0.27954853855069606,0.3064825080769481,0.5428285383304806,0.865777409179996,
