segment;change_rate
1;0.875
2;0.9473684210526315
3;0.7777777777777778
4;1.0
5;0.8
6;0.6666666666666666
7;1.0
8;0.8571428571428571
9;0.6
10;1.0
11;0.5
12;0.6
13;0.896551724137931
14;0.8
15;0.9375
16;1.0
17;0.0
