rank_name,degree_rank,closeness_rank,betweenness_rank,strength_rank,eigenvector_centrality_rank,frequency_rank,speech_acts_rank,words_rank
degree_rank,,0.9925344709292633,0.7500452284700468,0.9571627552958248,0.9339207862020668,0.6268129692737722,0.5103676917406365,0.5213995832058318
closeness_rank,0.9925344709292633,,0.7770329007867576,0.9592738135069148,0.9385432886709297,0.6635641992213686,0.5314552163589076,0.5430377293161874
betweenness_rank,0.7500452284700468,0.7770329007867576,,0.7943362823959901,0.7526043264565825,0.867654691811032,0.7937893853213015,0.7859717458978388
strength_rank,0.9571627552958248,0.9592738135069148,0.7943362823959901,,0.9883100188011916,0.7830297323852228,0.6155408551805204,0.6197937365730176
eigenvector_centrality_rank,0.9339207862020668,0.9385432886709297,0.7526043264565825,0.9883100188011916,,0.7862275578907554,0.5782879381331519,0.5907094085681825
frequency_rank,0.6268129692737722,0.6635641992213686,0.867654691811032,0.7830297323852228,0.7862275578907554,,0.8093939972118245,0.807542488099487
speech_acts_rank,0.5103676917406365,0.5314552163589076,0.7937893853213015,0.6155408551805204,0.5782879381331519,0.8093939972118245,,0.9398241273044389
words_rank,0.5213995832058318,0.5430377293161874,0.7859717458978388,0.6197937365730176,0.5907094085681825,0.807542488099487,0.9398241273044389,
