rank_name,degree_rank,closeness_rank,betweenness_rank,strength_rank,eigenvector_centrality_rank,frequency_rank,speech_acts_rank,words_rank
degree_rank,,1.0,0.610841395911052,0.956429382150869,0.9185767754392183,0.5987158908507223,0.308000278261425,0.4670626121973222
closeness_rank,1.0,,0.610841395911052,0.956429382150869,0.9185767754392183,0.5987158908507223,0.308000278261425,0.4670626121973222
betweenness_rank,0.610841395911052,0.610841395911052,,0.575415996962119,0.5195411053638311,0.7706134951305613,0.39450476550092783,0.6556523991661033
strength_rank,0.956429382150869,0.956429382150869,0.575415996962119,,0.9836824230728588,0.7200347617651194,0.4917257898506874,0.6320725231595551
eigenvector_centrality_rank,0.9185767754392183,0.9185767754392183,0.5195411053638311,0.9836824230728588,,0.7170130273947668,0.5568515878501318,0.6421214622146516
frequency_rank,0.5987158908507223,0.5987158908507223,0.7706134951305613,0.7200347617651194,0.7170130273947668,,0.700213290832303,0.8588421059812602
speech_acts_rank,0.308000278261425,0.308000278261425,0.39450476550092783,0.4917257898506874,0.5568515878501318,0.700213290832303,,0.7806839749896908
words_rank,0.4670626121973222,0.4670626121973222,0.6556523991661033,0.6320725231595551,0.6421214622146516,0.8588421059812602,0.7806839749896908,
