segment;change_rate
1;0.6666666666666666
2;0.8333333333333334
3;0.875
4;1.0
5;0.6666666666666666
6;0.75
7;0.8181818181818182
8;0.8333333333333334
9;0.6666666666666666
10;0.8
