segment;change_rate
1;0.4
2;0.5
3;0.3333333333333333
4;0.5
5;0.5714285714285714
6;0.125
7;1.0
8;0.5
9;0.8
10;1.0
11;0.75
12;0.75
13;1.0
14;1.0
15;0.8
16;0.42857142857142855
17;0.6666666666666666
18;0.3333333333333333
19;1.0
20;0.4
21;0.16666666666666666
22;0.5
23;1.0
24;0.6666666666666666
25;0.75
26;1.0
27;0.5
28;0.0
29;0.6923076923076923
