segment;change_rate
1;0.6666666666666666
2;0.6666666666666666
3;0.6666666666666666
4;0.6666666666666666
5;0.6666666666666666
6;0.3333333333333333
7;0.3333333333333333
8;0.75
9;0.3333333333333333
10;0.6666666666666666
11;0.3333333333333333
12;0.6666666666666666
13;1.0
14;0.6666666666666666
15;0.6666666666666666
16;0.5
17;0.25
18;0.75
19;0.3333333333333333
20;0.5
21;0.5
22;0.25
