rank_name,degree_rank,closeness_rank,betweenness_rank,strength_rank,eigenvector_centrality_rank,frequency_rank,speech_acts_rank,words_rank
degree_rank,,1.0,0.8320502943378436,0.9349469900084572,0.8894991799933214,0.9230769230769231,0.7412493166611012,0.8524367141602663
closeness_rank,1.0,,0.8320502943378436,0.9349469900084572,0.8894991799933214,0.9230769230769231,0.7412493166611012,0.8524367141602663
betweenness_rank,0.8320502943378436,0.8320502943378436,,0.7416198487095663,0.6681531047810609,0.6933752452815364,0.4899789435061114,0.6681531047810609
strength_rank,0.9349469900084572,0.9349469900084572,0.7416198487095663,,0.9910312089651149,0.9723448696087954,0.7387687194103584,0.8468812149338254
eigenvector_centrality_rank,0.8894991799933214,0.8894991799933214,0.6681531047810609,0.9910312089651149,,0.9636241116594315,0.7142857142857143,0.8214285714285714
frequency_rank,0.9230769230769231,0.9230769230769231,0.6933752452815364,0.9723448696087954,0.9636241116594315,,0.8524367141602663,0.9265616458263765
speech_acts_rank,0.7412493166611012,0.7412493166611012,0.4899789435061114,0.7387687194103584,0.7142857142857143,0.8524367141602663,,0.9642857142857143
words_rank,0.8524367141602663,0.8524367141602663,0.6681531047810609,0.8468812149338254,0.8214285714285714,0.9265616458263765,0.9642857142857143,
