rank_name,degree_rank,closeness_rank,betweenness_rank,strength_rank,eigenvector_centrality_rank,frequency_rank,speech_acts_rank,words_rank
degree_rank,,1.0,0.8751899489873673,0.8532402248003875,0.8826201489682022,0.5500913313380231,0.822162323896112,0.7204846549744489
closeness_rank,1.0,,0.8751899489873673,0.8532402248003875,0.8826201489682022,0.5500913313380231,0.822162323896112,0.7204846549744489
betweenness_rank,0.8751899489873673,0.8751899489873673,,0.8457137743228912,0.8443170536763502,0.7071067811865476,0.8122910524723891,0.6590909090909091
strength_rank,0.8532402248003875,0.8532402248003875,0.8457137743228912,,0.8396705685009794,0.8970149171498788,0.8616635900874225,0.7442708342210292
eigenvector_centrality_rank,0.8826201489682022,0.8826201489682022,0.8443170536763502,0.8396705685009794,,0.6301902204663264,0.9300042637448681,0.8016747782381507
frequency_rank,0.5500913313380231,0.5500913313380231,0.7071067811865476,0.8970149171498788,0.6301902204663264,,0.7119032818596309,0.5892556509887896
speech_acts_rank,0.822162323896112,0.822162323896112,0.8122910524723891,0.8616635900874225,0.9300042637448681,0.7119032818596309,,0.8674145169807587
words_rank,0.7204846549744489,0.7204846549744489,0.6590909090909091,0.7442708342210292,0.8016747782381507,0.5892556509887896,0.8674145169807587,
