rank_name,degree_rank,closeness_rank,betweenness_rank,strength_rank,eigenvector_centrality_rank,frequency_rank,speech_acts_rank,words_rank
degree_rank,,1.0,0.9188458377475331,0.9963784398918151,0.9696678303508782,0.9150859005101232,0.8463182782254554,0.8071003195939974
closeness_rank,1.0,,0.9188458377475331,0.9963784398918151,0.9696678303508782,0.9150859005101232,0.8463182782254554,0.8071003195939974
betweenness_rank,0.9188458377475331,0.9188458377475331,,0.9080062382559464,0.9461621708912071,0.9953550659523832,0.8485179804096753,0.7735684583794854
strength_rank,0.9963784398918151,0.9963784398918151,0.9080062382559464,,0.973376343241219,0.9117718619172732,0.8298505844803752,0.784222584139921
eigenvector_centrality_rank,0.9696678303508782,0.9696678303508782,0.9461621708912071,0.973376343241219,,0.9567011821202125,0.8238202246576605,0.7720906415194202
frequency_rank,0.9150859005101232,0.9150859005101232,0.9953550659523832,0.9117718619172732,0.9567011821202125,,0.832891215471312,0.7498683795633952
speech_acts_rank,0.8463182782254554,0.8463182782254554,0.8485179804096753,0.8298505844803752,0.8238202246576605,0.832891215471312,,0.9724075415597035
words_rank,0.8071003195939974,0.8071003195939974,0.7735684583794854,0.784222584139921,0.7720906415194202,0.7498683795633952,0.9724075415597035,
