segment;change_rate
1;0.6666666666666666
2;0.4375
3;0.5238095238095238
