segment;change_rate
1;0.42857142857142855
2;0.25
3;0.1111111111111111
4;0.1
