rank_name,degree_rank,closeness_rank,betweenness_rank,strength_rank,eigenvector_centrality_rank,frequency_rank,speech_acts_rank,words_rank
degree_rank,,,,,,,,
closeness_rank,,,,,,,,
betweenness_rank,,,,,,,,
strength_rank,,,,,0.9967689737831803,0.9902118361842986,0.8594452875445685,0.558325770740632
eigenvector_centrality_rank,,,,0.9967689737831803,,0.9870124357813821,0.8816806132678185,0.5940401295066863
frequency_rank,,,,0.9902118361842986,0.9870124357813821,,0.855270165497644,0.5891861140094881
speech_acts_rank,,,,0.8594452875445685,0.8816806132678185,0.855270165497644,,0.7696969696969697
words_rank,,,,0.558325770740632,0.5940401295066863,0.5891861140094881,0.7696969696969697,
