segment;change_rate
1;0.75
2;0.8421052631578947
3;0.8333333333333334
4;0.8333333333333334
5;1.0
6;0.8
7;0.5
8;0.6666666666666666
9;0.8666666666666667
10;0.6666666666666666
11;0.6666666666666666
12;0.8333333333333334
13;0.8
