rank_name,degree_rank,closeness_rank,betweenness_rank,strength_rank,eigenvector_centrality_rank,frequency_rank,speech_acts_rank,words_rank
degree_rank,,1.0,0.1934156510178539,0.9654405583453148,0.9392246042043708,0.2705122505901613,0.5938242898057251,0.6245634924260774
closeness_rank,1.0,,0.1934156510178539,0.9654405583453148,0.9392246042043708,0.2705122505901613,0.5938242898057251,0.6245634924260774
betweenness_rank,0.1934156510178539,0.1934156510178539,,0.1745531849302212,0.19350817772683815,0.898165135500666,0.5754752705358572,0.5431428196294594
strength_rank,0.9654405583453148,0.9654405583453148,0.1745531849302212,,0.9508189121875863,0.3600890657675786,0.6627663871623722,0.6792593934996222
eigenvector_centrality_rank,0.9392246042043708,0.9392246042043708,0.19350817772683815,0.9508189121875863,,0.35031106508880283,0.5595106077111878,0.5866053989743822
frequency_rank,0.2705122505901613,0.2705122505901613,0.898165135500666,0.3600890657675786,0.35031106508880283,,0.7313607144501256,0.6894250146502686
speech_acts_rank,0.5938242898057251,0.5938242898057251,0.5754752705358572,0.6627663871623722,0.5595106077111878,0.7313607144501256,,0.9736514943497644
words_rank,0.6245634924260774,0.6245634924260774,0.5431428196294594,0.6792593934996222,0.5866053989743822,0.6894250146502686,0.9736514943497644,
