segment;change_rate
1;0.5384615384615384
2;0.5263157894736842
3;0.6666666666666666
4;0.6153846153846154
