rank_name,degree_rank,closeness_rank,betweenness_rank,strength_rank,eigenvector_centrality_rank,frequency_rank,speech_acts_rank,words_rank
degree_rank,,1.0,0.8982829232335877,0.9808434730644147,0.9305543401642816,0.9032042667872276,0.8529499084199179,0.7769621398877526
closeness_rank,1.0,,0.8982829232335877,0.9808434730644147,0.9305543401642816,0.9032042667872276,0.8529499084199179,0.7769621398877526
betweenness_rank,0.8982829232335877,0.8982829232335877,,0.9239762769575117,0.9210312257163922,0.976253435962885,0.8789099086681702,0.8718875408720536
strength_rank,0.9808434730644147,0.9808434730644147,0.9239762769575117,,0.9600617705219839,0.9414357623061822,0.8624876020710868,0.7850690440352552
eigenvector_centrality_rank,0.9305543401642816,0.9305543401642816,0.9210312257163922,0.9600617705219839,,0.9461424610860724,0.8867739922601792,0.8125678518297386
frequency_rank,0.9032042667872276,0.9032042667872276,0.976253435962885,0.9414357623061822,0.9461424610860724,,0.8933018438706449,0.878292724219424
speech_acts_rank,0.8529499084199179,0.8529499084199179,0.8789099086681702,0.8624876020710868,0.8867739922601792,0.8933018438706449,,0.956496975075912
words_rank,0.7769621398877526,0.7769621398877526,0.8718875408720536,0.7850690440352552,0.8125678518297386,0.878292724219424,0.956496975075912,
