segment;change_rate
1;0.5714285714285714
2;1.0
3;0.5
4;1.0
5;0.5
6;0.5
7;0.75
8;0.6666666666666666
9;1.0
10;0.75
11;0.6
12;1.0
13;0.75
14;0.5
15;1.0
16;1.0
17;0.6
18;0.5
19;0.2
20;0.625
21;0.9
