segment;change_rate
1;0.2857142857142857
2;0.9090909090909091
3;0.9090909090909091
4;0.8461538461538461
