segment;change_rate
1;0.5
2;0.4
3;1.0
4;0.6666666666666666
5;0.5
6;0.5
7;0.8
8;0.6
9;0.5
10;0.8333333333333334
11;0.6666666666666666
12;0.75
13;0.6666666666666666
14;0.6666666666666666
15;0.8
16;0.4
17;1.0
18;0.6666666666666666
19;0.8333333333333334
20;0.3333333333333333
21;1.0
22;0.6
23;0.6
24;0.5
25;1.0
26;0.75
27;0.5
