rank_name,degree_rank,closeness_rank,betweenness_rank,strength_rank,eigenvector_centrality_rank,frequency_rank,speech_acts_rank,words_rank
degree_rank,,1.0,0.9303154848575665,0.9413306701789546,0.8740956006203983,0.809394483491182,0.8065108892322231,0.760617191614195
closeness_rank,1.0,,0.9303154848575665,0.9413306701789546,0.8740956006203983,0.809394483491182,0.8065108892322231,0.760617191614195
betweenness_rank,0.9303154848575665,0.9303154848575665,,0.9315851244203721,0.8179633863514244,0.8607027037081322,0.8928316198016232,0.801437123366285
strength_rank,0.9413306701789546,0.9413306701789546,0.9315851244203721,,0.9247878141626276,0.8924125733684412,0.8042114125552994,0.7381328124667328
eigenvector_centrality_rank,0.8740956006203983,0.8740956006203983,0.8179633863514244,0.9247878141626276,,0.9130283165593263,0.6806167400881057,0.6292633070731976
frequency_rank,0.809394483491182,0.809394483491182,0.8607027037081322,0.8924125733684412,0.9130283165593263,,0.7969464768011723,0.7537023463481829
speech_acts_rank,0.8065108892322231,0.8065108892322231,0.8928316198016232,0.8042114125552994,0.6806167400881057,0.7969464768011723,,0.9702976168506298
words_rank,0.760617191614195,0.760617191614195,0.801437123366285,0.7381328124667328,0.6292633070731976,0.7537023463481829,0.9702976168506298,
