segment;change_rate
1;0.5789473684210527
2;0.4827586206896552
3;0.6774193548387096
4;0.75
