rank_name,degree_rank,closeness_rank,betweenness_rank,strength_rank,eigenvector_centrality_rank,frequency_rank,speech_acts_rank,words_rank
degree_rank,,1.0,0.8517581758660862,0.9481414232244487,0.8827169465337035,0.7669770081666435,0.5563293516523913,0.5253910629070075
closeness_rank,1.0,,0.8517581758660862,0.9481414232244487,0.8827169465337035,0.7669770081666435,0.5563293516523913,0.5253910629070075
betweenness_rank,0.8517581758660862,0.8517581758660862,,0.909052089991044,0.8900960881358797,0.9152536552126826,0.7032598268318188,0.659681109082667
strength_rank,0.9481414232244487,0.9481414232244487,0.909052089991044,,0.9547605692954274,0.8911273464072647,0.6488780717273944,0.612120167877008
eigenvector_centrality_rank,0.8827169465337035,0.8827169465337035,0.8900960881358797,0.9547605692954274,,0.9503214539402166,0.7781486105370957,0.7213700476078412
frequency_rank,0.7669770081666435,0.7669770081666435,0.9152536552126826,0.8911273464072647,0.9503214539402166,,0.7947359059968812,0.7479917589923065
speech_acts_rank,0.5563293516523913,0.5563293516523913,0.7032598268318188,0.6488780717273944,0.7781486105370957,0.7947359059968812,,0.9476055269071579
words_rank,0.5253910629070075,0.5253910629070075,0.659681109082667,0.612120167877008,0.7213700476078412,0.7479917589923065,0.9476055269071579,
