segment;change_rate
1;0.8461538461538461
2;0.5384615384615384
3;0.5
4;0.5454545454545454
