rank_name,degree_rank,closeness_rank,betweenness_rank,strength_rank,eigenvector_centrality_rank,frequency_rank,speech_acts_rank,words_rank
degree_rank,,1.0,0.8857291435008517,0.9795864885457535,0.9698616677773604,0.9305318530661342,0.7216377512399615,0.7056260336821316
closeness_rank,1.0,,0.8857291435008517,0.9795864885457535,0.9698616677773604,0.9305318530661342,0.7216377512399615,0.7056260336821316
betweenness_rank,0.8857291435008517,0.8857291435008517,,0.8761073394706104,0.8646895806918584,0.9225879188218381,0.7599269708179678,0.7968282462143691
strength_rank,0.9795864885457535,0.9795864885457535,0.8761073394706104,,0.9970014925003394,0.9600451796597657,0.7586105806999695,0.7485649512099897
eigenvector_centrality_rank,0.9698616677773604,0.9698616677773604,0.8646895806918584,0.9970014925003394,,0.9571664769885428,0.7355329296390711,0.724064298830664
frequency_rank,0.9305318530661342,0.9305318530661342,0.9225879188218381,0.9600451796597657,0.9571664769885428,,0.8026015333136974,0.7921195511500205
speech_acts_rank,0.7216377512399615,0.7216377512399615,0.7599269708179678,0.7586105806999695,0.7355329296390711,0.8026015333136974,,0.9293088134345073
words_rank,0.7056260336821316,0.7056260336821316,0.7968282462143691,0.7485649512099897,0.724064298830664,0.7921195511500205,0.9293088134345073,
