segment;change_rate
1;0.5
2;1.0
3;0.5
4;0.5
5;1.0
6;0.7142857142857143
7;0.8571428571428571
8;0.5
9;1.0
10;1.0
11;0.6666666666666666
12;0.4
13;0.6
14;0.5
15;0.5
16;0.5
17;1.0
18;0.6666666666666666
19;0.75
20;0.5
21;0.5714285714285714
22;0.5
23;0.6666666666666666
