rank_name,degree_rank,closeness_rank,betweenness_rank,strength_rank,eigenvector_centrality_rank,frequency_rank,speech_acts_rank,words_rank
degree_rank,,1.0,0.8561480531927869,0.8874586661108655,0.8583045614131399,0.8399472894496919,0.8495971238335863,0.8292415216443805
closeness_rank,1.0,,0.8561480531927869,0.8874586661108655,0.8583045614131399,0.8399472894496919,0.8495971238335863,0.8292415216443805
betweenness_rank,0.8561480531927869,0.8561480531927869,,0.7414010508675954,0.7661154796457327,0.7503075030750308,0.7783929713067219,0.7901539957688181
strength_rank,0.8874586661108655,0.8874586661108655,0.7414010508675954,,0.9699572638568408,0.9766592136532534,0.9564686040560504,0.942841184841743
eigenvector_centrality_rank,0.8583045614131399,0.8583045614131399,0.7661154796457327,0.9699572638568408,,0.9527333528927701,0.9607843137254902,0.9656048802176214
frequency_rank,0.8399472894496919,0.8399472894496919,0.7503075030750308,0.9766592136532534,0.9527333528927701,,0.9478223562283744,0.9427694092817985
speech_acts_rank,0.8495971238335863,0.8495971238335863,0.7783929713067219,0.9564686040560504,0.9607843137254902,0.9478223562283744,,0.9877179690775669
words_rank,0.8292415216443805,0.8292415216443805,0.7901539957688181,0.942841184841743,0.9656048802176214,0.9427694092817985,0.9877179690775669,
