rank_name,degree_rank,closeness_rank,betweenness_rank,strength_rank,eigenvector_centrality_rank,frequency_rank,speech_acts_rank,words_rank
degree_rank,,0.912629567820629,0.8887738410862939,0.9918642674465348,0.9379266056538287,0.9010546386732119,0.7570089723265194,0.7847477008712247
closeness_rank,0.912629567820629,,0.8701083809605014,0.9114664017004132,0.924833201737984,0.8744615216895465,0.741018550453271,0.7411227481440886
betweenness_rank,0.8887738410862939,0.8701083809605014,,0.8888351459717617,0.8448072898769498,0.9526855455765072,0.7838974591499926,0.7706510637662563
strength_rank,0.9918642674465348,0.9114664017004132,0.8888351459717617,,0.9442468810699222,0.9125333601419628,0.7564286911204045,0.7785468868873451
eigenvector_centrality_rank,0.9379266056538287,0.924833201737984,0.8448072898769498,0.9442468810699222,,0.8923459276745475,0.7772277465676399,0.7915832843488525
frequency_rank,0.9010546386732119,0.8744615216895465,0.9526855455765072,0.9125333601419628,0.8923459276745475,,0.8313244559998576,0.8161163197294281
speech_acts_rank,0.7570089723265194,0.741018550453271,0.7838974591499926,0.7564286911204045,0.7772277465676399,0.8313244559998576,,0.9647942813125477
words_rank,0.7847477008712247,0.7411227481440886,0.7706510637662563,0.7785468868873451,0.7915832843488525,0.8161163197294281,0.9647942813125477,
