rank_name,degree_rank,closeness_rank,betweenness_rank,strength_rank,eigenvector_centrality_rank,frequency_rank,speech_acts_rank,words_rank
degree_rank,,1.0,0.7467467685854039,1.0,0.9770676705361447,0.7467467685854039,0.5924631690582811,0.37996331879620526
closeness_rank,1.0,,0.7467467685854039,1.0,0.9770676705361447,0.7467467685854039,0.5924631690582811,0.37996331879620526
betweenness_rank,0.7467467685854039,0.7467467685854039,,0.7467467685854039,0.7296221256621341,1.0,0.7156357655668312,0.7082291948187878
strength_rank,1.0,1.0,0.7467467685854039,,0.9770676705361447,0.7467467685854039,0.5924631690582811,0.37996331879620526
eigenvector_centrality_rank,0.9770676705361447,0.9770676705361447,0.7296221256621341,0.9770676705361447,,0.7296221256621341,0.5485019035158142,0.31455901552762167
frequency_rank,0.7467467685854039,0.7467467685854039,1.0,0.7467467685854039,0.7296221256621341,,0.7156357655668312,0.7082291948187878
speech_acts_rank,0.5924631690582811,0.5924631690582811,0.7156357655668312,0.5924631690582811,0.5485019035158142,0.7156357655668312,,0.8627938096031926
words_rank,0.37996331879620526,0.37996331879620526,0.7082291948187878,0.37996331879620526,0.31455901552762167,0.7082291948187878,0.8627938096031926,
