segment;change_rate
1;0.5
2;0.5
3;1.0
4;1.0
5;1.0
6;0.5
7;0.5
8;0.6666666666666666
9;0.75
10;0.75
11;1.0
12;0.5
13;0.5
14;0.75
15;0.3333333333333333
16;0.5
17;0.6666666666666666
18;0.5
19;0.5
20;0.8333333333333334
21;0.6428571428571429
