rank_name,degree_rank,closeness_rank,betweenness_rank,strength_rank,eigenvector_centrality_rank,frequency_rank,speech_acts_rank,words_rank
degree_rank,,1.0,0.9348613378679156,0.5889183761141649,0.5539950197524179,0.4869371114854475,0.4742481240985718,0.4201299969056149
closeness_rank,1.0,,0.9348613378679156,0.5889183761141649,0.5539950197524179,0.4869371114854475,0.4742481240985718,0.4201299969056149
betweenness_rank,0.9348613378679156,0.9348613378679156,,0.44827259867286046,0.4424997387397446,0.605288806063178,0.6170509910615533,0.5774799073808671
strength_rank,0.5889183761141649,0.5889183761141649,0.44827259867286046,,0.9664745853974173,0.6495511253335788,0.6428834213741625,0.6070760423381415
eigenvector_centrality_rank,0.5539950197524179,0.5539950197524179,0.4424997387397446,0.9664745853974173,,0.7238429884437312,0.7026081228560738,0.6517097667477888
frequency_rank,0.4869371114854475,0.4869371114854475,0.605288806063178,0.6495511253335788,0.7238429884437312,,0.9591923827435112,0.9120069962544071
speech_acts_rank,0.4742481240985718,0.4742481240985718,0.6170509910615533,0.6428834213741625,0.7026081228560738,0.9591923827435112,,0.9829905461179601
words_rank,0.4201299969056149,0.4201299969056149,0.5774799073808671,0.6070760423381415,0.6517097667477888,0.9120069962544071,0.9829905461179601,
