segment;change_rate
1;0.8
2;1.0
3;0.4444444444444444
4;0.6666666666666666
5;1.0
6;1.0
7;0.5
8;0.5
9;0.3333333333333333
10;0.4
11;0.6666666666666666
12;0.6666666666666666
13;0.6666666666666666
14;1.0
15;0.8
16;0.75
17;0.8571428571428571
18;1.0
19;0.6666666666666666
20;0.3333333333333333
21;0.5
22;1.0
23;0.6666666666666666
24;0.3333333333333333
25;0.25
26;0.25
27;1.0
28;1.0
29;0.8333333333333334
30;0.8571428571428571
31;0.6666666666666666
