rank_name,degree_rank,closeness_rank,betweenness_rank,strength_rank,eigenvector_centrality_rank,frequency_rank,speech_acts_rank,words_rank
degree_rank,,0.9993110575266965,0.8295368460575826,0.8666608538687464,0.8385158281193454,0.7198372109749536,0.4891808235899192,0.4931400955840557
closeness_rank,0.9993110575266965,,0.834718212991109,0.865974389826078,0.8357699719486722,0.7226078136633344,0.4857455649972934,0.4897083621422738
betweenness_rank,0.8295368460575826,0.834718212991109,,0.7203725445375648,0.6663359991518039,0.7779154707979786,0.5800983734331279,0.5598880855566044
strength_rank,0.8666608538687464,0.865974389826078,0.7203725445375648,,0.9870041039671683,0.9103195909858074,0.7475614580296917,0.7385878035797496
eigenvector_centrality_rank,0.8385158281193454,0.8357699719486722,0.6663359991518039,0.9870041039671683,,0.8689100569000239,0.7342121462791615,0.7338006604083994
frequency_rank,0.7198372109749536,0.7226078136633344,0.7779154707979786,0.9103195909858074,0.8689100569000239,,0.8755252959859183,0.8456451419011396
speech_acts_rank,0.4891808235899192,0.4857455649972934,0.5800983734331279,0.7475614580296917,0.7342121462791615,0.8755252959859183,,0.9832311821412726
words_rank,0.4931400955840557,0.4897083621422738,0.5598880855566044,0.7385878035797496,0.7338006604083994,0.8456451419011396,0.9832311821412726,
