metrics,linear,exponential,powerlaw,quadratic,max_val,max_type
degree,0.520924588169,0.637958670121,0.750272824137,0.135357467201,0.7502728241367442,powerlaw
closeness,0.603742974325,0.709487117477,0.727391906099,0.546318861621,0.7273919060993064,powerlaw
betweenness,0.0323056631817,0.147946610953,0.151375758785,0.588231210687,0.5882312106871552,quadratic
strength,0.377732675424,0.497278745372,0.713712956209,0.263426297385,0.713712956208592,powerlaw
eigenvector_centrality,0.295612805634,0.396949887313,0.414586626288,0.315098622468,0.4145866262882667,powerlaw
frequency,0.225053724139,0.398725169861,0.547470562983,0.432636853173,0.5474705629826051,powerlaw
speech_acts,0.0549229767297,0.215685417877,0.44180647961,0.406921203257,0.4418064796102875,powerlaw
words,0.034941933495,0.146520417767,0.451964288896,0.689981703623,0.6899817036232868,quadratic
