rank_name,degree_rank,closeness_rank,betweenness_rank,strength_rank,eigenvector_centrality_rank,frequency_rank,speech_acts_rank,words_rank
degree_rank,,0.9926258753179388,0.8679541185641078,0.9763882595131882,0.9308326001862597,0.7727008785641918,0.6618057762692744,0.7213617898881107
closeness_rank,0.9926258753179388,,0.8698086453715018,0.9698908042890683,0.9279328174510899,0.7749820029330247,0.6714984753371903,0.7284718479083722
betweenness_rank,0.8679541185641078,0.8698086453715018,,0.8466360250540743,0.7569474053702129,0.8396776471297529,0.7094024910021527,0.6468228733020641
strength_rank,0.9763882595131882,0.9698908042890683,0.8466360250540743,,0.9639666742010361,0.8379679482033191,0.7011808623599012,0.7581770371254434
eigenvector_centrality_rank,0.9308326001862597,0.9279328174510899,0.7569474053702129,0.9639666742010361,,0.8159872516975736,0.7006130265725251,0.7929430319346046
frequency_rank,0.7727008785641918,0.7749820029330247,0.8396776471297529,0.8379679482033191,0.8159872516975736,,0.860442298946239,0.8184306767969596
speech_acts_rank,0.6618057762692744,0.6714984753371903,0.7094024910021527,0.7011808623599012,0.7006130265725251,0.860442298946239,,0.9025570495562804
words_rank,0.7213617898881107,0.7284718479083722,0.6468228733020641,0.7581770371254434,0.7929430319346046,0.8184306767969596,0.9025570495562804,
