segment;change_rate
1;0.3333333333333333
2;0.8
3;0.5
4;0.5
5;0.6666666666666666
6;0.6666666666666666
7;0.5
8;0.75
9;1.0
10;0.3333333333333333
11;0.25
12;0.75
13;0.5
14;0.8333333333333334
15;0.8181818181818182
16;0.2
17;0.45454545454545453
18;0.7777777777777778
19;1.0
20;0.6
21;0.8
22;0.6
