segment;change_rate
1;0.42857142857142855
2;0.7142857142857143
3;0.7142857142857143
4;0.5555555555555556
