rank_name,degree_rank,closeness_rank,betweenness_rank,strength_rank,eigenvector_centrality_rank,frequency_rank,speech_acts_rank,words_rank
degree_rank,,1.0,0.9470057812221994,0.9009259301235217,0.8719671272272648,0.7846619330126795,0.6576101679733736,0.7146196756975327
closeness_rank,1.0,,0.9470057812221994,0.9009259301235217,0.8719671272272648,0.7846619330126795,0.6576101679733736,0.7146196756975327
betweenness_rank,0.9470057812221994,0.9470057812221994,,0.9564936046496293,0.9379580992210836,0.8709677419354839,0.8153715974062413,0.8441622892989752
strength_rank,0.9009259301235217,0.9009259301235217,0.9564936046496293,,0.9969650916353059,0.9533575600442207,0.7987804878048781,0.857146816588891
eigenvector_centrality_rank,0.8719671272272648,0.8719671272272648,0.9379580992210836,0.9969650916353059,,0.9692233691951198,0.8145934285312865,0.8666666666666667
frequency_rank,0.7846619330126795,0.7846619330126795,0.8709677419354839,0.9533575600442207,0.9692233691951198,,0.834187865038693,0.8629214512833969
speech_acts_rank,0.6576101679733736,0.6576101679733736,0.8153715974062413,0.7987804878048781,0.8145934285312865,0.834187865038693,,0.9361745372672994
words_rank,0.7146196756975327,0.7146196756975327,0.8441622892989752,0.857146816588891,0.8666666666666667,0.8629214512833969,0.9361745372672994,
