segment;change_rate
1;0.75
2;0.6666666666666666
3;1.0
4;0.5
5;0.6666666666666666
6;0.5
7;0.75
8;0.6
9;1.0
10;0.6666666666666666
11;0.3333333333333333
12;0.3333333333333333
13;0.6666666666666666
14;0.3333333333333333
15;0.5
16;0.75
17;0.5
18;0.2
19;0.4
20;0.8
21;0.5
22;0.5
23;0.5
24;1.0
25;0.3333333333333333
26;0.8
27;0.6
28;1.0
29;1.0
