segment;change_rate
1;0.9230769230769231
2;0.9090909090909091
3;0.6666666666666666
