segment;change_rate
1;0.9230769230769231
2;0.5
3;0.3333333333333333
4;0.3333333333333333
5;0.3333333333333333
6;0.3333333333333333
7;0.6666666666666666
8;0.3333333333333333
9;0.6666666666666666
10;1.0
11;1.0
12;1.0
13;1.0
14;0.5
15;0.75
16;1.0
17;0.5
18;0.6666666666666666
19;0.3333333333333333
20;0.25
21;0.25
22;0.3333333333333333
23;0.5
24;1.0
25;0.5
26;0.5
27;0.5
28;0.9333333333333333
