rank_name,degree_rank,closeness_rank,betweenness_rank,strength_rank,eigenvector_centrality_rank,frequency_rank,speech_acts_rank,words_rank
degree_rank,,0.9263748943281238,0.22595290870193602,0.916930573357786,0.8371084921949431,0.2972860843308447,0.18413794546955206,-0.21182426425333425
closeness_rank,0.9263748943281238,,0.31853969310872116,0.9967147146684942,0.9178671003235219,0.6060146769206514,0.4482460490880201,-0.047383564989055535
betweenness_rank,0.22595290870193602,0.31853969310872116,,0.2866854956500627,0.07004658206059466,0.6520831299042988,0.5889982616366747,0.5737614673455568
strength_rank,0.916930573357786,0.9967147146684942,0.2866854956500627,,0.9211723092470945,0.6109146033350177,0.45389037879078636,-0.044088412247890084
eigenvector_centrality_rank,0.8371084921949431,0.9178671003235219,0.07004658206059466,0.9211723092470945,,0.48357756442647803,0.32386469945431373,-0.19652175246665898
frequency_rank,0.2972860843308447,0.6060146769206514,0.6520831299042988,0.6109146033350177,0.48357756442647803,,0.8506846105666641,0.5131140744594868
speech_acts_rank,0.18413794546955206,0.4482460490880201,0.5889982616366747,0.45389037879078636,0.32386469945431373,0.8506846105666641,,0.6159201611110912
words_rank,-0.21182426425333425,-0.047383564989055535,0.5737614673455568,-0.044088412247890084,-0.19652175246665898,0.5131140744594868,0.6159201611110912,
