segment;change_rate
1;0.6666666666666666
2;0.5
3;0.5
4;0.3333333333333333
5;1.0
