rank_name,degree_rank,closeness_rank,betweenness_rank,strength_rank,eigenvector_centrality_rank,frequency_rank,speech_acts_rank,words_rank
degree_rank,,0.9548637106322311,0.7184212081070996,0.9548637106322311,0.9411239481143202,0.8197822947299412,0.9411239481143202,0.33394720739540396
closeness_rank,0.9548637106322311,,0.8574929257125442,0.8676470588235294,0.8116794499134278,0.8610584002420806,0.898645105261295,0.4058397249567139
betweenness_rank,0.7184212081070996,0.8574929257125442,,0.600245047998781,0.50709255283711,0.8215838362577491,0.6761234037828133,0.6761234037828133
strength_rank,0.9548637106322311,0.8676470588235294,0.600245047998781,,0.9856107606091623,0.8610584002420806,0.9856107606091623,0.23190841426097938
eigenvector_centrality_rank,0.9411239481143202,0.8116794499134278,0.50709255283711,0.9856107606091623,,0.7715167498104596,0.9428571428571428,0.2
frequency_rank,0.8197822947299412,0.8610584002420806,0.8215838362577491,0.8610584002420806,0.7715167498104596,,0.9258200997725515,0.46291004988627577
speech_acts_rank,0.9411239481143202,0.898645105261295,0.6761234037828133,0.9856107606091623,0.9428571428571428,0.9258200997725515,,0.2571428571428571
words_rank,0.33394720739540396,0.4058397249567139,0.6761234037828133,0.23190841426097938,0.2,0.46291004988627577,0.2571428571428571,
