rank_name,degree_rank,closeness_rank,betweenness_rank,strength_rank,eigenvector_centrality_rank,frequency_rank,speech_acts_rank,words_rank
degree_rank,,0.9892276929865179,0.6362540979109162,0.6725927091345493,0.6725927091345493,0.5640605112796011,0.6159533231021662,0.5972067013654855
closeness_rank,0.9892276929865179,,0.7408085982885287,0.7085450671469358,0.7085450671469358,0.6241653328131235,0.6870740045061196,0.6572937837576931
betweenness_rank,0.6362540979109162,0.7408085982885287,,0.6531713765759998,0.6531713765759998,0.6943742309772092,0.8052026452617927,0.7419634298485491
strength_rank,0.6725927091345493,0.7085450671469358,0.6531713765759998,,1.0,0.9629764421934136,0.8456140350877193,0.8861659824480079
eigenvector_centrality_rank,0.6725927091345493,0.7085450671469358,0.6531713765759998,1.0,,0.9629764421934136,0.8456140350877193,0.8861659824480079
frequency_rank,0.5640605112796011,0.6241653328131235,0.6943742309772092,0.9629764421934136,0.9629764421934136,,0.8924287174905995,0.9155156597651982
speech_acts_rank,0.6159533231021662,0.6870740045061196,0.8052026452617927,0.8456140350877193,0.8456140350877193,0.8924287174905995,,0.9492133645984592
words_rank,0.5972067013654855,0.6572937837576931,0.7419634298485491,0.8861659824480079,0.8861659824480079,0.9155156597651982,0.9492133645984592,
