segment;change_rate
1;0.6666666666666666
2;0.0
3;0.3333333333333333
4;0.3333333333333333
5;0.5
6;0.5
7;0.3333333333333333
8;0.5
9;0.6666666666666666
10;0.5
11;0.3333333333333333
12;0.75
13;0.5
14;0.75
15;0.6666666666666666
16;0.3333333333333333
17;0.3333333333333333
18;0.0
19;0.75
20;0.6
21;0.0
22;0.16666666666666666
23;0.75
24;1.0
25;0.625
26;0.6
27;0.6666666666666666
