segment;change_rate
1;0.9333333333333333
2;0.8333333333333334
3;0.9166666666666666
4;1.0
5;1.0
6;1.0
7;1.0
8;0.9
9;0.9565217391304348
10;1.0
11;1.0
12;0.9565217391304348
13;1.0
14;1.0
