rank_name,degree_rank,closeness_rank,betweenness_rank,strength_rank,eigenvector_centrality_rank,frequency_rank,speech_acts_rank,words_rank
degree_rank,,0.8349543349679063,0.7558096080772245,0.9976112699088583,0.9200443795328035,0.7016159125903618,0.36375144475618143,0.2749037205116173
closeness_rank,0.8349543349679063,,0.7870503246411816,0.838049193199127,0.7482649723213809,0.7354620341661432,0.2760491478121213,0.23005193107293595
betweenness_rank,0.7558096080772245,0.7870503246411816,,0.7666218916049371,0.747765645869783,0.963527957002835,0.6073954416999917,0.5459791152333882
strength_rank,0.9976112699088583,0.838049193199127,0.7666218916049371,,0.9268222476079366,0.7210788517281567,0.3764115145423866,0.28894487882640146
eigenvector_centrality_rank,0.9200443795328035,0.7482649723213809,0.747765645869783,0.9268222476079366,,0.7228963071977137,0.32134473001326264,0.24188816288883946
frequency_rank,0.7016159125903618,0.7354620341661432,0.963527957002835,0.7210788517281567,0.7228963071977137,,0.6001617505418985,0.539472310662747
speech_acts_rank,0.36375144475618143,0.2760491478121213,0.6073954416999917,0.3764115145423866,0.32134473001326264,0.6001617505418985,,0.9136833416730319
words_rank,0.2749037205116173,0.23005193107293595,0.5459791152333882,0.28894487882640146,0.24188816288883946,0.539472310662747,0.9136833416730319,
