segment;change_rate
1;0.3333333333333333
2;0.25
3;0.4
4;0.5714285714285714
5;0.3333333333333333
6;0.7777777777777778
7;0.75
8;1.0
9;0.7
10;0.5833333333333334
11;0.7272727272727273
12;0.125
13;0.6666666666666666
14;0.5
15;0.8888888888888888
16;0.8
17;0.3333333333333333
18;0.8571428571428571
19;1.0
20;1.0
21;0.8
22;0.6666666666666666
23;0.7142857142857143
24;0.75
25;0.5
26;0.4
27;0.2
28;0.625
