segment;change_rate
1;0.3333333333333333
2;1.0
3;0.3333333333333333
4;0.4
5;0.5
6;0.5
7;0.625
8;0.3333333333333333
9;0.5
10;0.5
11;0.75
12;0.4
13;0.16666666666666666
