rank_name,degree_rank,closeness_rank,betweenness_rank,strength_rank,eigenvector_centrality_rank,frequency_rank,speech_acts_rank,words_rank
degree_rank,,1.0,0.9449111825230679,0.8711400676249501,0.8711400676249501,0.8485544430719474,0.8158601017501135,0.7303263814053436
closeness_rank,1.0,,0.9449111825230679,0.8711400676249501,0.8711400676249501,0.8485544430719474,0.8158601017501135,0.7303263814053436
betweenness_rank,0.9449111825230679,0.9449111825230679,,0.803194840135015,0.803194840135015,0.8131727983645296,0.7311261550139309,0.6614950926316517
strength_rank,0.8711400676249501,0.8711400676249501,0.803194840135015,,1.0,0.9877295966495896,0.9361745372672994,0.8936211492096949
eigenvector_centrality_rank,0.8711400676249501,0.8711400676249501,0.803194840135015,1.0,,0.9877295966495896,0.9361745372672994,0.8936211492096949
frequency_rank,0.8485544430719474,0.8485544430719474,0.8131727983645296,0.9877295966495896,0.9877295966495896,,0.9108770332470622,0.880104160502229
speech_acts_rank,0.8158601017501135,0.8158601017501135,0.7311261550139309,0.9361745372672994,0.9361745372672994,0.9108770332470622,,0.9636363636363636
words_rank,0.7303263814053436,0.7303263814053436,0.6614950926316517,0.8936211492096949,0.8936211492096949,0.880104160502229,0.9636363636363636,
