segment;change_rate
1;1.0
2;0.75
3;0.5
4;0.6666666666666666
5;0.75
6;0.5
7;0.5
8;0.3333333333333333
9;0.5
10;0.5
11;0.6666666666666666
12;0.8571428571428571
