rank_name,degree_rank,closeness_rank,betweenness_rank,strength_rank,eigenvector_centrality_rank,frequency_rank,speech_acts_rank,words_rank
degree_rank,,0.9685265530626234,0.9520921147086182,0.9271497415415129,0.8491826858220445,0.8754076340559709,0.8317815452391106,0.8393915169374284
closeness_rank,0.9685265530626234,,0.9443632181254712,0.8674279241221644,0.8165336720551879,0.8397586365118441,0.7776058126934301,0.7701248258040393
betweenness_rank,0.9520921147086182,0.9443632181254712,,0.8864805501561602,0.8431277924097582,0.8831342449530534,0.8610868131681974,0.8486769667557379
strength_rank,0.9271497415415129,0.8674279241221644,0.8864805501561602,,0.9561713013722175,0.9474771956195681,0.8795278189815169,0.8645342241933777
eigenvector_centrality_rank,0.8491826858220445,0.8165336720551879,0.8431277924097582,0.9561713013722175,,0.9684795250053181,0.8757289649750155,0.8349702914585995
frequency_rank,0.8754076340559709,0.8397586365118441,0.8831342449530534,0.9474771956195681,0.9684795250053181,,0.9343101276372486,0.9082779117001901
speech_acts_rank,0.8317815452391106,0.7776058126934301,0.8610868131681974,0.8795278189815169,0.8757289649750155,0.9343101276372486,,0.9731570272293182
words_rank,0.8393915169374284,0.7701248258040393,0.8486769667557379,0.8645342241933777,0.8349702914585995,0.9082779117001901,0.9731570272293182,
