rank_name,degree_rank,closeness_rank,betweenness_rank,strength_rank,eigenvector_centrality_rank,frequency_rank,speech_acts_rank,words_rank
degree_rank,,1.0,0.9286643440735974,0.7791632330139233,0.7791632330139233,0.6558001540277525,0.5685785754425927,0.5685785754425927
closeness_rank,1.0,,0.9286643440735974,0.7791632330139233,0.7791632330139233,0.6558001540277525,0.5685785754425927,0.5685785754425927
betweenness_rank,0.9286643440735974,0.9286643440735974,,0.6414448782970528,0.6414448782970528,0.5965554478435913,0.45101593005261525,0.41593691327074517
strength_rank,0.7791632330139233,0.7791632330139233,0.6414448782970528,,1.0,0.8584564381571794,0.8272727272727273,0.7454545454545455
eigenvector_centrality_rank,0.7791632330139233,0.7791632330139233,0.6414448782970528,1.0,,0.8584564381571794,0.8272727272727273,0.7454545454545455
frequency_rank,0.6558001540277525,0.6558001540277525,0.5965554478435913,0.8584564381571794,0.8584564381571794,,0.9269503029037629,0.8082276040096849
speech_acts_rank,0.5685785754425927,0.5685785754425927,0.45101593005261525,0.8272727272727273,0.8272727272727273,0.9269503029037629,,0.9090909090909091
words_rank,0.5685785754425927,0.5685785754425927,0.41593691327074517,0.7454545454545455,0.7454545454545455,0.8082276040096849,0.9090909090909091,
