segment;change_rate
1;1.0
2;0.75
3;1.0
4;0.5
5;1.0
6;0.8333333333333334
7;0.5555555555555556
8;1.0
9;0.5
10;1.0
11;0.5
12;0.3333333333333333
13;0.6666666666666666
14;1.0
15;1.0
16;0.8333333333333334
17;0.0
18;1.0
19;0.8
20;1.0
21;0.875
22;1.0
23;0.8
