rank_name,degree_rank,closeness_rank,betweenness_rank,strength_rank,eigenvector_centrality_rank,frequency_rank,speech_acts_rank,words_rank
degree_rank,,0.8421788728155138,0.7157583548337514,0.7868127264655166,0.5572255379183236,0.4819782981055175,0.2742930119436388,0.0892906557964638
closeness_rank,0.8421788728155138,,0.43984612643038934,0.47632773468568784,0.35015297133778306,0.08579687643620873,0.04272889901281255,-0.008669416483179902
betweenness_rank,0.7157583548337514,0.43984612643038934,,0.6192889219967217,0.5020960031298851,0.7494226000482801,0.7006948358784405,0.5558978371252961
strength_rank,0.7868127264655166,0.47632773468568784,0.6192889219967217,,0.758641124403055,0.6770488743222878,0.32005113646416555,0.024883534980214245
eigenvector_centrality_rank,0.5572255379183236,0.35015297133778306,0.5020960031298851,0.758641124403055,,0.7256810779147088,0.1589247063457467,-0.09592440130912008
frequency_rank,0.4819782981055175,0.08579687643620873,0.7494226000482801,0.6770488743222878,0.7256810779147088,,0.5966894792791051,0.39095076002549234
speech_acts_rank,0.2742930119436388,0.04272889901281255,0.7006948358784405,0.32005113646416555,0.1589247063457467,0.5966894792791051,,0.8483506729733987
words_rank,0.0892906557964638,-0.008669416483179902,0.5558978371252961,0.024883534980214245,-0.09592440130912008,0.39095076002549234,0.8483506729733987,
