segment;change_rate
1;0.0
2;1.0
3;1.0
4;0.6666666666666666
5;0.6666666666666666
6;0.6666666666666666
7;0.0
8;0.3333333333333333
