name,betweenness,degree,closeness,closeness_corrected,strength,eigenvector_centrality,avg_distance,avg_distance_corrected,frequency,speech_acts,words,lines,chars,degree_rank,closeness_rank,betweenness_rank,strength_rank,eigenvector_centrality_rank,frequency_rank,speech_acts_rank,words_rank,centrality_rank_avg,centrality_rank_std,centrality_rank_avg_rank,centrality_rank_std_rank,avg_graph_rank,avg_content_rank,overall_avg,overall_avg_rank
HANS,0.38095238095238093,7,1.0,1.0,15,0.5771607277014101,1.0,1.0,8,69,2566,292,14054,1.0,1.0,1.0,1.0,1.0,1.0,2.0,1.0,1.125,0.04419417382415922,1.0,2.0,1.0,1.0,1.0,1.0
THEODOR,0.0,2,0.5833333333333334,0.5833333333333334,4,0.24299240593717844,1.7142857142857142,1.7142857142857142,3,8,248,28,1390,7.0,7.0,3.0,7.0,4.0,3.0,6.0,7.0,5.5,0.23145502494313785,7.0,6.0,7.0,5.0,6.0,6.0
AUFRECHT,0.09523809523809523,6,0.875,0.875,12,0.5389715128254142,1.1428571428571428,1.1428571428571428,5,80,943,139,5339,2.0,2.0,2.0,2.0,2.0,2.0,1.0,2.0,1.875,0.04419417382415922,2.0,2.0,2.0,2.0,2.0,2.0
CENSUR,0.0,5,0.7777777777777778,0.7777777777777778,5,0.20996266787348117,1.2857142857142856,1.2857142857142856,1,13,291,35,1634,3.0,3.0,3.0,4.0,5.0,6.0,5.0,6.0,4.375,0.1628087725786649,5.0,5.0,4.0,6.0,5.0,5.0
BEIDE CHÖRE,0.0,1,0.5384615384615384,0.5384615384615384,1,0.06176979458038376,1.8571428571428572,1.8571428571428572,2,5,304,36,1783,8.0,8.0,3.0,8.0,8.0,5.0,8.0,5.0,6.625,0.24944134008391058,8.0,8.0,8.0,7.0,7.5,8.0
GENSEDARM,0.0,5,0.7777777777777778,0.7777777777777778,5,0.20996266787348117,1.2857142857142856,1.2857142857142856,1,6,26,6,131,3.0,3.0,3.0,4.0,5.0,6.0,7.0,8.0,4.875,0.24492619150616435,6.0,7.0,4.0,8.0,6.0,6.0
POLISËI,0.0,5,0.7777777777777778,0.7777777777777778,5,0.20996266787348117,1.2857142857142856,1.2857142857142856,1,22,311,45,1793,3.0,3.0,3.0,4.0,5.0,6.0,4.0,4.0,4.0,0.1336306209562122,4.0,4.0,4.0,4.0,4.0,4.0
KRIECHEL,0.0,5,0.7777777777777778,0.7777777777777778,9,0.4257715586961773,1.2857142857142856,1.2857142857142856,3,34,822,100,4714,3.0,3.0,3.0,3.0,3.0,3.0,3.0,3.0,3.0,0.0,3.0,1.0,3.0,3.0,3.0,3.0
