segment;change_rate
1;0.75
2;0.6666666666666666
3;0.6666666666666666
4;0.3333333333333333
5;0.75
6;0.6
7;0.8571428571428571
8;0.25
9;0.5
10;0.75
11;0.0
12;0.8333333333333334
13;1.0
14;0.75
15;0.8571428571428571
16;0.5
17;0.25
18;0.7777777777777778
19;0.5555555555555556
20;0.8571428571428571
21;0.5
22;0.6666666666666666
23;0.75
24;0.3333333333333333
25;0.6
26;0.8
27;1.0
28;0.75
29;1.0
30;1.0
31;0.4
32;0.6
33;0.4
