rank_name,degree_rank,closeness_rank,betweenness_rank,strength_rank,eigenvector_centrality_rank,frequency_rank,speech_acts_rank,words_rank
degree_rank,,0.9990046035999607,0.9141205725570352,0.8737318565092086,0.8356105896056416,0.8385659592395535,0.9010938845525787,0.7386599247582215
closeness_rank,0.9990046035999607,,0.9123205804251114,0.8751596809939506,0.8399958926521555,0.8399804773022339,0.9010452592061223,0.7385315334983659
betweenness_rank,0.9141205725570352,0.9123205804251114,,0.8049813080021893,0.7628937478836207,0.8013655178378032,0.8634235171774849,0.6845074138406048
strength_rank,0.8737318565092086,0.8751596809939506,0.8049813080021893,,0.9866470049347222,0.9659713488511964,0.9484524805168688,0.7895648838988892
eigenvector_centrality_rank,0.8356105896056416,0.8399958926521555,0.7628937478836207,0.9866470049347222,,0.9749301462625881,0.9244511454774027,0.768660405338606
frequency_rank,0.8385659592395535,0.8399804773022339,0.8013655178378032,0.9659713488511964,0.9749301462625881,,0.9347963246952065,0.8150078298608798
speech_acts_rank,0.9010938845525787,0.9010452592061223,0.8634235171774849,0.9484524805168688,0.9244511454774027,0.9347963246952065,,0.8605421434588685
words_rank,0.7386599247582215,0.7385315334983659,0.6845074138406048,0.7895648838988892,0.768660405338606,0.8150078298608798,0.8605421434588685,
