segment;change_rate
1;1.0
2;0.6
3;1.0
4;0.6
5;0.6363636363636364
6;0.8461538461538461
7;0.6666666666666666
8;1.0
9;0.8
10;0.8
11;0.7142857142857143
12;0.7142857142857143
13;1.0
14;0.5
15;0.5
16;0.6666666666666666
17;0.8
18;0.5833333333333334
19;0.9166666666666666
20;0.5714285714285714
21;0.875
22;0.75
23;0.8
24;1.0
25;0.7692307692307693
26;0.8888888888888888
27;0.6
28;0.5
29;0.5
30;0.3
31;0.6363636363636364
