rank_name,degree_rank,closeness_rank,betweenness_rank,strength_rank,eigenvector_centrality_rank,frequency_rank,speech_acts_rank,words_rank
degree_rank,,0.7900120798784106,0.6880035459199619,0.9436669410796189,0.812354981983251,0.5071693625098129,0.44950045460543725,0.3675774783272838
closeness_rank,0.7900120798784106,,0.7991632895095097,0.842230205792417,0.8226634721561643,0.6748812170069666,0.5739747240883301,0.513034465689849
betweenness_rank,0.6880035459199619,0.7991632895095097,,0.7990007776300598,0.7766335145079759,0.8749064350557868,0.7812882165352962,0.758133449301362
strength_rank,0.9436669410796189,0.842230205792417,0.7990007776300598,,0.9309347352261259,0.7138589444555948,0.6250888868894483,0.5340224014068009
eigenvector_centrality_rank,0.812354981983251,0.8226634721561643,0.7766335145079759,0.9309347352261259,,0.7831371298818479,0.6932779106992066,0.591556362727417
frequency_rank,0.5071693625098129,0.6748812170069666,0.8749064350557868,0.7138589444555948,0.7831371298818479,,0.8828386316499403,0.842028677529244
speech_acts_rank,0.44950045460543725,0.5739747240883301,0.7812882165352962,0.6250888868894483,0.6932779106992066,0.8828386316499403,,0.9494399092719692
words_rank,0.3675774783272838,0.513034465689849,0.758133449301362,0.5340224014068009,0.591556362727417,0.842028677529244,0.9494399092719692,
