rank_name,degree_rank,closeness_rank,betweenness_rank,strength_rank,eigenvector_centrality_rank,frequency_rank,speech_acts_rank,words_rank
degree_rank,,1.0,0.8970801600218473,0.9343095638770599,0.9329325409269801,0.8775476437216888,0.8837391837261382,0.7897566290245592
closeness_rank,1.0,,0.8970801600218473,0.9343095638770599,0.9329325409269801,0.8775476437216888,0.8837391837261382,0.7897566290245592
betweenness_rank,0.8970801600218473,0.8970801600218473,,0.8899435542753245,0.8847850283041911,0.9094890972443984,0.9010480835950184,0.8749084634224666
strength_rank,0.9343095638770599,0.9343095638770599,0.8899435542753245,,0.9955763041315834,0.9547878778445901,0.9447333329922213,0.8518812269415037
eigenvector_centrality_rank,0.9329325409269801,0.9329325409269801,0.8847850283041911,0.9955763041315834,,0.9415374349575631,0.9403976055841533,0.8344373119972064
frequency_rank,0.8775476437216888,0.8775476437216888,0.9094890972443984,0.9547878778445901,0.9415374349575631,,0.9807864009486031,0.9230930832457441
speech_acts_rank,0.8837391837261382,0.8837391837261382,0.9010480835950184,0.9447333329922213,0.9403976055841533,0.9807864009486031,,0.9470588235294117
words_rank,0.7897566290245592,0.7897566290245592,0.8749084634224666,0.8518812269415037,0.8344373119972064,0.9230930832457441,0.9470588235294117,
