segment;change_rate
1;0.0
2;0.3333333333333333
3;0.6666666666666666
4;0.6666666666666666
5;1.0
6;0.3333333333333333
7;0.25
8;0.4
9;0.7142857142857143
10;0.5
11;1.0
12;0.3333333333333333
13;0.3333333333333333
14;0.6666666666666666
15;0.6666666666666666
16;0.3333333333333333
17;0.75
18;1.0
19;0.5
20;0.5
21;0.6
22;0.4444444444444444
