rank_name,degree_rank,closeness_rank,betweenness_rank,strength_rank,eigenvector_centrality_rank,frequency_rank,speech_acts_rank,words_rank
degree_rank,,1.0,0.9622504486493763,0.8770446494182441,0.8710327732246504,0.5695214286468868,0.6633249580710799,0.44891689081578134
closeness_rank,1.0,,0.9622504486493763,0.8770446494182441,0.8710327732246504,0.5695214286468868,0.6633249580710799,0.44891689081578134
betweenness_rank,0.9622504486493763,0.9622504486493763,,0.8381163549234939,0.8703882797784891,0.5222329678670935,0.5918640302493726,0.3829708431025352
strength_rank,0.8770446494182441,0.8770446494182441,0.8381163549234939,,0.9726488698881033,0.875383982899293,0.8814630383360936,0.6200636545536659
eigenvector_centrality_rank,0.8710327732246504,0.8710327732246504,0.8703882797784891,0.9726488698881033,,0.8303030303030303,0.8181818181818182,0.6363636363636364
frequency_rank,0.5695214286468868,0.5695214286468868,0.5222329678670935,0.875383982899293,0.8303030303030303,,0.8909090909090909,0.6484848484848484
speech_acts_rank,0.6633249580710799,0.6633249580710799,0.5918640302493726,0.8814630383360936,0.8181818181818182,0.8909090909090909,,0.8303030303030303
words_rank,0.44891689081578134,0.44891689081578134,0.3829708431025352,0.6200636545536659,0.6363636363636364,0.6484848484848484,0.8303030303030303,
