segment;change_rate
1;0.2857142857142857
2;1.0
3;0.8888888888888888
4;0.5
5;1.0
6;0.3333333333333333
7;0.75
8;0.0
9;0.5
10;0.5
11;0.3333333333333333
12;0.6666666666666666
13;1.0
14;0.6666666666666666
15;1.0
16;0.6666666666666666
17;0.6666666666666666
18;0.75
19;1.0
20;0.8
21;0.8333333333333334
22;0.8823529411764706
23;0.9473684210526315
24;0.8
25;0.5
26;1.0
27;1.0
28;1.0
29;0.0
30;0.75
31;0.6666666666666666
32;0.9090909090909091
