segment;change_rate
1;0.3
2;0.2727272727272727
3;0.6111111111111112
4;0.5263157894736842
