segment;change_rate
1;0.9375
2;0.9
3;1.0
4;0.5714285714285714
5;0.8571428571428571
6;1.0
7;0.5
8;1.0
9;1.0
10;0.8
11;1.0
12;0.8571428571428571
