rank_name,degree_rank,closeness_rank,betweenness_rank,strength_rank,eigenvector_centrality_rank,frequency_rank,speech_acts_rank,words_rank
degree_rank,,0.9883132060771328,0.9082376691147851,0.9778786390929622,0.9451325335708805,0.9110247918555876,0.8143049884897237,0.7997066526388219
closeness_rank,0.9883132060771328,,0.9082376691147851,0.966232605280819,0.9334977465347186,0.9110247918555876,0.8046224083649945,0.7950616962827397
betweenness_rank,0.9082376691147851,0.9082376691147851,,0.8771768606645796,0.8334906647678038,0.8980226936085094,0.7713097722886073,0.7546752543008777
strength_rank,0.9778786390929622,0.966232605280819,0.8771768606645796,,0.9855077063679136,0.9250798809010244,0.8195699319421534,0.8038606444675909
eigenvector_centrality_rank,0.9451325335708805,0.9334977465347186,0.8334906647678038,0.9855077063679136,,0.9280347606903644,0.8168505606844538,0.8038550567004925
frequency_rank,0.9110247918555876,0.9110247918555876,0.8980226936085094,0.9250798809010244,0.9280347606903644,,0.8988704764804716,0.8805626041644559
speech_acts_rank,0.8143049884897237,0.8046224083649945,0.7713097722886073,0.8195699319421534,0.8168505606844538,0.8988704764804716,,0.9913413235302723
words_rank,0.7997066526388219,0.7950616962827397,0.7546752543008777,0.8038606444675909,0.8038550567004925,0.8805626041644559,0.9913413235302723,
