segment;change_rate
1;0.6666666666666666
2;0.75
3;0.3333333333333333
4;0.5
5;1.0
6;0.6666666666666666
7;1.0
8;0.3333333333333333
9;0.3333333333333333
10;1.0
11;1.0
12;0.6666666666666666
13;0.5
14;0.6666666666666666
15;0.5
16;0.3333333333333333
17;0.5
18;1.0
19;1.0
20;0.5
21;1.0
22;0.5
23;0.6666666666666666
24;0.6666666666666666
25;1.0
26;0.8333333333333334
27;1.0
28;0.5
29;1.0
30;0.6666666666666666
31;1.0
32;0.8
33;0.5
34;0.5
35;0.6666666666666666
