rank_name,degree_rank,closeness_rank,betweenness_rank,strength_rank,eigenvector_centrality_rank,frequency_rank,speech_acts_rank,words_rank
degree_rank,,1.0,0.884874061253182,0.9696048632218845,0.9652141771307965,0.884874061253182,0.8024851341589614,0.8415398627889139
closeness_rank,1.0,,0.884874061253182,0.9696048632218845,0.9652141771307965,0.884874061253182,0.8024851341589614,0.8415398627889139
betweenness_rank,0.884874061253182,0.884874061253182,,0.942898589859948,0.9386288384582813,1.0,0.8883974655118805,0.8393495305321506
strength_rank,0.9696048632218845,0.9696048632218845,0.942898589859948,,0.9954716748464955,0.942898589859948,0.829434261798628,0.8355555793201928
eigenvector_centrality_rank,0.9652141771307965,0.9652141771307965,0.9386288384582813,0.9954716748464955,,0.9386288384582813,0.8271687078359196,0.8407076890042522
frequency_rank,0.884874061253182,0.884874061253182,1.0,0.942898589859948,0.9386288384582813,,0.8883974655118805,0.8393495305321506
speech_acts_rank,0.8024851341589614,0.8024851341589614,0.8883974655118805,0.829434261798628,0.8271687078359196,0.8883974655118805,,0.9602065982296355
words_rank,0.8415398627889139,0.8415398627889139,0.8393495305321506,0.8355555793201928,0.8407076890042522,0.8393495305321506,0.9602065982296355,
