segment;change_rate
1;0.5454545454545454
2;0.46153846153846156
3;0.5384615384615384
4;0.5555555555555556
