segment;change_rate
1;0.5
2;0.5
3;0.8
4;0.6
5;1.0
6;0.9
7;1.0
8;0.6666666666666666
9;0.3333333333333333
10;1.0
11;0.25
12;0.5
13;0.3333333333333333
14;0.6666666666666666
15;0.5
16;0.3333333333333333
17;0.3333333333333333
18;0.6666666666666666
19;0.8
20;1.0
21;0.2
22;1.0
23;0.3333333333333333
24;0.3333333333333333
25;0.6
