segment;change_rate
1;0.3333333333333333
2;0.6
3;0.4
4;0.3333333333333333
5;0.5
6;0.6666666666666666
7;1.0
8;0.5
9;0.5555555555555556
10;0.5
11;0.75
12;1.0
13;0.5
14;0.5
15;1.0
16;0.6666666666666666
17;0.25
18;0.75
19;0.6666666666666666
20;1.0
21;0.8
22;0.5
23;0.5
24;0.5
25;0.25
26;0.75
27;0.8571428571428571
28;0.5
