segment;change_rate
1;0.5555555555555556
2;0.5
3;0.2857142857142857
4;0.42857142857142855
5;0.5714285714285714
6;1.0
7;0.6666666666666666
8;0.6666666666666666
9;0.5
10;0.6
11;0.0
12;1.0
13;0.6666666666666666
14;1.0
15;0.3333333333333333
16;0.3333333333333333
17;0.5
18;0.6666666666666666
19;0.75
20;0.6666666666666666
21;0.6666666666666666
22;0.3333333333333333
23;0.3333333333333333
24;0.3333333333333333
