segment;change_rate
1;0.75
2;1.0
3;0.0
4;0.25
5;0.8
6;0.5
7;0.4
8;0.8
9;0.8333333333333334
10;1.0
11;0.6
12;0.6
13;0.8
14;0.75
15;0.7
16;0.8888888888888888
17;0.875
18;1.0
19;0.5
20;0.6
21;0.6
22;0.3333333333333333
23;0.8571428571428571
24;0.6666666666666666
25;1.0
26;0.5
27;0.3333333333333333
28;0.25
29;0.6666666666666666
30;0.8
31;0.8
32;0.75
33;0.5
34;0.5
