name,betweenness,degree,closeness,closeness_corrected,strength,eigenvector_centrality,avg_distance,avg_distance_corrected,frequency,speech_acts,words,lines,chars,degree_rank,closeness_rank,betweenness_rank,strength_rank,eigenvector_centrality_rank,frequency_rank,speech_acts_rank,words_rank,centrality_rank_avg,centrality_rank_std,centrality_rank_avg_rank,centrality_rank_std_rank,avg_graph_rank,avg_content_rank,overall_avg,overall_avg_rank
HANSWURST,0.0,8,1.0,1.0,37,0.3928127121751962,1.0,1.0,20,116,4163,47,23290,1.0,1.0,1.0,1.0,2.0,1.0,1.0,2.0,1.25,0.057863756235784464,1.0,1.0,2.0,1.0,1.5,1.0
HAUSMEISTER,0.0,8,1.0,1.0,35,0.3891200750457494,1.0,1.0,12,56,1276,34,6858,1.0,1.0,1.0,3.0,3.0,3.0,5.0,8.0,3.125,0.302057675429237,3.0,5.0,3.0,5.0,4.0,3.0
FRISEUR,0.0,8,1.0,1.0,22,0.23433486370753734,1.0,1.0,9,28,1749,10,10016,1.0,1.0,1.0,8.0,8.0,8.0,9.0,5.0,5.125,0.4503842605407711,8.0,8.0,8.0,8.0,8.0,8.0
HENRIETTE,0.0,8,1.0,1.0,32,0.3672258849670365,1.0,1.0,12,51,1493,28,8691,1.0,1.0,1.0,4.0,4.0,3.0,6.0,7.0,3.375,0.2907617765702461,5.0,4.0,4.0,5.0,4.5,5.0
VALERE,0.0,8,1.0,1.0,29,0.32930600334225446,1.0,1.0,11,94,2571,47,14785,1.0,1.0,1.0,5.0,5.0,5.0,3.0,4.0,3.125,0.23563648607851156,3.0,3.0,5.0,3.0,4.0,3.0
HERR VON HASENKOPF,0.0,8,1.0,1.0,37,0.4011024432659444,1.0,1.0,14,115,4201,40,23800,1.0,1.0,1.0,1.0,1.0,2.0,2.0,1.0,1.25,0.057863756235784464,1.0,1.0,1.0,2.0,1.5,1.0
LISETTE,0.0,8,1.0,1.0,28,0.32918609899279055,1.0,1.0,10,69,1701,36,9455,1.0,1.0,1.0,6.0,6.0,7.0,4.0,6.0,4.0,0.32732683535398854,6.0,6.0,6.0,7.0,6.5,6.0
HEINZENFELD,0.0,8,1.0,1.0,26,0.2997060722735518,1.0,1.0,8,30,906,12,5708,1.0,1.0,1.0,7.0,7.0,9.0,8.0,9.0,5.375,0.4626085779885317,9.0,9.0,7.0,9.0,8.0,8.0
ALCANTOR,0.0,8,1.0,1.0,18,0.19236223655492707,1.0,1.0,11,40,3113,7,18256,1.0,1.0,1.0,9.0,9.0,5.0,7.0,3.0,4.5,0.43813729094233206,7.0,7.0,9.0,4.0,6.5,6.0
