metrics,linear,exponential,powerlaw,quadratic,max_val,max_type
degree,0.0999799680066,0.0999799680066,0.0999891834049,0.00336700336701,0.09998918340488583,powerlaw
closeness,0.0999799680066,0.0999799680066,0.099985567941,0.003367003367,0.09998556794097246,powerlaw
betweenness,0.0030303030303,0.0030303030303,0.00303060446045,0.003367003367,0.0033670033670032407,quadratic
strength,0.0999799680066,0.0999799680066,0.0999891834049,0.00336700336701,0.09998918340488583,powerlaw
eigenvector_centrality,0.0999799680066,0.0999799680066,0.099983545121,0.003367003367,0.09998354512098395,powerlaw
frequency,0.0999799680066,0.0999799680066,0.099985567941,0.003367003367,0.09998556794097246,powerlaw
speech_acts,0.281699830176,0.281699830176,0.365956627113,0.181900777239,0.365956627113043,powerlaw
words,0.154096286529,0.183045558124,0.266148307179,0.304275779577,0.3042757795774854,quadratic
