segment;change_rate
1;0.75
2;0.75
3;0.75
4;0.4
5;0.8333333333333334
6;0.6666666666666666
7;0.3333333333333333
8;0.5
9;0.3333333333333333
10;1.0
11;1.0
12;0.3333333333333333
13;0.3333333333333333
14;0.5
15;0.2
16;1.0
17;0.6666666666666666
18;0.6666666666666666
19;1.0
20;1.0
21;1.0
22;1.0
23;0.375
24;1.0
25;0.9
26;0.9
