rank_name,degree_rank,closeness_rank,betweenness_rank,strength_rank,eigenvector_centrality_rank,frequency_rank,speech_acts_rank,words_rank
degree_rank,,0.6384796945448401,0.6932820562741561,0.9451460463155346,0.6139511663929914,0.48166062507808954,0.3780431561116892,0.33242817607391356
closeness_rank,0.6384796945448401,,0.7350990397666537,0.6967066642819675,0.8833621573517941,0.6068173698740766,0.3776585715318249,0.3957799974446421
betweenness_rank,0.6932820562741561,0.7350990397666537,,0.8164100446887109,0.7099789546816285,0.8761665903236616,0.5646317340813434,0.5642918410793981
strength_rank,0.9451460463155346,0.6967066642819675,0.8164100446887109,,0.7433208767297789,0.6891192417936932,0.5141430471922029,0.46783744738320987
eigenvector_centrality_rank,0.6139511663929914,0.8833621573517941,0.7099789546816285,0.7433208767297789,,0.6551911617013798,0.46015507498289254,0.4373766116382982
frequency_rank,0.48166062507808954,0.6068173698740766,0.8761665903236616,0.6891192417936932,0.6551911617013798,,0.7170432318054487,0.6897610721733761
speech_acts_rank,0.3780431561116892,0.3776585715318249,0.5646317340813434,0.5141430471922029,0.46015507498289254,0.7170432318054487,,0.9432763215344258
words_rank,0.33242817607391356,0.3957799974446421,0.5642918410793981,0.46783744738320987,0.4373766116382982,0.6897610721733761,0.9432763215344258,
