segment;change_rate
1;0.5
2;0.25
3;0.4
4;0.6
5;0.6
6;0.75
7;0.8333333333333334
8;0.5
9;0.5
10;0.6
11;0.42857142857142855
12;0.25
13;0.125
14;0.2222222222222222
15;0.8888888888888888
16;0.7777777777777778
17;0.0
18;0.6666666666666666
19;0.5
20;0.75
21;0.6666666666666666
22;0.75
23;0.75
24;0.4
25;0.2857142857142857
26;0.375
27;0.25
28;0.3333333333333333
29;0.3333333333333333
30;0.46153846153846156
31;0.16666666666666666
32;0.38461538461538464
