segment;change_rate
1;0.5789473684210527
2;0.6875
3;0.8181818181818182
4;0.45454545454545453
