rank_name,degree_rank,closeness_rank,betweenness_rank,strength_rank,eigenvector_centrality_rank,frequency_rank,speech_acts_rank,words_rank
degree_rank,,1.0,0.8777472595071586,0.9536746412526173,0.8519979545631315,0.9722527186796163,0.8766935474490194,0.5433030434895332
closeness_rank,1.0,,0.8777472595071586,0.9536746412526173,0.8519979545631315,0.9722527186796163,0.8766935474490194,0.5433030434895332
betweenness_rank,0.8777472595071586,0.8777472595071586,,0.7469705074662522,0.6277666039945969,0.8087036072568515,0.8000946913656627,0.406201920231798
strength_rank,0.9536746412526173,0.9536746412526173,0.7469705074662522,,0.9422535927041,0.9786585365853658,0.8693049274624923,0.6200636545536659
eigenvector_centrality_rank,0.8519979545631315,0.8519979545631315,0.6277666039945969,0.9422535927041,,0.875383982899293,0.7818181818181819,0.7090909090909091
frequency_rank,0.9722527186796163,0.9722527186796163,0.8087036072568515,0.9786585365853658,0.875383982899293,,0.9300954818304987,0.6079055436800646
speech_acts_rank,0.8766935474490194,0.8766935474490194,0.8000946913656627,0.8693049274624923,0.7818181818181819,0.9300954818304987,,0.7212121212121212
words_rank,0.5433030434895332,0.5433030434895332,0.406201920231798,0.6200636545536659,0.7090909090909091,0.6079055436800646,0.7212121212121212,
