segment;change_rate
1;0.375
2;0.5714285714285714
3;0.8461538461538461
