rank_name,degree_rank,closeness_rank,betweenness_rank,strength_rank,eigenvector_centrality_rank,frequency_rank,speech_acts_rank,words_rank
degree_rank,,,,,,,,
closeness_rank,,,,,,,,
betweenness_rank,,,,,,,,
strength_rank,,,,,0.9910312089651149,0.3426513512916942,0.4865062298556018,0.28829998806257884
eigenvector_centrality_rank,,,,0.9910312089651149,,0.4405338589286114,0.5714285714285714,0.35714285714285715
frequency_rank,,,,0.3426513512916942,0.4405338589286114,,0.8994232953125816,0.6057340560268407
speech_acts_rank,,,,0.4865062298556018,0.5714285714285714,0.8994232953125816,,0.8571428571428571
words_rank,,,,0.28829998806257884,0.35714285714285715,0.6057340560268407,0.8571428571428571,
