rank_name,degree_rank,closeness_rank,betweenness_rank,strength_rank,eigenvector_centrality_rank,frequency_rank,speech_acts_rank,words_rank
degree_rank,,1.0,0.8617580016162727,0.9353513562906558,0.872741521684762,0.7658486195560009,0.735076936419011,0.6677180486316879
closeness_rank,1.0,,0.8617580016162727,0.9353513562906558,0.872741521684762,0.7658486195560009,0.735076936419011,0.6677180486316879
betweenness_rank,0.8617580016162727,0.8617580016162727,,0.8641120681824969,0.7762274938375159,0.8405676281540606,0.7968993312233352,0.716942531324023
strength_rank,0.9353513562906558,0.9353513562906558,0.8641120681824969,,0.9766782813456419,0.9215993263084402,0.8958068312979136,0.8352403360642062
eigenvector_centrality_rank,0.872741521684762,0.872741521684762,0.7762274938375159,0.9766782813456419,,0.9354491481037884,0.9204545454545454,0.8497677952253673
frequency_rank,0.7658486195560009,0.7658486195560009,0.8405676281540606,0.9215993263084402,0.9354491481037884,,0.9750338559300066,0.9037313800755243
speech_acts_rank,0.735076936419011,0.735076936419011,0.7968993312233352,0.8958068312979136,0.9204545454545454,0.9750338559300066,,0.9282396693895567
words_rank,0.6677180486316879,0.6677180486316879,0.716942531324023,0.8352403360642062,0.8497677952253673,0.9037313800755243,0.9282396693895567,
