segment;change_rate
1;0.75
2;1.0
3;0.8333333333333334
4;0.6666666666666666
5;0.6666666666666666
6;1.0
7;0.8
8;0.2
9;0.5
10;0.6
11;0.8
12;0.5
13;1.0
14;0.3333333333333333
15;1.0
16;0.5
17;0.75
18;1.0
19;0.5
20;0.75
21;0.6666666666666666
22;0.6666666666666666
23;0.6666666666666666
24;0.6666666666666666
25;1.0
26;0.5
27;0.3333333333333333
28;0.25
29;0.4
30;0.4
31;0.6
32;0.75
33;0.6666666666666666
34;0.625
35;0.75
