segment;change_rate
1;0.3333333333333333
2;0.6666666666666666
3;1.0
4;0.8333333333333334
5;1.0
6;0.5
7;1.0
8;0.5
9;0.6666666666666666
10;0.8571428571428571
11;0.5714285714285714
12;1.0
13;0.6666666666666666
14;1.0
15;0.5
16;0.5
17;0.8333333333333334
18;0.8
19;0.75
20;0.6666666666666666
21;0.75
22;0.8333333333333334
23;1.0
24;0.875
25;1.0
26;0.3333333333333333
27;0.5
28;0.4
29;0.7142857142857143
