rank_name,degree_rank,closeness_rank,betweenness_rank,strength_rank,eigenvector_centrality_rank,frequency_rank,speech_acts_rank,words_rank
degree_rank,,1.0,0.7484276729559748,1.0,0.9020334064860555,0.7496068151761233,0.37253749618855003,0.30119537476966785
closeness_rank,1.0,,0.7484276729559748,1.0,0.9020334064860555,0.7496068151761233,0.37253749618855003,0.30119537476966785
betweenness_rank,0.7484276729559748,0.7484276729559748,,0.7484276729559748,0.7406087132166665,0.9994757535681643,0.7111378291632363,0.6439349391627381
strength_rank,1.0,1.0,0.7484276729559748,,0.9020334064860555,0.7496068151761233,0.37253749618855003,0.30119537476966785
eigenvector_centrality_rank,0.9020334064860555,0.9020334064860555,0.7406087132166665,0.9020334064860555,,0.7417755367240262,0.37751820901619243,0.3123230965828199
frequency_rank,0.7496068151761233,0.7496068151761233,0.9994757535681643,0.7496068151761233,0.7417755367240262,,0.7134400954975081,0.6450424372037026
speech_acts_rank,0.37253749618855003,0.37253749618855003,0.7111378291632363,0.37253749618855003,0.37751820901619243,0.7134400954975081,,0.9051826709421514
words_rank,0.30119537476966785,0.30119537476966785,0.6439349391627381,0.30119537476966785,0.3123230965828199,0.6450424372037026,0.9051826709421514,
