segment;change_rate
1;0.7777777777777778
2;0.7272727272727273
3;0.9230769230769231
4;0.9166666666666666
