metrics,linear,exponential,powerlaw,quadratic,max_val,max_type
degree,0.0999799680066,0.0999799680066,0.0999891834049,0.00336700336701,0.09998918340488583,powerlaw
closeness,0.0999799680066,0.0999799680066,0.099985567941,0.003367003367,0.09998556794097246,powerlaw
betweenness,0.0030303030303,0.0030303030303,0.00303060446045,0.003367003367,0.0033670033670032407,quadratic
strength,0.0999799680066,0.0999799680066,0.0999891834049,0.00336700336701,0.09998918340488583,powerlaw
eigenvector_centrality,0.0999799680066,0.0999799680066,0.099983545121,0.003367003367,0.09998354512098395,powerlaw
frequency,0.0999799680066,0.0999799680066,0.099985567941,0.003367003367,0.09998556794097246,powerlaw
speech_acts,0.173478745796,0.173478745796,0.182783650176,1.21146008558e-07,0.1827836501759582,powerlaw
words,0.1897250823,0.229077875084,0.274099893665,0.467822891095,0.46782289109471853,quadratic
