rank_name,degree_rank,closeness_rank,betweenness_rank,strength_rank,eigenvector_centrality_rank,frequency_rank,speech_acts_rank,words_rank
degree_rank,,1.0,0.816496580927726,0.9486832980505138,0.9486832980505138,0.5,0.6324555320336759,0.6324555320336759
closeness_rank,1.0,,0.816496580927726,0.9486832980505138,0.9486832980505138,0.5,0.6324555320336759,0.6324555320336759
betweenness_rank,0.816496580927726,0.816496580927726,,0.7745966692414834,0.7745966692414834,0.5443310539518174,0.7745966692414834,0.7745966692414834
strength_rank,0.9486832980505138,0.9486832980505138,0.7745966692414834,,1.0,0.7378647873726218,0.8,0.8
eigenvector_centrality_rank,0.9486832980505138,0.9486832980505138,0.7745966692414834,1.0,,0.7378647873726218,0.8,0.8
frequency_rank,0.5,0.5,0.5443310539518174,0.7378647873726218,0.7378647873726218,,0.9486832980505138,0.9486832980505138
speech_acts_rank,0.6324555320336759,0.6324555320336759,0.7745966692414834,0.8,0.8,0.9486832980505138,,1.0
words_rank,0.6324555320336759,0.6324555320336759,0.7745966692414834,0.8,0.8,0.9486832980505138,1.0,
