segment;change_rate
1;0.5
2;1.0
3;0.5
4;0.5
5;0.5
6;0.6666666666666666
7;0.3333333333333333
8;0.6666666666666666
9;0.5
10;1.0
11;0.5
12;0.5
13;0.5
