metrics,linear,exponential,powerlaw,quadratic,max_val,max_type
degree,0.234131986672,0.251561406086,0.26435399891,0.00346143567547,0.26435399891013245,powerlaw
closeness,0.242049397836,0.260876068593,0.26654052972,0.0311688311688,0.26654052971985676,powerlaw
betweenness,0.0363128359519,0.0662266251783,0.0629824852322,0.491262434115,0.4912624341154539,quadratic
strength,0.357436294794,0.357436294794,0.368495542801,4.54297531816e-08,0.36849554280082786,powerlaw
eigenvector_centrality,0.271290019503,0.264566843053,0.264398937504,0.553170280512,0.55317028051167,quadratic
frequency,0.250373408035,0.235939829386,0.24905650002,0.654673151249,0.6546731512490653,quadratic
speech_acts,0.315066752213,0.315066752213,0.362221491984,4.54297531816e-08,0.36222149198403053,powerlaw
words,0.255350994305,0.255350994305,0.363211043791,0.0202516198559,0.36321104379066704,powerlaw
