rank_name,degree_rank,closeness_rank,betweenness_rank,strength_rank,eigenvector_centrality_rank,frequency_rank,speech_acts_rank,words_rank
degree_rank,,0.9985905560296219,0.8004236166566394,0.8415354188041826,0.7577336622942539,0.627183817423558,0.5091056598983152,0.5487997480587059
closeness_rank,0.9985905560296219,,0.7992954644163944,0.8403493217822893,0.7594475382673128,0.6262998369737717,0.5125666363572945,0.553589963791924
betweenness_rank,0.8004236166566394,0.7992954644163944,,0.7159779000517508,0.6922493652387623,0.7148467553030508,0.6273323266748675,0.7079111155835307
strength_rank,0.8415354188041826,0.8403493217822893,0.7159779000517508,,0.9709775760763663,0.8937689852628722,0.7797903606685702,0.7801016423177644
eigenvector_centrality_rank,0.7577336622942539,0.7594475382673128,0.6922493652387623,0.9709775760763663,,0.9242407281574889,0.8445675114969198,0.8351648351648352
frequency_rank,0.627183817423558,0.6262998369737717,0.7148467553030508,0.8937689852628722,0.9242407281574889,,0.9621948256285113,0.9608722204320236
speech_acts_rank,0.5091056598983152,0.5125666363572945,0.6273323266748675,0.7797903606685702,0.8445675114969198,0.9621948256285113,,0.9876212919459094
words_rank,0.5487997480587059,0.553589963791924,0.7079111155835307,0.7801016423177644,0.8351648351648352,0.9608722204320236,0.9876212919459094,
