segment;change_rate
1;0.4
2;0.3333333333333333
3;0.3333333333333333
4;0.5
