rank_name,degree_rank,closeness_rank,betweenness_rank,strength_rank,eigenvector_centrality_rank,frequency_rank,speech_acts_rank,words_rank
degree_rank,,1.0,0.9660917830792959,0.6633249580710799,0.6633249580710799,0.558156305651438,0.4780914437337575,0.4183300132670378
closeness_rank,1.0,,0.9660917830792959,0.6633249580710799,0.6633249580710799,0.558156305651438,0.4780914437337575,0.4183300132670378
betweenness_rank,0.9660917830792959,0.9660917830792959,,0.5825752650035353,0.5825752650035353,0.4493585171364585,0.43301270189221935,0.43301270189221935
strength_rank,0.6633249580710799,0.6633249580710799,0.5825752650035353,,1.0,0.9723448696087954,0.8648999641877366,0.8108437164260031
eigenvector_centrality_rank,0.6633249580710799,0.6633249580710799,0.5825752650035353,1.0,,0.9723448696087954,0.8648999641877366,0.8108437164260031
frequency_rank,0.558156305651438,0.558156305651438,0.4493585171364585,0.9723448696087954,0.9723448696087954,,0.7783117824941562,0.7041868508280461
speech_acts_rank,0.4780914437337575,0.4780914437337575,0.43301270189221935,0.8648999641877366,0.8648999641877366,0.7783117824941562,,0.9285714285714286
words_rank,0.4183300132670378,0.4183300132670378,0.43301270189221935,0.8108437164260031,0.8108437164260031,0.7041868508280461,0.9285714285714286,
