segment;change_rate
1;0.5
2;0.5
3;0.6666666666666666
4;0.75
5;0.5
6;0.2
7;0.2857142857142857
8;0.5714285714285714
9;0.3333333333333333
10;0.5
11;0.6
12;0.5
13;0.75
