segment;change_rate
1;0.3333333333333333
2;0.3333333333333333
3;1.0
4;0.3333333333333333
5;0.5
6;1.0
7;1.0
8;0.6666666666666666
9;0.3333333333333333
10;0.3333333333333333
11;0.3333333333333333
12;0.3333333333333333
13;0.6666666666666666
14;0.75
15;0.25
16;0.8
17;0.6666666666666666
18;0.3333333333333333
19;0.3333333333333333
20;0.5
21;0.5
22;1.0
23;0.3333333333333333
24;0.3333333333333333
25;1.0
26;0.6
27;0.2857142857142857
28;0.5
