metrics,linear,exponential,powerlaw,quadratic,max_val,max_type
degree,0.388416809738,0.49333092799,0.459448387759,0.218071625894,0.493330927990288,exponential
closeness,0.348237451326,0.447031434583,0.444908151574,0.106451187812,0.44703143458300654,exponential
betweenness,0.10883424937,0.193776415179,0.193837408643,0.286823230657,0.28682323065713156,quadratic
strength,0.264524315428,0.400786530475,0.463872815907,0.136822437659,0.46387281590683593,powerlaw
eigenvector_centrality,0.26976907609,0.407270324442,0.411603329671,0.136708899393,0.4116033296705993,powerlaw
frequency,0.184012898282,0.298392314732,0.317357492863,0.359924637003,0.3599246370029223,quadratic
speech_acts,0.104433827427,0.301643094769,0.495616881094,0.272893438187,0.49561688109359014,powerlaw
words,0.129422369195,0.406815247268,0.639567800342,0.323389477165,0.6395678003416946,powerlaw
