rank_name,degree_rank,closeness_rank,betweenness_rank,strength_rank,eigenvector_centrality_rank,frequency_rank,speech_acts_rank,words_rank
degree_rank,,1.0,0.9358635916537917,0.9984516119744401,0.9984516119744401,0.9331047605486491,0.5627984180737053,0.5409860836891602
closeness_rank,1.0,,0.9358635916537917,0.9984516119744401,0.9984516119744401,0.9331047605486491,0.5627984180737053,0.5409860836891602
betweenness_rank,0.9358635916537917,0.9358635916537917,,0.9344145116749175,0.9344145116749175,0.9970521012573346,0.7421021876443905,0.7154111102539816
strength_rank,0.9984516119744401,0.9984516119744401,0.9344145116749175,,1.0,0.9357933150096285,0.5604096331399914,0.5376220081041656
eigenvector_centrality_rank,0.9984516119744401,0.9984516119744401,0.9344145116749175,1.0,,0.9357933150096285,0.5604096331399914,0.5376220081041656
frequency_rank,0.9331047605486491,0.9331047605486491,0.9970521012573346,0.9357933150096285,0.9357933150096285,,0.7366848675702381,0.7084175429953025
speech_acts_rank,0.5627984180737053,0.5627984180737053,0.7421021876443905,0.5604096331399914,0.5604096331399914,0.7366848675702381,,0.9871164411852709
words_rank,0.5409860836891602,0.5409860836891602,0.7154111102539816,0.5376220081041656,0.5376220081041656,0.7084175429953025,0.9871164411852709,
