segment;change_rate
1;0.3333333333333333
2;0.25
3;0.2
4;0.6
5;0.5
6;0.5
7;0.3333333333333333
8;0.3333333333333333
9;1.0
10;0.5
11;0.5
12;0.5
13;0.5
14;1.0
15;0.5
16;0.5
17;0.5
18;0.5
19;1.0
20;0.6666666666666666
21;0.5
22;0.75
23;0.8
