rank_name,degree_rank,closeness_rank,betweenness_rank,strength_rank,eigenvector_centrality_rank,frequency_rank,speech_acts_rank,words_rank
degree_rank,,0.9864262682938575,0.32387835657805353,0.827561911096342,0.9177010764873982,0.32992220826114055,0.05947644269857862,0.0190808584354131
closeness_rank,0.9864262682938575,,0.4116378309772051,0.8600919388162437,0.8624714104402289,0.41514747269591906,0.1246198447747586,0.07868670323603419
betweenness_rank,0.32387835657805353,0.4116378309772051,,0.7661261980249437,0.09066518015548833,0.967904189776128,0.6451399233502613,0.5931224332330632
strength_rank,0.827561911096342,0.8600919388162437,0.7661261980249437,,0.6567882289534261,0.717141318041188,0.36572276521598013,0.28475583251879133
eigenvector_centrality_rank,0.9177010764873982,0.8624714104402289,0.09066518015548833,0.6567882289534261,,0.10188167212885674,-0.05707272973160508,-0.09015786998102983
frequency_rank,0.32992220826114055,0.41514747269591906,0.967904189776128,0.717141318041188,0.10188167212885674,,0.6365779128761679,0.6004019517677502
speech_acts_rank,0.05947644269857862,0.1246198447747586,0.6451399233502613,0.36572276521598013,-0.05707272973160508,0.6365779128761679,,0.7796779132951567
words_rank,0.0190808584354131,0.07868670323603419,0.5931224332330632,0.28475583251879133,-0.09015786998102983,0.6004019517677502,0.7796779132951567,
