segment;change_rate
1;1.0
2;0.5
3;0.3333333333333333
4;0.8666666666666667
5;1.0
6;1.0
7;0.75
8;0.6666666666666666
9;1.0
10;1.0
