segment;change_rate
1;0.7333333333333333
2;0.8979591836734694
3;0.8604651162790697
