segment;change_rate
1;0.4
2;0.6
3;0.3333333333333333
4;0.3333333333333333
5;1.0
6;1.0
7;0.5
8;0.5
9;0.6
10;0.5
11;0.7272727272727273
12;0.8
13;0.5
14;0.8
15;0.3333333333333333
16;0.3333333333333333
17;0.3333333333333333
18;0.3333333333333333
19;1.0
20;0.8333333333333334
21;0.6666666666666666
22;0.3333333333333333
23;1.0
24;1.0
25;0.125
26;0.7777777777777778
27;0.5
28;0.75
