rank_name,degree_rank,closeness_rank,betweenness_rank,strength_rank,eigenvector_centrality_rank,frequency_rank,speech_acts_rank,words_rank
degree_rank,,0.9721350851754068,0.9603964433839887,0.9399054736501982,0.854615147765113,0.930457044828605,0.8915714784792801,0.8730933131221965
closeness_rank,0.9721350851754068,,0.8822194427956285,0.9403768662340412,0.878739242354422,0.9356346561920791,0.855855407918109,0.819241272820008
betweenness_rank,0.9603964433839887,0.8822194427956285,,0.8459971305713095,0.7339758434175737,0.8341102392774076,0.8257228238447705,0.8348975218874901
strength_rank,0.9399054736501982,0.9403768662340412,0.8459971305713095,,0.961278120390013,0.9885609406820867,0.9430548384868848,0.8656058903985899
eigenvector_centrality_rank,0.854615147765113,0.878739242354422,0.7339758434175737,0.961278120390013,,0.9771791370512575,0.9454545454545454,0.8545454545454545
frequency_rank,0.930457044828605,0.9356346561920791,0.8341102392774076,0.9885609406820867,0.9771791370512575,,0.968046621751713,0.8812877264060406
speech_acts_rank,0.8915714784792801,0.855855407918109,0.8257228238447705,0.9430548384868848,0.9454545454545454,0.968046621751713,,0.9272727272727272
words_rank,0.8730933131221965,0.819241272820008,0.8348975218874901,0.8656058903985899,0.8545454545454545,0.8812877264060406,0.9272727272727272,
