rank_name,degree_rank,closeness_rank,betweenness_rank,strength_rank,eigenvector_centrality_rank,frequency_rank,speech_acts_rank,words_rank
degree_rank,,0.9323943661971831,0.963280679572446,0.9565302062182766,0.924848496035988,0.9551970624258689,0.8940453980424019,0.801175424985297
closeness_rank,0.9323943661971831,,0.9576309395163026,0.9200642452774038,0.947134001964566,0.9271854183664592,0.8689395990334109,0.840121452588749
betweenness_rank,0.963280679572446,0.9576309395163026,,0.9282929963461846,0.9414326057355986,0.9312128403309176,0.857410585367117,0.806231566674751
strength_rank,0.9565302062182766,0.9200642452774038,0.9282929963461846,,0.9764451163157655,0.998606271099709,0.9375144679274992,0.8809168452839298
eigenvector_centrality_rank,0.924848496035988,0.947134001964566,0.9414326057355986,0.9764451163157655,,0.9806244677679355,0.8951732653257466,0.866575785412149
frequency_rank,0.9551970624258689,0.9271854183664592,0.9312128403309176,0.998606271099709,0.9806244677679355,,0.9403687505943038,0.8879880396595827
speech_acts_rank,0.8940453980424019,0.8689395990334109,0.857410585367117,0.9375144679274992,0.8951732653257466,0.9403687505943038,,0.9641909864718401
words_rank,0.801175424985297,0.840121452588749,0.806231566674751,0.8809168452839298,0.866575785412149,0.8879880396595827,0.9641909864718401,
