segment;change_rate
1;1.0
2;1.0
3;0.6666666666666666
4;0.6
5;1.0
6;1.0
7;1.0
8;0.8461538461538461
9;0.8
10;0.6
11;0.75
12;0.9375
13;0.85
14;0.8888888888888888
