metrics,linear,exponential,powerlaw,quadratic,max_val,max_type
degree,0.405387204401,0.547218454345,0.735894202711,0.292677299585,0.7358942027111938,powerlaw
closeness,0.417453972302,0.632999538602,0.656524623919,0.69457123325,0.6945712332500356,quadratic
betweenness,0.0052376582633,0.0740250926318,0.079771754438,0.533507488247,0.5335074882471307,quadratic
strength,0.0789370810358,0.265421162506,0.455832463999,0.536231161921,0.5362311619211589,quadratic
eigenvector_centrality,0.0304975129739,0.157949369159,0.171069672219,0.513860509641,0.5138605096413895,quadratic
frequency,0.0138139441534,0.124040102241,0.26357187332,0.623962542737,0.6239625427370428,quadratic
speech_acts,0.0112220429088,0.105204096539,0.304097468462,0.608933452813,0.6089334528133589,quadratic
words,0.0085656008565,0.0855041750569,0.353848806607,0.63654337564,0.6365433756403034,quadratic
