segment;change_rate
1;0.6666666666666666
2;0.9090909090909091
3;0.9
4;0.8888888888888888
5;0.8571428571428571
6;0.9090909090909091
7;0.5
