rank_name,degree_rank,closeness_rank,betweenness_rank,strength_rank,eigenvector_centrality_rank,frequency_rank,speech_acts_rank,words_rank
degree_rank,,1.0,0.9610747802239762,0.9447222124439474,0.9071706686560679,0.8751206147118318,0.8607546419924392,0.7947150766247145
closeness_rank,1.0,,0.9610747802239762,0.9447222124439474,0.9071706686560679,0.8751206147118318,0.8607546419924392,0.7947150766247145
betweenness_rank,0.9610747802239762,0.9610747802239762,,0.9106282146110551,0.8736720075707352,0.8956903232310899,0.841541242375519,0.7739513903868743
strength_rank,0.9447222124439474,0.9447222124439474,0.9106282146110551,,0.9898723989157071,0.9477506378369602,0.8811868400683481,0.8192624811750822
eigenvector_centrality_rank,0.9071706686560679,0.9071706686560679,0.8736720075707352,0.9898723989157071,,0.9585206176543449,0.8503351867143879,0.8114292769343479
frequency_rank,0.8751206147118318,0.8751206147118318,0.8956903232310899,0.9477506378369602,0.9585206176543449,,0.8353540072537422,0.8196126022242395
speech_acts_rank,0.8607546419924392,0.8607546419924392,0.841541242375519,0.8811868400683481,0.8503351867143879,0.8353540072537422,,0.8791972587080334
words_rank,0.7947150766247145,0.7947150766247145,0.7739513903868743,0.8192624811750822,0.8114292769343479,0.8196126022242395,0.8791972587080334,
