segment;change_rate
1;0.6
2;0.75
3;0.5
4;0.6666666666666666
5;0.25
6;0.5
7;0.8333333333333334
8;0.3333333333333333
9;0.3333333333333333
10;0.5
11;0.5
12;0.5
13;0.6666666666666666
14;0.25
15;0.42857142857142855
16;0.9
17;1.0
18;0.6
19;0.5714285714285714
20;0.75
21;0.5
22;0.875
23;0.75
24;0.8181818181818182
25;0.6
26;0.8181818181818182
27;0.75
28;0.5
29;0.5
30;0.5
31;1.0
32;0.5
33;0.6666666666666666
34;0.5
35;0.875
36;0.875
