segment;change_rate
1;0.6666666666666666
2;0.6666666666666666
3;0.25
4;0.8333333333333334
5;1.0
6;0.5
7;1.0
8;1.0
9;0.5
10;0.3333333333333333
11;1.0
12;0.6666666666666666
13;0.25
14;0.2
15;0.6
16;0.3333333333333333
17;1.0
18;0.7142857142857143
