segment;change_rate
1;0.3333333333333333
2;0.5
3;0.75
4;1.0
5;0.75
6;0.6666666666666666
7;1.0
8;0.5
9;0.8
10;1.0
11;0.25
12;0.2
13;0.2
14;0.8333333333333334
15;0.75
16;0.6666666666666666
17;1.0
18;0.6666666666666666
19;1.0
20;0.6666666666666666
21;0.6666666666666666
22;1.0
23;0.75
24;0.8571428571428571
25;1.0
26;0.3333333333333333
27;0.3333333333333333
28;0.0
29;0.3333333333333333
30;0.3333333333333333
31;0.8
