rank_name,degree_rank,closeness_rank,betweenness_rank,strength_rank,eigenvector_centrality_rank,frequency_rank,speech_acts_rank,words_rank
degree_rank,,1.0,0.931115561014766,0.9860523155365891,0.9846894229494436,0.9242967109537745,0.8300416510575052,0.605127486791159
closeness_rank,1.0,,0.931115561014766,0.9860523155365891,0.9846894229494436,0.9242967109537745,0.8300416510575052,0.605127486791159
betweenness_rank,0.931115561014766,0.931115561014766,,0.9473684210526315,0.946058996209746,0.9361608999332847,0.7666315112939531,0.5277797915319306
strength_rank,0.9860523155365891,0.9860523155365891,0.9473684210526315,,0.9986178293325098,0.9604361889944557,0.8547786162362538,0.6298366572977736
eigenvector_centrality_rank,0.9846894229494436,0.9846894229494436,0.946058996209746,0.9986178293325098,,0.9591087022660314,0.8535971663056942,0.6289661155447465
frequency_rank,0.9242967109537745,0.9242967109537745,0.9361608999332847,0.9604361889944557,0.9591087022660314,,0.9045323333758745,0.6845442514821054
speech_acts_rank,0.8300416510575052,0.8300416510575052,0.7666315112939531,0.8547786162362538,0.8535971663056942,0.9045323333758745,,0.8050639016698811
words_rank,0.605127486791159,0.605127486791159,0.5277797915319306,0.6298366572977736,0.6289661155447465,0.6845442514821054,0.8050639016698811,
