rank_name,degree_rank,closeness_rank,betweenness_rank,strength_rank,eigenvector_centrality_rank,frequency_rank,speech_acts_rank,words_rank
degree_rank,,1.0,0.9759000729485332,0.8792076745395966,0.8792076745395966,0.878836061495962,0.5340273262532407,0.13870839642941316
closeness_rank,1.0,,0.9759000729485332,0.8792076745395966,0.8792076745395966,0.878836061495962,0.5340273262532407,0.13870839642941316
betweenness_rank,0.9759000729485332,0.9759000729485332,,0.8580188337201025,0.8580188337201025,0.8714893406611901,0.49746833816309105,0.1421338109037403
strength_rank,0.8792076745395966,0.8792076745395966,0.8580188337201025,,1.0,0.9845431191035938,0.5975720846527222,0.2195162759948775
eigenvector_centrality_rank,0.8792076745395966,0.8792076745395966,0.8580188337201025,1.0,,0.9845431191035938,0.5975720846527222,0.2195162759948775
frequency_rank,0.878836061495962,0.878836061495962,0.8714893406611901,0.9845431191035938,0.9845431191035938,,0.5759866703482576,0.253929607357834
speech_acts_rank,0.5340273262532407,0.5340273262532407,0.49746833816309105,0.5975720846527222,0.5975720846527222,0.5759866703482576,,0.8424242424242424
words_rank,0.13870839642941316,0.13870839642941316,0.1421338109037403,0.2195162759948775,0.2195162759948775,0.253929607357834,0.8424242424242424,
