rank_name,degree_rank,closeness_rank,betweenness_rank,strength_rank,eigenvector_centrality_rank,frequency_rank,speech_acts_rank,words_rank
degree_rank,,1.0,0.9402664729314083,1.0,1.0,0.9402664729314083,0.6828363629091769,0.7169834698901775
closeness_rank,1.0,,0.9402664729314083,1.0,1.0,0.9402664729314083,0.6828363629091769,0.7169834698901775
betweenness_rank,0.9402664729314083,0.9402664729314083,,0.9402664729314083,0.9402664729314083,1.0,0.7407401095520812,0.7612152268273965
strength_rank,1.0,1.0,0.9402664729314083,,1.0,0.9402664729314083,0.6828363629091769,0.7169834698901775
eigenvector_centrality_rank,1.0,1.0,0.9402664729314083,1.0,,0.9402664729314083,0.6828363629091769,0.7169834698901775
frequency_rank,0.9402664729314083,0.9402664729314083,1.0,0.9402664729314083,0.9402664729314083,,0.7407401095520812,0.7612152268273965
speech_acts_rank,0.6828363629091769,0.6828363629091769,0.7407401095520812,0.6828363629091769,0.6828363629091769,0.7407401095520812,,0.9280941550199513
words_rank,0.7169834698901775,0.7169834698901775,0.7612152268273965,0.7169834698901775,0.7169834698901775,0.7612152268273965,0.9280941550199513,
