rank_name,degree_rank,closeness_rank,betweenness_rank,strength_rank,eigenvector_centrality_rank,frequency_rank,speech_acts_rank,words_rank
degree_rank,,0.9701403849575709,0.9394665417935754,0.9734111583888776,0.9749455377641211,0.8739921286729924,0.7128458424465638,0.6198578854668284
closeness_rank,0.9701403849575709,,0.8791651330531395,0.9529610093722726,0.9544987333370245,0.8466895911696497,0.6952706368657918,0.5820570800251708
betweenness_rank,0.9394665417935754,0.8791651330531395,,0.9166476388144323,0.9201521994884388,0.8736456218153317,0.7571971671887285,0.6729913112844712
strength_rank,0.9734111583888776,0.9529610093722726,0.9166476388144323,,0.9981154120281621,0.9208372149683072,0.7956259426847662,0.6920188570765549
eigenvector_centrality_rank,0.9749455377641211,0.9544987333370245,0.9201521994884388,0.9981154120281621,,0.9220129173913624,0.7900490572549198,0.6819725837470964
frequency_rank,0.8739921286729924,0.8466895911696497,0.8736456218153317,0.9208372149683072,0.9220129173913624,,0.9177906071437635,0.8510059369268753
speech_acts_rank,0.7128458424465638,0.6952706368657918,0.7571971671887285,0.7956259426847662,0.7900490572549198,0.9177906071437635,,0.9518083083185694
words_rank,0.6198578854668284,0.5820570800251708,0.6729913112844712,0.6920188570765549,0.6819725837470964,0.8510059369268753,0.9518083083185694,
