segment;change_rate
1;0.7777777777777778
2;0.6
3;0.3333333333333333
4;0.8
5;0.75
6;0.75
7;0.75
8;0.3333333333333333
9;0.75
10;0.3333333333333333
11;0.3333333333333333
12;0.8888888888888888
13;0.7777777777777778
14;0.5
15;0.6
16;0.6
17;0.5
18;0.6666666666666666
19;0.8
20;0.3333333333333333
21;0.6666666666666666
22;0.75
23;1.0
24;0.8
